Date,Adj Close,Close,High,Low,Open,Volume,SMA_20,EMA_20,RSI,MACD,MACD_Signal,MACD_Histogram,BB_Middle,BB_Upper,BB_Lower,Daily_Return,Volatility_20
2021-02-18,15118.9501953125,15118.9501953125,15250.75,15078.0498046875,15238.7001953125,770600,14739.19501953125,14872.66390806548,62.53620491467503,260.952776379987,242.59831168876164,18.35446469122533,14739.19501953125,15755.037324515828,13723.35271454667,-0.005914312869584326,0.015118398497140629
2021-02-19,14981.75,14981.75,15144.0498046875,14898.2001953125,15074.7998046875,712200,14758.7650390625,14883.053059678292,57.02679443160374,237.14647396020337,241.50794414305,-4.361470182846631,14758.7650390625,15777.459909189807,13740.070168935194,-0.009074717063029758,0.0152663135665262
2021-02-22,14675.7001953125,14675.7001953125,15010.099609375,14635.0498046875,14999.0498046875,609900,14773.955029296874,14863.30516783393,47.06582996318446,191.3780591666673,231.48196714777347,-40.103907981106175,14773.955029296874,15778.078227725093,13769.831830868656,-0.020428174591586412,0.015619564701351148
2021-02-23,14707.7998046875,14707.7998046875,14854.5,14651.849609375,14782.25,744100,14797.4,14848.495133248556,48.08998547259035,155.8993205843617,216.36543783509114,-60.46611725072944,14797.4,15771.916978042147,13822.883021957852,0.0021872625461001327,0.015426366651663463
2021-02-24,14982.0,14982.0,15008.7998046875,14504.5,14729.150390625,403800,14848.125,14861.20988246298,55.93319867759771,148.19947749683706,202.73224576744033,-54.53276827060327,14848.125,15747.26896399709,13948.98103600291,0.01864318245786234,0.015050796133444892
2021-02-25,15097.349609375,15097.349609375,15176.5,15065.349609375,15079.849609375,803900,14912.114990234375,14883.699380264125,58.75634304944173,149.67963220750244,192.12172305545278,-42.44209084795034,14912.114990234375,15681.586579792145,14142.643400676605,0.007699213013950157,0.01468554472556926
2021-02-26,14529.150390625,14529.150390625,14919.4501953125,14467.75,14888.599609375,1103600,14956.842529296875,14849.932809822303,43.85283714275454,103.80711338016044,174.45880112039433,-70.65168774023388,14956.842529296875,15492.573416383435,14421.111642210315,-0.03763569324758598,0.01706106130858856
2021-03-01,14761.5498046875,14761.5498046875,14806.7998046875,14638.5498046875,14702.5,507300,14980.860009765625,14841.515380761846,49.49548526951102,85.22310330241089,156.61166155679766,-71.38855825438677,14980.860009765625,15429.223213952793,14532.496805578457,0.015995389118723446,0.013948543161464422
2021-03-02,14919.099609375,14919.099609375,14959.099609375,14760.7998046875,14865.2998046875,621700,14994.422509765625,14848.90435491548,52.94774245251141,82.25985357779427,141.741299960997,-59.48144638320272,14994.422509765625,15417.3616085749,14571.48341095635,0.010672985341787733,0.012962830059477659
2021-03-03,15245.599609375,15245.599609375,15273.150390625,14995.7998046875,15064.400390625,544200,15017.20498046875,14886.684855340196,59.17565075879293,105.0463689949429,134.40231376778618,-29.355944772843287,15017.20498046875,15442.71352211547,14591.696438822031,0.021884698711632122,0.013660813433714503
2021-03-04,15080.75,15080.75,15202.349609375,14980.2001953125,15026.75,534900,15026.4599609375,14905.1672500697,55.20271449129895,108.55154620644316,129.23216025551758,-20.68061404907442,15026.4599609375,15449.032310481858,14603.887611393142,-0.010812930524138231,0.013866284793829661
2021-03-05,14938.099609375,14938.099609375,15092.349609375,14862.099609375,14977.9501953125,640700,15027.15244140625,14908.303665241634,51.95226960264733,98.68119467036377,123.12196713848682,-24.440772468123058,15027.15244140625,15449.097470533648,14605.20741227885,-0.009459104528952489,0.014046295460087371
2021-03-08,14956.2001953125,14956.2001953125,15111.150390625,14919.900390625,15002.4501953125,0,15019.1724609375,14912.865239534098,52.335781815770815,91.2673626337455,116.75104623753857,-25.483683603793068,15019.1724609375,15440.14521598704,14598.199705887959,0.0012117060677612201,0.01373034303818229
2021-03-09,15098.400390625,15098.400390625,15126.849609375,14925.4501953125,15049.900390625,675300,15018.627490234376,14930.535253923708,55.350945085776495,95.76232618971335,112.55330222797353,-16.790976038260183,15018.627490234376,15439.16012615216,14598.094854316592,0.00950777560179139,0.013909389882497243
2021-03-10,15174.7998046875,15174.7998046875,15218.4501953125,15100.849609375,15202.150390625,404600,15022.04248046875,14953.79854447264,56.92744346336062,104.287252875989,110.90009235757664,-6.612839481587642,15022.04248046875,15446.465255546364,14597.619705391136,0.005060099883821945,0.013953971218907684
2021-03-12,15030.9501953125,15030.9501953125,15336.2998046875,14953.599609375,15321.150390625,493200,15014.925,14961.146320743102,53.124013051849005,98.30268525411338,108.380610936884,-10.077925682770612,15014.925,15433.699607327706,14596.150392672293,-0.009479506235763657,0.014084447541738746
2021-03-15,14929.5,14929.5,15048.400390625,14745.849609375,15048.400390625,467500,15003.235009765625,14958.132385434235,50.55848521334103,84.40076985302403,103.584642720112,-19.18387286708797,15003.235009765625,15417.821572316254,14588.648447214997,-0.006749419963093084,0.014156538378994495
2021-03-16,14910.4501953125,14910.4501953125,15051.599609375,14890.650390625,14996.099609375,100,14983.022509765626,14953.591224470261,50.06951593583293,71.02748111808978,97.07321039970756,-26.04572928161778,14983.022509765626,15373.621446297224,14592.423573234028,-0.001275984104457617,0.013932178391469955
2021-03-17,14721.2998046875,14721.2998046875,14956.5498046875,14696.0498046875,14946.5498046875,100,14953.414990234374,14931.468232109999,45.37681451428125,44.65148321473134,86.58886496271232,-41.93738174798098,14953.414990234374,15328.813940904129,14578.01603956462,-0.012685759862868795,0.014160044374178896
2021-03-18,14557.849609375,14557.849609375,14875.2001953125,14478.599609375,14855.5,542200,14920.862451171875,14895.885506135237,41.73658068937852,10.438916761648215,71.3588753224995,-60.919958560851285,14920.862451171875,15314.468265547912,14527.256636795839,-0.011102973071742905,0.014270607506441168
2021-03-19,14744.0,14744.0,14788.25,14350.099609375,14471.150390625,919200,14902.11494140625,14881.420219836644,46.95569961598458,-1.6351587487351935,56.760068508252566,-58.39522725698776,14902.11494140625,15291.894334232671,14512.335548579827,0.012786942826028547,0.014615211886151641
2021-03-22,14736.400390625,14736.400390625,14763.900390625,14597.849609375,14736.2998046875,459000,14889.8474609375,14867.608807530773,46.771497548062996,-11.682506876542902,43.071553431293474,-54.754060307836376,14889.8474609375,15284.24564136004,14495.449280514962,-0.000515437423697751,0.01449586056951471
2021-03-23,14814.75,14814.75,14878.599609375,14707.0,14768.5498046875,474200,14896.799951171875,14862.574635384985,48.99309518826272,-13.17111555215888,31.823019634603003,-44.99413518676188,14896.799951171875,15280.613306452397,14512.986595891354,0.00531673999743143,0.013779477499352448
2021-03-24,14549.400390625,14549.400390625,14752.349609375,14535.0,14712.4501953125,456400,14888.87998046875,14832.748516836415,42.52040460783594,-35.35479642419887,18.387456422842632,-53.7422528470415,14888.87998046875,15293.916852626517,14483.843108310983,-0.017911176994211853,0.01437476570593081
2021-03-25,14324.900390625,14324.900390625,14575.599609375,14264.400390625,14570.900390625,606800,14856.025,14784.382028625803,37.95197510260912,-70.2411014216741,0.6617448539392855,-70.90284627561338,14856.025,15326.787569439739,14385.26243056026,-0.015430189146808937,0.014008201088274344
2021-03-26,14507.2998046875,14507.2998046875,14572.900390625,14414.25,14506.2998046875,481000,14826.522509765626,14757.993245393583,43.28371654504078,-82.22282756090317,-15.915169629029206,-66.30765793187396,14826.522509765626,15306.949557314509,14346.095462216743,0.012733031929623273,0.014237748164716907
2021-03-30,14845.099609375,14845.099609375,14876.2998046875,14617.599609375,14628.5,594500,14842.319970703125,14766.28908958229,51.581679283895404,-63.726214588807125,-25.47737862098479,-38.24883596782233,14842.319970703125,15302.966142081756,14381.673799324495,0.02328481586755049,0.012612751146725545
2021-03-31,14690.7001953125,14690.7001953125,14813.75,14670.25,14811.849609375,463900,14838.777490234375,14759.090147270881,48.11647787280416,-60.82510395652389,-32.54692368809261,-28.278180268431278,14838.777490234375,15302.930100750105,14374.624879718645,-0.010400699094332388,0.012356177702591144
2021-04-01,14867.349609375,14867.349609375,14883.2001953125,14692.4501953125,14798.400390625,445000,14836.189990234376,14769.400572233179,52.08269618945813,-43.76729930280635,-34.79099881103536,-8.976300491770992,14836.189990234376,15299.097983098354,14373.281997370397,0.012024574166918489,0.012422112235834582
2021-04-05,14637.7998046875,14637.7998046875,14849.849609375,14459.5,14837.7001953125,509700,14805.8,14756.867165800257,47.04941908880359,-48.215815126928646,-37.47596207421402,-10.73985305271463,14805.8,15235.844288099335,14375.755711900663,-0.015439860548026041,0.011729739584010893
2021-04-06,14683.5,14683.5,14779.099609375,14573.900390625,14737.0,475300,14785.9375,14749.879816676423,48.12426802699627,-47.50605194281343,-39.4819800479339,-8.024071894879526,14785.9375,15199.739350650603,14372.135649349397,0.003122067245233451,0.011589660201922815
2021-04-07,14819.0498046875,14819.0498046875,14879.7998046875,14649.849609375,14716.4501953125,0,14779.985009765625,14756.467434582239,51.28306821040336,-35.59550033411506,-38.70468410517014,3.109183771055079,14779.985009765625,15188.24824161532,14371.721777915931,0.009231436965811968,0.011647996400335882
2021-04-08,14873.7998046875,14873.7998046875,14984.150390625,14821.099609375,14875.650390625,514800,14775.864990234375,14767.641946020834,52.54012364516363,-21.490703485886115,-35.261887981313336,13.771184495427221,14775.864990234375,15178.556997930566,14373.172982538184,0.0036945688638336804,0.011678546258691976
2021-04-09,14834.849609375,14834.849609375,14918.4501953125,14785.650390625,14882.650390625,504100,14762.687451171874,14774.042675864088,51.521593268414904,-13.302166510226016,-30.869943687095873,17.567777176869857,14762.687451171874,15138.661230945701,14386.713671398047,-0.0026187118170183377,0.011460135589328091
2021-04-12,14310.7998046875,14310.7998046875,14652.5,14248.7001953125,14644.650390625,650200,14719.487451171875,14729.924307180603,40.22339429668652,-48.53959727063375,-34.40387440380345,-14.1357228668303,14719.487451171875,15094.673396674127,14344.301505669624,-0.03532558930400764,0.013707564809934009
2021-04-13,14504.7998046875,14504.7998046875,14528.900390625,14274.900390625,14364.900390625,605100,14693.179931640625,14708.483878371737,45.02919626260065,-60.118329663879194,-39.5467654558186,-20.571564208060593,14693.179931640625,15050.688673184028,14335.671190097222,0.013556195506029933,0.014082713781859461
2021-04-15,14581.4501953125,14581.4501953125,14597.5498046875,14353.2001953125,14522.400390625,568000,14675.77744140625,14696.385432366094,46.84745632140679,-62.39031585187695,-44.11547553503027,-18.274840316846678,14675.77744140625,15019.184467351603,14332.370415460897,0.005284484560774683,0.014112004737115335
2021-04-16,14617.849609375,14617.849609375,14697.7001953125,14559.0,14599.599609375,577200,14661.147412109374,14688.905830176467,47.73160996045838,-60.555704297865304,-47.40352128759728,-13.152183010268025,14661.147412109374,14987.841613005721,14334.453211213027,0.002496282165007191,0.014134488879047346
2021-04-19,14359.4501953125,14359.4501953125,14382.2998046875,14191.400390625,14306.599609375,512300,14643.054931640625,14657.529103046565,42.34640708385108,-79.04129574859326,-53.731076179796474,-25.310219568796782,14643.054931640625,14993.626364531663,14292.483498749587,-0.017676978554819645,0.014395283008861023
2021-04-20,14296.400390625,14296.400390625,14526.9501953125,14207.2998046875,14526.7001953125,467400,14629.982470703126,14623.13589233975,41.12713304579907,-97.65316753550542,-62.51549445093827,-35.13767308456715,14629.982470703126,15010.506658360493,14249.458283045758,-0.004390823034999047,0.014228167733546347
2021-04-22,14406.150390625,14406.150390625,14424.75,14151.400390625,14219.150390625,524600,14613.089990234375,14602.470606462153,44.14204910408065,-102.36727600062841,-70.4858507608763,-31.881425239752105,14613.089990234375,15001.776746406718,14224.403234062032,0.007676757575422188,0.01401545755716128
2021-04-23,14341.349609375,14341.349609375,14461.150390625,14273.2998046875,14326.349609375,498100,14593.337451171876,14577.6019400729,42.74999379201721,-110.06338027101629,-78.4013566629043,-31.66202360811198,14593.337451171876,14994.88971324387,14191.78518909988,-0.004498133053794207,0.014035526026930643
2021-04-26,14485.0,14485.0,14557.5,14421.2998046875,14449.4501953125,452700,14576.849951171875,14568.782707685004,46.75835388486716,-103.37951763788988,-83.39698885790142,-19.982528779988456,14576.849951171875,14967.617869327532,14186.082033016217,0.010016518287169873,0.014189987670446524
2021-04-27,14653.0498046875,14653.0498046875,14667.5498046875,14484.849609375,14493.7998046875,451800,14582.032421875,14576.808145494766,51.074008780328406,-83.55907653842769,-83.42940639400668,-0.12967014442101288,14582.032421875,14973.95425299655,14190.11059075345,0.011601643402658013,0.013872936316530042
2021-04-28,14864.5498046875,14864.5498046875,14890.25,14694.9501953125,14710.5,457000,14609.014892578125,14604.21211303693,55.91709784120396,-50.20620585892357,-76.78476628699006,26.578560428066496,14609.014892578125,15000.716749642886,14217.313035513364,0.014433855260107098,0.01367990968197387
2021-04-29,14894.900390625,14894.900390625,15044.349609375,14814.4501953125,14979.0,517500,14628.394921875,14631.896710902462,56.581301125547654,-21.081759515478552,-65.64416493268776,44.562405417209206,14628.394921875,15036.07729145158,14220.71255229842,0.0020418099664161193,0.013442803155902796
2021-04-30,14631.099609375,14631.099609375,14855.4501953125,14601.7001953125,14747.349609375,613900,14617.694921875,14631.820796471275,49.58773348177534,-19.067150092376323,-56.32876196462547,37.26161187224915,14617.694921875,15013.113982130792,14222.275861619208,-0.017710812045177438,0.013050880797783269
2021-05-03,14634.150390625,14634.150390625,14673.849609375,14416.25,14481.0498046875,448900,14614.867431640625,14632.042662581152,49.665217782531634,-17.028095771229346,-48.468628725946246,31.4405329547169,14614.867431640625,15008.964446232072,14220.770417049178,0.00020851346320172048,0.01284746879512447
2021-05-04,14496.5,14496.5,14723.400390625,14461.5,14687.25,503400,14596.324951171875,14619.133837573423,46.21377999157109,-26.217151657552677,-44.018333312267536,17.80118165471486,14596.324951171875,14975.784938973089,14216.864963370661,-0.00940610742344028,0.012674348151460194
2021-05-05,14617.849609375,14617.849609375,14637.900390625,14506.599609375,14604.150390625,455900,14595.32744140625,14619.011530125954,49.5428004676033,-23.43747273905865,-39.90216119762576,16.46468845856711,14595.32744140625,14974.450814105021,14216.20406870748,0.0083709591539336,0.012379774109629343
2021-05-06,14724.7998046875,14724.7998046875,14743.900390625,14611.5,14668.349609375,467800,14597.392431640625,14629.08660389372,52.342458333858715,-12.460928402044374,-34.41391463850948,21.952986236465108,14597.392431640625,14978.856995579074,14215.927867702176,0.0073164109749706,0.012470544242215198
2021-05-07,14823.150390625,14823.150390625,14863.0498046875,14765.5,14816.849609375,488000,14597.5974609375,14647.5688692967,54.824802159851004,4.12656394136684,-26.70581892253422,30.83238286390106,14597.5974609375,14979.542454878318,14215.652466996684,0.006679247748155426,0.012386198308636964
2021-05-10,14942.349609375,14942.349609375,14966.900390625,14892.5,14928.25,522000,14601.024951171876,14675.643225494632,57.700521216204926,26.584205718210796,-16.04781399438522,42.63201971259602,14601.024951171876,14993.896748926665,14208.153153417086,0.008041422748121585,0.0124905214732035
2021-05-11,14850.75,14850.75,14900.0,14771.400390625,14789.7001953125,647400,14601.819970703125,14692.32006116181,54.81293888164672,36.569178946869215,-5.524415406134333,42.093594353003546,14601.819970703125,14996.640749148915,14206.999192257335,-0.006130201191218876,0.012558275799192387
2021-05-12,14696.5,14696.5,14824.0498046875,14649.7001953125,14823.5498046875,643800,14621.10498046875,14692.71815057497,50.25228909412558,31.670577585313367,1.9145831921552077,29.75599439315816,14621.10498046875,14994.26729752378,14247.94266341372,-0.0103866808073666,0.009784348686122492
2021-05-14,14677.7998046875,14677.7998046875,14749.650390625,14591.900390625,14749.400390625,620700,14629.75498046875,14691.297355728544,49.71226536525884,25.97997031032901,6.7276606157899685,19.25230969453904,14629.75498046875,14999.739178382411,14259.770782555088,-0.0012724250884564858,0.009365685325523909
2021-05-17,14923.150390625,14923.150390625,14938.0,14725.349609375,14756.25,546400,14646.839990234375,14713.378597147253,56.34134168856607,40.797575792917996,13.541643651215576,27.25593214170242,14646.839990234375,15037.314341962376,14256.365638506375,0.01671576048197254,0.009992232465600477
2021-05-18,15108.099609375,15108.099609375,15137.25,15043.7001953125,15067.2001953125,583900,14671.352490234374,14750.971074502277,60.561786855413615,66.6956650508655,24.172447931145562,42.52321711971994,14671.352490234374,15110.044600427707,14232.660380041041,0.012393443335275034,0.010299818357631428
2021-05-19,15030.150390625,15030.150390625,15133.400390625,15008.849609375,15058.599609375,569100,14704.8875,14777.55958079968,58.01623826130533,80.00795496748287,35.33954933841302,44.66840562906985,14704.8875,15145.617528901363,14264.157471098639,-0.005159432408138875,0.009401452026286176
2021-05-20,14906.0498046875,14906.0498046875,15069.7998046875,14884.900390625,15042.599609375,480300,14735.369970703125,14789.796744979472,54.1163014740683,79.62627833201077,44.19689513713257,35.4293831948782,14735.369970703125,15141.875991759463,14328.863949646786,-0.00825677606093067,0.009584799537673862
2021-05-21,15175.2998046875,15175.2998046875,15190.0,14985.849609375,14987.7998046875,572900,14773.82744140625,14826.511322094522,60.34469270696289,99.89845443434024,55.33720699657411,44.56124743776613,14773.82744140625,15193.781941713212,14353.87294109929,0.01806313567497475,0.010164761134825609
2021-05-24,15197.7001953125,15197.7001953125,15256.25,15145.4501953125,15211.349609375,579800,14816.644970703124,14861.862643353377,60.821182231401764,116.4296953115554,67.55570465957038,48.873990651985025,14816.644970703124,15225.979340538885,14407.310600867364,0.001476108604989923,0.010030441861912896
2021-05-25,15208.4501953125,15208.4501953125,15293.849609375,15163.400390625,15291.75,441500,14852.81748046875,14894.870981635198,61.06298000826162,128.91223793260542,79.8270113141774,49.085226618428024,14852.81748046875,15266.369670603885,14439.265290333615,0.0007073438653115716,0.009900505527377649
2021-05-26,15301.4501953125,15301.4501953125,15319.900390625,15194.9501953125,15257.0498046875,384000,14885.2375,14933.592811509227,63.18008744208251,144.6417258786405,92.78995422707003,51.85177165157047,14885.2375,15331.437030488485,14439.037969511513,0.006115021504864648,0.009708796437015985
2021-05-27,15337.849609375,15337.849609375,15384.5498046875,15272.5,15323.9501953125,0,14908.902490234375,14972.093458925014,64.0050196409548,158.2207169766316,105.87610677698234,52.34461019964925,14908.902490234375,15396.488218204424,14421.316762264327,0.002378821196545866,0.009274590212115151
2021-05-28,15435.650390625,15435.650390625,15469.650390625,15394.75,15421.2001953125,468100,14935.939990234376,15016.241738134537,66.1964630557821,174.85821429583666,119.67252828075321,55.18568601508345,14935.939990234376,15474.706354115395,14397.173626353357,0.006376433707514062,0.009335674892690536
2021-05-31,15582.7998046875,15582.7998046875,15606.349609375,15374.0,15437.75,436000,14983.525,15070.199649234819,69.23170075365957,197.63901913728478,135.26582645205954,62.373192685225234,14983.525,15572.007671437625,14395.042328562375,0.009533088035724946,0.008260692765051253
2021-06-01,15574.849609375,15574.849609375,15660.75,15528.2998046875,15629.650390625,409600,15030.5599609375,15118.26155020055,68.87188804649782,212.60072792959,150.73280674756563,61.86792118202436,15030.5599609375,15649.416276713713,14411.703645161288,-0.0005101904286871628,0.008275886321253353
2021-06-02,15576.2001953125,15576.2001953125,15597.4501953125,15459.849609375,15520.349609375,428600,15084.544970703126,15161.874754496926,68.9014573192152,222.0078031786361,164.98780603377975,57.01999714485635,15084.544970703126,15695.95829993056,14473.131641475691,8.67158252806366e-05,0.007774772643202089
2021-06-03,15690.349609375,15690.349609375,15705.099609375,15611.0,15655.5498046875,410200,15138.169970703126,15212.205693056743,71.37631145413944,235.95395153910067,179.18103513484394,56.77291640425673,15138.169970703126,15764.398871862446,14511.941069543805,0.0073284506253876724,0.007744729153490337
2021-06-04,15670.25,15670.25,15733.599609375,15622.349609375,15712.5,414200,15185.44248046875,15255.828960384673,70.31520867184692,242.58809948916132,191.86244800570742,50.7256514834539,15185.44248046875,15822.36533970211,14548.51962123539,-0.001281017305247989,0.007764694132903781
2021-06-07,15751.650390625,15751.650390625,15773.4501953125,15678.099609375,15725.099609375,394000,15231.86748046875,15303.05004897899,72.12270544786911,251.5147354601304,203.79290549659203,47.72182996353837,15231.86748046875,15891.349681855589,14572.385279081913,0.0051945814919991395,0.007736170796256216
2021-06-08,15740.099609375,15740.099609375,15778.7998046875,15680.0,15773.900390625,378200,15271.75498046875,15344.673816635754,71.45779570037,254.7208439364167,213.97849318455698,40.74235075185973,15271.75498046875,15952.525560881133,14590.984400056366,-0.0007333060957773752,0.007688099724023632
2021-06-09,15635.349609375,15635.349609375,15800.4501953125,15566.900390625,15766.2998046875,457900,15310.9849609375,15372.357225468062,65.55542249058344,245.9738252903553,220.37755960571667,25.596265684638638,15310.9849609375,15980.524944659679,14641.44497721532,-0.006654976944212576,0.007720405676866115
2021-06-10,15737.75,15737.75,15751.25,15648.5,15692.099609375,298300,15363.0474609375,15407.156537328246,68.31103046915351,244.48631961705541,225.19931160798444,19.287008009070973,15363.0474609375,15994.1964928208,14731.8984290542,0.0065492869160790335,0.00712629309799997
2021-06-11,15799.349609375,15799.349609375,15835.5498046875,15749.7998046875,15796.4501953125,363000,15419.124951171874,15444.508258475556,69.87245618027646,245.44865501270942,229.24918028892947,16.199474723779957,15419.124951171874,15993.519766321084,14844.730136022665,0.003914130633349666,0.007039139249394115
2021-06-14,15811.849609375,15811.849609375,15823.0498046875,15606.5,15791.400390625,392900,15463.559912109375,15479.493149037407,70.19340977535332,244.4026368182749,232.27987159479858,12.122765223476335,15463.559912109375,16014.631521926507,14912.488302292242,0.0007911718082738162,0.0063585358800742385
2021-06-15,15869.25,15869.25,15901.599609375,15842.400390625,15866.9501953125,323300,15501.617431640625,15516.612849129082,71.68511443686025,245.37684019935114,234.8992653157091,10.477574883642035,15501.617431640625,16054.367740635109,14948.867122646141,0.003630213545097627,0.005960528369454636
2021-06-16,15767.5498046875,15767.5498046875,15880.849609375,15742.599609375,15847.5,340200,15538.48740234375,15540.511606801312,65.43651961381478,235.23095159607146,234.9656025717816,0.2653490242898613,15538.48740234375,16057.893887082786,15019.080917604713,-0.006408632752808119,0.006050630739879246
2021-06-17,15691.400390625,15691.400390625,15769.349609375,15616.75,15648.2998046875,357600,15577.754931640626,15554.881967165473,61.13915432618258,218.52660183528496,231.67780242448228,-13.151200589197316,15577.754931640626,16011.686210038273,15143.823653242978,-0.0048295020472909345,0.005774724170626868
2021-06-18,15683.349609375,15683.349609375,15761.5,15450.900390625,15756.5,640800,15603.157421875,15567.116980709237,60.685398275245326,202.30658911004866,225.80355976159558,-23.496970651546917,15603.157421875,15997.557256665003,15208.757587084996,-0.000513069646403852,0.0045097721725084645
2021-06-21,15746.5,15746.5,15765.150390625,15505.650390625,15525.849609375,351500,15630.597412109375,15584.201077784548,63.004775395672986,192.33075173574616,219.1089981564257,-26.77824642067955,15630.597412109375,15982.406627242357,15278.788196976393,0.004026588209654625,0.004540328722025822
2021-06-22,15772.75,15772.75,15895.75,15752.099609375,15840.5,322200,15658.81240234375,15602.158117995543,63.956651808842444,184.4171383885223,212.17062620284503,-27.75348781432274,15658.81240234375,15957.116271369467,15360.508533318034,0.0016670371193598932,0.004533405392173333
2021-06-23,15686.9501953125,15686.9501953125,15862.9501953125,15673.9501953125,15862.7998046875,287500,15678.08740234375,15610.233553930491,58.645247120135416,169.27096529652408,203.59069402158084,-34.31972872505676,15678.08740234375,15927.318005303123,15428.856799384377,-0.005439749231269109,0.0046924689846118
2021-06-24,15790.4501953125,15790.4501953125,15821.400390625,15702.7001953125,15737.2998046875,316700,15700.717431640625,15627.397043585921,62.672352773204224,163.73170187349024,195.61889559196274,-31.887193718472503,15700.717431640625,15899.312871778313,15502.121991502938,0.006597840798329813,0.004838205641404044
2021-06-25,15860.349609375,15860.349609375,15870.7998046875,15772.2998046875,15839.349609375,314600,15721.952392578125,15649.583002232499,65.14121952927394,163.10195641742575,189.11550775705535,-26.0135513396296,15721.952392578125,15891.306559242252,15552.598225913998,0.0044266891189239654,0.004752952997088883
2021-06-28,15814.7001953125,15814.7001953125,15915.650390625,15792.150390625,15915.349609375,255100,15733.547412109376,15665.308449192498,62.24572390843005,157.10830564865864,182.71406733537603,-25.605761686717386,15733.547412109376,15894.764031270863,15572.330792947889,-0.0028782098242977616,0.004430155944209601
2021-06-29,15748.4501953125,15748.4501953125,15835.900390625,15724.0498046875,15807.5,360300,15742.22744140625,15673.226710727737,58.2023586878347,145.33711709023737,175.23867728634832,-29.90156019611095,15742.22744140625,15886.091428318812,15598.363454493689,-0.0041891404314852165,0.004559642308121747
2021-06-30,15721.5,15721.5,15839.099609375,15708.75,15776.900390625,262400,15749.492431640625,15677.824166848904,56.591904134826244,132.30853933902108,166.6526496968829,-34.34411035786181,15749.492431640625,15872.206092144705,15626.778771136545,-0.0017112919035373597,0.004587195280947501
2021-07-01,15680.0,15680.0,15755.5498046875,15667.0498046875,15755.0498046875,224900,15748.974951171875,15678.03138905377,54.1090639128994,117.2826332451732,156.77864640654096,-39.496013161367756,15748.974951171875,15872.764434796796,15625.185467546953,-0.002639697229908089,0.004338052803139766
2021-07-02,15722.2001953125,15722.2001953125,15738.349609375,15635.9501953125,15705.849609375,254800,15751.5724609375,15682.237942030793,56.21280661501349,107.5400428177145,146.9309256887757,-39.390882871061194,15751.5724609375,15870.739159100442,15632.405762774557,0.002691338986766656,0.0043683054134058584
2021-07-05,15834.349609375,15834.349609375,15845.9501953125,15762.0498046875,15793.400390625,207000,15755.707421875,15696.724767492147,61.29136856014573,107.6278236009839,139.07030527121734,-31.442481670233434,15755.707421875,15880.217342721979,15631.197501028022,0.007133188273225066,0.004504931295045058
2021-07-06,15818.25,15818.25,15914.2001953125,15801.0,15813.75,391400,15759.61494140625,15708.298599159561,60.211731523056855,105.18577049128362,132.2933983152306,-27.107627823946984,15759.61494140625,15886.796856815907,15632.433025996592,-0.0010167521731027085,0.004508703000601978
2021-07-07,15879.650390625,15879.650390625,15893.5498046875,15779.7001953125,15819.599609375,329300,15771.82998046875,15724.617817394364,62.896079049165415,106.97181963762887,127.22908257971027,-20.257262942081397,15771.82998046875,15895.81279441866,15647.84716651884,0.0038816171589777237,0.004267652353982502
2021-07-08,15727.900390625,15727.900390625,15885.75,15682.900390625,15855.400390625,307900,15771.3375,15724.93044341633,53.321338909352626,95.04668071083324,120.79260220593487,-25.745921495101626,15771.3375,15895.93461379445,15646.740386205549,-0.0095562557277451,0.004626935610695894
2021-07-09,15689.7998046875,15689.7998046875,15730.849609375,15632.75,15688.25,243200,15765.860009765625,15721.584668299298,51.213322376046996,81.58110710980145,112.9503031867082,-31.369196076906746,15765.860009765625,15894.61237932007,15637.107640211181,-0.0024224839292732447,0.00455974833487997
2021-07-12,15692.599609375,15692.599609375,15789.2001953125,15644.75,15766.7998046875,216300,15759.897509765626,15718.824186496984,51.36548162332542,70.32480329933605,104.42520320923377,-34.10039990989772,15759.897509765626,15890.608548471302,15629.18647105995,0.00017844744498685117,0.0045538171683797545
2021-07-13,15812.349609375,15812.349609375,15820.7998046875,15744.599609375,15794.0,246700,15757.052490234375,15727.731369628224,57.47459315480153,70.25704614527604,97.59157179644222,-27.33452565116619,15757.052490234375,15880.38800913132,15633.71697133743,0.007630985495128417,0.004818878688397448
2021-07-14,15853.9501953125,15853.9501953125,15877.349609375,15764.2001953125,15808.7001953125,0,15761.372509765624,15739.752210169583,59.38333126303017,72.72187521736305,92.6176324806264,-19.89575726326335,15761.372509765624,15891.728922244309,15631.01609728694,0.0026308921169333477,0.004622729227109289
2021-07-15,15924.2001953125,15924.2001953125,15952.349609375,15855.0,15872.150390625,284900,15773.0125,15757.3186849451,62.44851522790105,79.42825839102261,89.97975766270565,-10.551499271683042,15773.0125,15917.145037368882,15628.87996263112,0.004431072328003882,0.004546808907060509
2021-07-16,15923.400390625,15923.400390625,15962.25,15882.599609375,15958.349609375,276300,15785.0150390625,15773.135990247947,62.39078609936988,83.71357978117157,88.72652208639884,-5.01294230522727,15785.0150390625,15937.045829663897,15632.984248461104,-5.0225736783704455e-05,0.004541235297985017
2021-07-19,15752.400390625,15752.400390625,15836.900390625,15707.5,15754.5,242100,15785.31005859375,15771.161171236237,51.44155086376143,72.47599876455024,85.47641742202913,-13.000418657478889,15785.31005859375,15937.063393175016,15633.556724012484,-0.010738912280361723,0.005144083284546185
2021-07-20,15632.099609375,15632.099609375,15728.4501953125,15578.5498046875,15703.9501953125,274300,15778.2775390625,15757.917212963739,45.40456856076875,53.24904534680354,79.03094300698402,-25.781897660180476,15778.2775390625,15944.091852583048,15612.463225541951,-0.0076369809214345,0.005402578750313492
2021-07-22,15824.0498046875,15824.0498046875,15834.7998046875,15726.400390625,15736.599609375,265300,15785.13251953125,15764.215555032668,54.5664964930655,52.8906325191183,73.80288090941087,-20.912248390292575,15785.13251953125,15946.555277704272,15623.709761358226,0.012279233123449584,0.005962319120870671
2021-07-23,15856.0498046875,15856.0498046875,15899.7998046875,15768.400390625,15856.7998046875,294100,15788.4125,15772.961674047414,55.895302313846415,54.55978904991571,69.95426253751185,-15.394473487596144,15788.4125,15952.773293683676,15624.051706316324,0.002022238326785386,0.005799654431263151
2021-07-26,15824.4501953125,15824.4501953125,15893.349609375,15797.0,15849.2998046875,267100,15786.617529296875,15777.865342739327,54.20923468941082,52.72500223302086,66.50841047661366,-13.783408243592802,15786.617529296875,15948.563002764547,15624.672055829202,-0.0019929055322251976,0.005732025484541793
2021-07-27,15746.4501953125,15746.4501953125,15881.5498046875,15701.0,15860.5,311000,15783.205029296874,15774.873423936773,50.18510396806208,44.46441424561817,62.09961123041457,-17.635196984796394,15783.205029296874,15945.515569525913,15620.894489067836,-0.004929081202650898,0.005802299657710365
2021-07-28,15709.400390625,15709.400390625,15767.5,15513.4501953125,15761.5498046875,318600,15781.2525390625,15768.6378969547,48.349142413270414,34.53018665368654,56.58572631506897,-22.055539661382426,15781.2525390625,15946.107954010939,15616.39712411406,-0.002352898858342667,0.005750153103526971
2021-07-29,15778.4501953125,15778.4501953125,15817.349609375,15737.7998046875,15762.7001953125,401600,15784.100048828124,15769.572401560205,51.88223801498207,31.861700035036847,51.64092105906255,-19.779221024025702,15784.100048828124,15946.68040444213,15621.519693214119,0.004395444954646832,0.005822244037986653
2021-07-30,15763.0498046875,15763.0498046875,15862.7998046875,15744.849609375,15800.599609375,400000,15788.2525390625,15768.951201858043,51.04360271707711,28.17938790464177,46.948614428178395,-18.769226523536624,15788.2525390625,15944.087894015933,15632.417184109067,-0.000976039499086867,0.005791386791779018
2021-08-02,15885.150390625,15885.150390625,15892.900390625,15834.650390625,15874.900390625,244800,15796.400048828125,15780.01779126442,56.98087184480178,34.71347057920866,44.50158565838445,-9.788115079175789,15796.400048828125,15954.591029912543,15638.209067743708,0.007746000136419795,0.006008376648905578
2021-08-03,16130.75,16130.75,16146.900390625,15914.349609375,15951.5498046875,341300,15811.220068359375,15813.420858763046,65.93103303721593,59.02916264669875,47.40710105604731,11.622061590651441,15811.220068359375,16026.198668972113,15596.241467746637,0.015460955882416139,0.006734545076062035
2021-08-04,16258.7998046875,16258.7998046875,16290.2001953125,16176.150390625,16195.25,427300,15833.24755859375,15855.837901232042,69.49457784499526,87.6220207641436,55.45008499766657,32.17193576647703,15833.24755859375,16123.644868333087,15542.850248854413,0.007938242467802281,0.006892786794337605
2021-08-05,16294.599609375,16294.599609375,16349.4501953125,16210.2998046875,16288.9501953125,418200,15853.99501953125,15897.624730578991,70.42594424530338,111.88111600770571,66.7362911996744,45.144824808031316,15853.99501953125,16207.190811338487,15500.799227724014,0.0022018725316477195,0.0068711180290702755
2021-08-06,16238.2001953125,16238.2001953125,16336.75,16223.2998046875,16304.400390625,320100,15879.510009765625,15930.060489125039,66.95760130931913,125.11343262935407,78.41171948561033,46.70171314374373,15879.510009765625,16264.848770825707,15494.171248705543,-0.003461233501561467,0.006488160716551987
2021-08-09,16258.25,16258.25,16320.75,16179.0498046875,16281.349609375,240500,15907.93251953125,15961.316633017892,67.56906277211276,135.65425277660688,89.86022614380964,45.79402663279724,15907.93251953125,16316.277236881922,15499.587802180578,0.0012347307242392969,0.00641947264006324
2021-08-10,16280.099609375,16280.099609375,16359.25,16202.25,16274.7998046875,288000,15937.30751953125,15991.676916480474,68.25841991495645,144.1098014714462,100.71014120933695,43.399660262109236,15937.30751953125,16363.595992048959,15511.019047013542,0.0013439090538649445,0.006409254173314445
2021-08-11,16282.25,16282.25,16338.75,16162.5498046875,16327.2998046875,277900,15960.8025390625,16019.350543482333,68.32976997817663,149.26378330248554,110.42086962796668,38.842913674518854,15960.8025390625,16408.226236618462,15513.37884150654,0.00013208706805212245,0.006271678004903159
2021-08-12,16364.400390625,16364.400390625,16375.5,16286.900390625,16303.650390625,280200,15986.325048828125,16052.212433686396,71.0106719117094,158.15409899429687,119.96751550123273,38.18658349306415,15986.325048828125,16463.689827168444,15508.960270487805,0.005045395484346349,0.0063179861295236065
2021-08-13,16529.099609375,16529.099609375,16543.599609375,16376.2998046875,16385.69921875,321900,16016.57001953125,16097.630259942454,75.49023316637258,176.45551934834657,131.2651162706555,45.19040307769106,16016.57001953125,16547.952220794214,15485.187818268285,0.010064482340847336,0.006571130697928478
2021-08-16,16563.05078125,16563.05078125,16589.400390625,16480.75,16518.400390625,254000,16048.5525390625,16141.956023876506,76.30313144371817,191.49170548073926,143.31043411267225,48.181271368067,16048.5525390625,16628.438429762078,15468.666648362925,0.002054024277023725,0.0065553190706479966
2021-08-17,16614.599609375,16614.599609375,16628.55078125,16495.400390625,16545.25,297400,16091.6625,16186.969698685887,77.52212387192976,205.20210876274723,155.68876904268726,49.513339720059975,16091.6625,16704.340563473266,15478.984436526733,0.0031122785775283823,0.005831272974772714
2021-08-18,16568.849609375,16568.849609375,16701.849609375,16535.849609375,16691.94921875,251800,16138.5,16223.339213989611,73.88926617149184,209.95581949637017,166.54217913342384,43.413640362946325,16138.5,16746.695117720592,15530.304882279408,-0.00275360231817956,0.005467236340410158
2021-08-20,16450.5,16450.5,16509.55078125,16376.0498046875,16382.5,350800,16169.822509765625,16244.97357456203,65.35681141629024,201.84658334611595,173.60305997596228,28.243523370153667,16169.822509765625,16774.52898209801,15565.11603743324,-0.007142898400624986,0.00544372761340516
2021-08-23,16496.44921875,16496.44921875,16592.5,16395.69921875,16592.25,275600,16201.84248046875,16268.923635913265,66.95242674848257,196.85841197943773,178.25413037665737,18.60428160278036,16201.84248046875,16804.515810639703,15599.169150297797,0.0027931806783987323,0.0054469413399476216
2021-08-24,16624.599609375,16624.599609375,16647.099609375,16495.30078125,16561.400390625,275400,16241.849951171875,16302.797538147715,70.96853800866901,200.9297229872609,182.78924889877808,18.14047408848282,16241.849951171875,16845.234142778034,15638.465759565715,0.007768362083601765,0.00550772098842936
2021-08-25,16634.650390625,16634.650390625,16712.44921875,16617.5,16654.0,265900,16286.2599609375,16334.40257171698,71.26349902303173,202.6314708795726,186.75769329493698,15.873777584635604,16286.2599609375,16867.60128944984,15704.918632425157,0.0006045728309951315,0.005248633284295788
2021-08-26,16636.900390625,16636.900390625,16683.69921875,16603.400390625,16627.94921875,253500,16332.6349609375,16363.211887803458,71.3337147682636,201.8350457709348,189.77316379013655,12.061881980798262,16332.6349609375,16868.724064679176,15796.54585719582,0.00013525983096518424,0.005149607287602693
2021-08-27,16705.19921875,16705.19921875,16722.05078125,16565.599609375,16642.55078125,217400,16378.972412109375,16395.782109798365,73.45409423053923,204.35929106877302,192.69038924586386,11.668901822909163,16378.972412109375,16874.088119773594,15883.856704445157,0.004105261588480014,0.0051455343278083866
2021-08-30,16931.05078125,16931.05078125,16951.5,16764.849609375,16775.849609375,283500,16437.3724609375,16446.760078508043,78.98872959682008,222.02474418167913,198.5572602330269,23.467483948652216,16437.3724609375,16902.757543026786,15971.987378848213,0.013519836521704187,0.0055779854222322315
2021-08-31,17132.19921875,17132.19921875,17153.5,16915.849609375,16947.5,464400,16499.72490234375,16512.039996626325,82.49020294627765,249.38103158715603,208.72201450385276,40.65901708330327,16499.72490234375,16986.139302336567,16013.310502350932,0.011880446175423387,0.005811633144637658
2021-09-01,17076.25,17076.25,17225.75,17055.05078125,17185.599609375,301900,16546.99990234375,16565.774282661914,78.56820474923899,263.50888567592483,219.6793887382672,43.82949693765764,16546.99990234375,17063.63033887838,16030.369465809115,-0.00326573477436376,0.005322288688008925
2021-09-02,17234.150390625,17234.150390625,17245.5,17059.69921875,17095.400390625,242400,16595.767431640626,16629.42915008697,81.2741576961664,284.1708095198228,232.5776728945783,51.59313662524448,16595.767431640626,17174.746895654935,16016.787967626318,0.009246783727399066,0.005395469691371866
2021-09-03,17323.599609375,17323.599609375,17340.099609375,17212.19921875,17262.44921875,261400,16647.217431640624,16695.540622400116,82.61338632306467,304.25606292151133,246.91335089996494,57.34271202154639,16647.217431640624,17289.429494829852,16005.005368451395,0.005190230833697296,0.005415557744276457
2021-09-06,17377.80078125,17377.80078125,17429.55078125,17345.55078125,17399.349609375,228000,16704.1974609375,16760.51778038582,83.38862554776487,320.8488072129003,261.700442162552,59.148365050348275,16704.1974609375,17391.758967548845,16016.635954326153,0.0031287476677577253,0.005192481595691464
2021-09-07,17362.099609375,17362.099609375,17436.5,17287.0,17401.55078125,243400,16759.38994140625,16817.8112879086,82.2445987568117,328.9399087478887,275.14833547961933,53.79157326826936,16759.38994140625,17471.674439042486,16047.105443770015,-0.0009035189246697772,0.005261183152088787
2021-09-08,17353.5,17353.5,17383.400390625,17254.19921875,17375.75,252700,16813.0599609375,16868.829260488732,81.58441034272789,330.8444791884285,286.2875642213812,44.556914967047305,16813.0599609375,17534.500762012467,16091.61915986253,-0.0004953092983268625,0.005313046159096518
2021-09-09,17369.25,17369.25,17379.650390625,17302.69921875,17312.849609375,241500,16867.4099609375,16916.488378537426,81.87142930753816,329.82276680778887,294.99460473866276,34.82816206912611,16867.4099609375,17584.47255823293,16150.347363642071,0.0009075978909154347,0.00529218204280746
2021-09-13,17355.30078125,17355.30078125,17378.349609375,17269.150390625,17363.55078125,241100,16916.95498046875,16958.280035938624,80.6721982539418,324.15085769979123,300.8258553308885,23.325002368902744,16916.95498046875,17625.0253848372,16208.884576100294,-0.000803098507419775,0.005349017868505427
2021-09-14,17380.0,17380.0,17438.55078125,17367.05078125,17420.349609375,230400,16959.5,16998.443842039705,81.19737677054633,317.98333544765774,304.25735135424236,13.725984093415377,16959.5,17671.482558101063,16247.517441898937,0.001423151293159064,0.005087324663728584
2021-09-15,17519.44921875,17519.44921875,17532.69921875,17386.900390625,17387.650390625,388200,17007.319921875,17048.063401726402,83.86334809079592,320.65164360683775,307.5362098047614,13.115433802076325,17007.319921875,17734.675689181386,16279.964154568617,0.00802354538262362,0.005231300887125093
2021-09-16,17629.5,17629.5,17644.599609375,17510.44921875,17539.19921875,503300,17058.06494140625,17103.438315847696,85.59874599150338,327.8670283485699,311.6023735135231,16.26465483504677,17058.06494140625,17809.94388469304,16306.185998119461,0.006281634763507293,0.005288194988028077
2021-09-17,17585.150390625,17585.150390625,17792.94921875,17537.650390625,17709.650390625,508300,17108.87998046875,17149.31565630268,81.7817358503476,326.2458705938152,314.5310729295815,11.714797664233686,17108.87998046875,17859.00714203211,16358.752818905392,-0.002515647600612625,0.005274861817074648
2021-09-20,17396.900390625,17396.900390625,17622.75,17361.80078125,17443.849609375,339100,17156.2,17172.89515480957,67.93415370255839,306.24073707548814,312.8730057587629,-6.632268683274731,17156.2,17851.636793043235,16460.763206956766,-0.010705054879733056,0.005679756204587837
2021-09-21,17562.0,17562.0,17578.349609375,17326.099609375,17450.5,363600,17209.4775390625,17209.952759113417,72.35521544153383,300.2476156984485,310.3479277467,-10.10031204825151,17209.4775390625,17856.129576693278,16562.825501431722,0.00949017386246398,0.005872479996432612
2021-09-22,17546.650390625,17546.650390625,17610.44921875,17524.0,17580.900390625,295200,17255.580078125,17242.019200209757,71.36999032117893,290.906054718449,306.4595531410498,-15.553498422600796,17255.580078125,17858.885762814818,16652.274393435182,-0.0008740239935656202,0.005832658794505882
2021-09-23,17822.94921875,17822.94921875,17843.900390625,17646.55078125,17670.849609375,320500,17314.99501953125,17297.34586864216,77.34889279732141,302.3129313541358,305.630228783667,-3.3172974295312088,17314.99501953125,17895.62228474772,16734.36775431478,0.015746528367181822,0.006489537358176885
2021-09-24,17853.19921875,17853.19921875,17947.650390625,17819.400390625,17897.44921875,360100,17375.8099609375,17350.284282938148,77.89321565111689,310.2178867655239,306.5477603800384,3.670126385485446,17375.8099609375,17912.749882698598,16838.8700391764,0.0016972499684944076,0.006456533703257529
2021-09-27,17855.099609375,17855.099609375,17943.5,17802.900390625,17932.19921875,295700,17433.30498046875,17398.36193307499,77.9290987040366,313.0275794395129,307.84372419193335,5.183855247579572,17433.30498046875,17914.01459178273,16952.595369154773,0.00010644538279747096,0.006500329784669313
2021-09-28,17748.599609375,17748.599609375,17912.849609375,17576.099609375,17906.44921875,398000,17474.182421875,17431.71790224642,70.97616989873822,303.1659132503046,306.90816200360763,-3.742248753303045,17474.182421875,17914.44161146995,17033.923232280053,-0.0059646824901542495,0.006355034119494203
2021-09-29,17711.30078125,17711.30078125,17781.75,17608.150390625,17657.94921875,562200,17503.1375,17458.344843103903,68.6655047779235,289.0092493114644,303.328379465179,-14.319130153714639,17503.1375,17925.427789791887,17080.847210208114,-0.0021015082285871234,0.0060148371791014415
2021-09-30,17618.150390625,17618.150390625,17742.150390625,17585.349609375,17718.900390625,378600,17530.23251953125,17473.564419058293,63.137294035637865,267.19349285013595,296.1014021421704,-28.907909292034446,17530.23251953125,17906.51902472331,17153.94601433919,-0.005259376020738893,0.006116783080639549
2021-10-01,17532.05078125,17532.05078125,17557.150390625,17452.900390625,17531.900390625,305800,17545.1275390625,17479.134548790837,58.45290199006806,240.18809096761106,284.91873990725855,-44.730648939647494,17545.1275390625,17896.08597444469,17194.169103680313,-0.004886983449795879,0.005999859147477965
2021-10-04,17691.25,17691.25,17750.900390625,17581.349609375,17615.55078125,295800,17563.51005859375,17499.336020334566,63.8008811224061,228.9924791255471,273.7334877509163,-44.741008625369204,17563.51005859375,17904.502119000448,17222.517998187053,0.009080467581137563,0.006206639384880384
2021-10-05,17822.30078125,17822.30078125,17833.44921875,17640.900390625,17661.349609375,427000,17585.73505859375,17530.09456899318,67.5085540354494,228.0655808404481,264.5999063688227,-36.53432552837461,17585.73505859375,17933.293288605193,17238.176828582305,0.007407660919946268,0.006353396315553694
2021-10-06,17646.0,17646.0,17884.599609375,17613.150390625,17861.5,395800,17599.930078125,17541.13318147002,58.7854234933158,210.67646053627686,253.81521720231353,-43.13875666603667,17599.930078125,17932.668021157955,17267.192135092042,-0.009892144870289554,0.006817184981504582
2021-10-07,17790.349609375,17790.349609375,17857.55078125,17763.80078125,17810.55078125,419900,17621.77255859375,17564.868079365733,63.00093583173963,206.16670309099936,244.2855143800507,-38.11881128905134,17621.77255859375,17944.127217032325,17299.41790015518,0.008180302016037588,0.007001712540832389
2021-10-08,17895.19921875,17895.19921875,17941.849609375,17840.349609375,17886.849609375,324100,17648.07001953125,17596.32818787852,65.74187267979669,208.6480106485069,237.15801363374194,-28.510002985235047,17648.07001953125,17969.543500843636,17326.596538218862,0.005893622760496431,0.007076603118020458
2021-10-11,17945.94921875,17945.94921875,18041.94921875,17839.099609375,17867.55078125,375800,17677.60244140625,17629.6254289139,67.0155839819771,212.26273297249645,232.17895750149287,-19.916224528996423,17677.60244140625,17994.556983113067,17360.64789969943,0.0028359561343596074,0.007060590573943494
2021-10-12,17991.94921875,17991.94921875,18008.650390625,17864.94921875,17915.80078125,355600,17708.19990234375,17664.132456517338,68.1707393549722,216.34534752294348,229.012235505783,-12.666887982839512,17708.19990234375,18022.468417636614,17393.931387050885,0.0025632525445875576,0.007062853680812931
2021-10-13,18161.75,18161.75,18197.80078125,18050.75,18097.849609375,506700,17740.31494140625,17711.524603515685,72.06045196903585,230.6238645778758,229.33456132020157,1.28930325767422,17740.31494140625,18099.000557055686,17381.629325756814,0.00943759784921161,0.007135606648238469
2021-10-14,18338.55078125,18338.55078125,18350.75,18248.69921875,18272.849609375,538700,17775.76748046875,17771.241382347525,75.42763757298673,253.28631075107842,234.12491120637696,19.161399544701453,17775.76748046875,18214.799454858818,17336.73550607868,0.009734787740718787,0.007289214396376928
2021-10-18,18477.05078125,18477.05078125,18543.150390625,18445.30078125,18500.099609375,469900,17820.3625,17838.461325100143,77.6953755442162,279.2037678867673,243.14068254245504,36.06308534431227,17820.3625,18345.61185989652,17295.11314010348,0.007552396132719963,0.007308666763068708
2021-10-19,18418.75,18418.75,18604.44921875,18377.69921875,18602.349609375,368200,17871.45498046875,17893.726913185845,74.57540244228609,291.6768840285549,252.84792283967502,38.8289611888799,17871.45498046875,18420.266981290424,17322.642979647073,-0.003155307734996393,0.006765401421817044
2021-10-20,18266.599609375,18266.599609375,18458.30078125,18209.349609375,18439.900390625,371300,17906.6849609375,17929.23859853719,67.01240012922503,285.98796227749335,259.4759307272387,26.512031550254676,17906.6849609375,18461.937502321944,17351.432419553053,-0.008260625212080042,0.007012371004103549
2021-10-21,18178.099609375,18178.099609375,18384.19921875,18048.0,18382.69921875,365900,17938.257421875,17952.93964718841,63.009631827542385,271.2118787143845,261.82312032466785,9.388758389716656,17938.257421875,18479.668825032117,17396.846018717886,-0.004844908296702255,0.007152603728193119
2021-10-22,18114.900390625,18114.900390625,18314.25,18034.349609375,18230.69921875,324700,17952.85498046875,17968.364479896656,60.242307872408006,251.50290828785,259.7590779173043,-8.256169629454291,17952.85498046875,18496.78080624019,17408.92915469731,-0.003476668084567369,0.006434477748769498
2021-10-25,18125.400390625,18125.400390625,18241.400390625,17968.5,18229.5,418700,17966.4650390625,17983.320280918404,60.55229033664151,234.03288407004948,254.61383914785335,-20.58095507780388,17966.4650390625,18513.349394942143,17419.580683182856,0.000579633328010587,0.006431423654519627
2021-10-26,18268.400390625,18268.400390625,18310.44921875,18099.30078125,18154.5,341400,17987.130078125,18010.470767557126,64.60034535882221,229.08590915217428,249.50825314871756,-20.422343996543276,17987.130078125,18546.707474797535,17427.552681452464,0.007889480889700096,0.006621407864033243
2021-10-27,18210.94921875,18210.94921875,18342.05078125,18167.900390625,18295.849609375,335200,18010.24755859375,18029.56395338502,61.85409208279861,218.0164090053804,243.20988432005015,-25.19347531466974,18010.24755859375,18566.690579838087,17453.804537349413,-0.0031448386638428527,0.006490312246913229
2021-10-28,17857.25,17857.25,18190.69921875,17799.44921875,18187.650390625,374200,18017.54501953125,18013.153100681684,48.253581965056526,178.6438839301918,230.2966842420785,-51.65280031188669,18017.54501953125,18561.809329951542,17473.28070911096,-0.0194223384240636,0.00795855520409199
2021-10-29,17671.650390625,17671.650390625,17915.849609375,17613.099609375,17833.05078125,336500,18020.22001953125,17980.629033057237,42.920489993547356,130.95496941766396,210.4283412771956,-79.47337185953165,18020.22001953125,18557.081660961034,17483.358378101468,-0.010393515763905459,0.008230251544175761
2021-11-01,17929.650390625,17929.650390625,17954.099609375,17697.099609375,17783.150390625,281200,18040.1,17975.77392425417,51.023791662013565,112.68069201420076,190.87881142459665,-78.19811941039589,18040.1,18530.62859044112,17549.571409558877,0.014599655057507821,0.008736245690029192
2021-11-02,17888.94921875,17888.94921875,18012.25,17847.599609375,17970.900390625,296400,18049.9849609375,17967.504904682344,49.8221468944412,93.83231062813502,171.46951126530433,-77.63720063716931,18049.9849609375,18519.51397544428,17580.455946430724,-0.002270048271341696,0.00856144099798172
2021-11-03,17829.19921875,17829.19921875,17988.75,17757.94921875,17947.94921875,331000,18050.3298828125,17954.33293459355,48.03374350192858,73.22936440681951,151.82148189360737,-78.59211748678786,18050.3298828125,18519.199023654557,17581.460741970444,-0.0033400508475575075,0.008447582320662287
2021-11-04,17916.80078125,17916.80078125,17947.55078125,17900.599609375,17935.05078125,48500,18063.869921875,17950.758443798924,50.82102690890398,63.24109113477243,134.10540374184038,-70.86431260706794,18063.869921875,18499.730466049965,17628.009377700037,0.004913376165984751,0.008174476437264629
2021-11-08,18068.55078125,18068.55078125,18087.80078125,17836.099609375,18040.19921875,338900,18077.77998046875,17961.976761651407,55.294287962652696,66.80023781753334,120.64437055697897,-53.84413273944563,18077.77998046875,18495.203224750916,17660.356736186583,0.008469704042186388,0.008188484408722434
2021-11-09,18044.25,18044.25,18112.599609375,17983.05078125,18084.349609375,270200,18085.23251953125,17969.812308160796,54.44031980887685,66.88896292149002,109.89328902988119,-43.00432610839117,18085.23251953125,18494.595083185068,17675.869955877435,-0.001344921435271762,0.00811148239976526
2021-11-10,18017.19921875,18017.19921875,18061.25,17915.0,17973.44921875,261400,18088.79501953125,17974.32534726453,53.45072084557812,64.03831242833257,100.72229370957147,-36.6839812812389,18088.79501953125,18494.47060583632,17683.119433226184,-0.0014991358050348014,0.008102176231829768
2021-11-11,17873.599609375,17873.599609375,17971.349609375,17798.19921875,17967.44921875,232100,18082.8775390625,17964.73241984648,48.419042294755386,49.61987596727704,90.50181016111259,-40.88193419383555,18082.8775390625,18497.3876186845,17668.367459440502,-0.007970140510272006,0.008282821196353792
2021-11-12,18102.75,18102.75,18123.0,17905.900390625,17977.599609375,249100,18079.9275390625,17977.876951289672,55.60159351338319,56.03771473320012,83.6089910755301,-27.57127634232998,18079.9275390625,18492.98759042321,17666.86748770179,0.012820606684330382,0.008523146101680527
2021-11-15,18109.44921875,18109.44921875,18210.150390625,18071.30078125,18140.94921875,280400,18068.4724609375,17990.407643428753,55.795389659975164,60.96174016538498,79.07954089350108,-18.117800728116094,18068.4724609375,18464.566945126706,17672.377976748296,0.0003700663573213969,0.008204049963626293
2021-11-16,17999.19921875,17999.19921875,18132.650390625,17958.80078125,18127.05078125,267400,18044.5798828125,17991.24493631649,51.78898959036145,55.33000236820226,74.32963318844132,-18.999630820239062,18044.5798828125,18394.122336454446,17695.037429170556,-0.006087981951756416,0.008056623463027357
2021-11-17,17898.650390625,17898.650390625,18022.650390625,17879.25,17939.349609375,295700,18018.57490234375,17982.426408155396,48.37721770720976,42.266141709518706,67.9169348926568,-25.65079318313809,18018.57490234375,18327.98291594409,17709.16688874341,-0.005586294529162039,0.008104625543343244
2021-11-18,17764.80078125,17764.80078125,17945.599609375,17688.5,17890.55078125,278400,17993.4849609375,17961.70015797393,44.2026137858531,20.87179609562736,58.50790713325091,-37.63611103762355,17993.4849609375,18299.740259812188,17687.229662062815,-0.007478195643460861,0.008071586749408584
2021-11-22,17416.55078125,17416.55078125,17805.25,17280.44921875,17796.25,356400,17955.40751953125,17909.781169714508,35.59596851349984,-23.908637602955423,42.02459818600965,-65.93323578896508,17955.40751953125,18339.786027993203,17571.0290110693,-0.019603372100156835,0.009025171795504229
2021-11-23,17503.349609375,17503.349609375,17553.69921875,17216.099609375,17281.75,308800,17924.82998046875,17871.073402063128,38.79473232827913,-51.796436831442406,23.26039118251924,-75.05682801396165,17924.82998046875,18348.847161521568,17500.81279941593,0.004983697932798847,0.009154533810043471
2021-11-24,17415.05078125,17415.05078125,17600.599609375,17354.0,17550.05078125,298100,17889.3125,17827.6426762714,36.79276358696523,-80.09936055796061,2.5884408344232708,-82.68780139238388,17889.3125,18356.9382827128,17421.6867172872,-0.0050446817378146935,0.009167981511163529
2021-11-25,17536.25,17536.25,17564.349609375,17351.69921875,17417.30078125,255900,17852.70498046875,17799.89099281698,41.2725301796561,-91.69288892707846,-16.267825117877074,-75.42506380920139,17852.70498046875,18310.419444660543,17394.990516276954,0.006959452503032093,0.009117630711766552
2021-11-26,17026.44921875,17026.44921875,17355.400390625,16985.69921875,17338.75,356300,17793.47998046875,17726.22987147727,31.24219435325726,-140.39907303192012,-41.09407470068569,-99.30499833123443,17793.47998046875,18346.963546740346,17239.996414197154,-0.029071254187753914,0.010947835696066867
2021-11-29,17053.94921875,17053.94921875,17160.69921875,16782.400390625,17055.80078125,348900,17753.31494140625,17662.2031426461,32.199399013060514,-174.76546715358563,-67.82835319126568,-106.93711396231996,17753.31494140625,18392.422884643238,17114.206998169262,0.0016151341742889347,0.010309263264281422
2021-11-30,16983.19921875,16983.19921875,17324.650390625,16931.400390625,17051.150390625,498000,17718.8923828125,17597.536102275044,31.003559796173306,-205.3429501018545,-95.33127257338344,-110.01167752847107,17718.8923828125,18440.696468720624,16997.088296904378,-0.004148599194972014,0.010142793297314984
2021-12-01,17166.900390625,17166.900390625,17213.05078125,17064.25,17104.400390625,295500,17680.7548828125,17556.523177355994,37.49457876352604,-212.30535237498043,-118.72608853370285,-93.57926384127758,17680.7548828125,18433.907262563815,16927.602503061185,0.01081664117042136,0.009849226325305414
2021-12-02,17401.650390625,17401.650390625,17420.349609375,17149.30078125,17183.19921875,279900,17656.38994140625,17541.77338814352,44.659444632191985,-196.61429600919655,-134.3037300288016,-62.310565980394955,17656.38994140625,18412.54785669558,16900.232026116922,0.013674571102433752,0.010463031175646233
2021-12-03,17196.69921875,17196.69921875,17489.80078125,17180.80078125,17424.900390625,292500,17624.76494140625,17508.909181534615,40.31452801707775,-198.42949580370623,-147.12888318378253,-51.3006126199237,17624.76494140625,18401.980955900763,16847.54892691174,-0.01177768586739425,0.01071550913208194
2021-12-06,16912.25,16912.25,17216.75,16891.69921875,17209.05078125,231700,17574.53740234375,17452.084497578937,35.19645914820866,-220.28146185861988,-161.75939891875,-58.52206293986987,17574.53740234375,18398.21939951281,16750.85540517469,-0.01654091957599968,0.011081042453143168
2021-12-07,17176.69921875,17176.69921875,17251.650390625,16987.75,17044.099609375,254100,17529.94482421875,17425.857328166658,42.50449493787352,-213.79595386052097,-172.1667099071042,-41.62924395341676,17529.94482421875,18338.241329668595,16721.648318768905,0.015636548581649423,0.011570493686536162
2021-12-08,17469.75,17469.75,17484.599609375,17308.94921875,17315.25,257800,17501.21982421875,17430.037582626977,49.324507657531605,-182.90102397470764,-174.3135727206249,-8.587451254082737,17501.21982421875,18274.437425433247,16728.002223004256,0.017060948527881648,0.012368627814641535
2021-12-09,17516.849609375,17516.849609375,17543.25,17379.599609375,17524.400390625,237200,17476.20234375,17438.305394698218,50.34399576925447,-152.85401862713843,-170.02166190192762,17.167643274789185,17476.20234375,18212.52012326678,16739.88456423322,0.002696066593683266,0.012404940327635514
2021-12-10,17511.30078125,17511.30078125,17534.349609375,17405.25,17476.05078125,204500,17458.08740234375,17445.25733627458,50.21582368970342,-128.01363299297736,-161.62005612013758,33.60642312716021,17458.08740234375,18171.88900695224,16744.28579773526,-0.00031677089480919296,0.012307106440982957
2021-12-13,17368.25,17368.25,17639.5,17355.94921875,17619.099609375,256600,17421.36240234375,17437.92330424843,46.900707266233184,-118.50440590931248,-152.99692607797257,34.49252016866009,17421.36240234375,18071.450094159438,16771.274710528065,-0.008169055116863166,0.011960996129291891
2021-12-14,17324.900390625,17324.900390625,17376.19921875,17225.80078125,17283.19921875,271000,17382.1349609375,17427.159217236676,45.911562393357016,-113.1617677066206,-145.0298944037022,31.868126697081607,17382.1349609375,17951.01731166713,16813.25261020787,-0.002495911181322197,0.011948260858088713
2021-12-15,17221.400390625,17221.400390625,17351.19921875,17192.19921875,17323.650390625,215000,17343.24501953125,17407.563138511756,43.54995310253786,-115.94275751697205,-139.21246702635617,23.269709509384114,17343.24501953125,17839.824197071055,16846.665841991442,-0.005974060321640162,0.011946308626095888
2021-12-16,17248.400390625,17248.400390625,17379.349609375,17184.94921875,17373.0,219500,17310.73251953125,17392.40478157016,44.35408513250011,-114.64646454768445,-134.29926653062182,19.652801982937376,17310.73251953125,17737.893735490317,16883.571303572186,0.0015678167505297491,0.011944735591567847
2021-12-17,16985.19921875,16985.19921875,17298.150390625,16966.44921875,17276.0,354600,17271.75244140625,17353.62329939681,38.58403675360589,-133.3204428603749,-134.10350179657243,0.7830589361975342,17271.75244140625,17667.160720505904,16876.344162306596,-0.01525945397337003,0.012262584971094231
2021-12-20,16614.19921875,16614.19921875,16840.099609375,16410.19921875,16824.25,330600,17231.63486328125,17283.20195838283,32.2211078366184,-176.0271729588021,-142.48823602901837,-33.538936929783745,17231.63486328125,17713.49787614166,16749.771850420842,-0.021842546279377872,0.012439086895696498
2021-12-21,16770.849609375,16770.849609375,16936.400390625,16688.25,16773.150390625,241000,17195.00986328125,17234.40649657256,36.94916286012614,-194.98452665604782,-152.98749415442427,-41.99703250162355,17195.00986328125,17699.51479889382,16690.504927668684,0.00942870544420904,0.012614203995248742
2021-12-22,16955.44921875,16955.44921875,16971.0,16819.5,16865.55078125,207900,17172.02978515625,17207.839136779934,42.07687914922021,-192.8892135438473,-160.9678380323089,-31.9213755115384,17172.02978515625,17676.219385862627,16667.840184449873,0.011007170994593363,0.012921178551899561
2021-12-23,17072.599609375,17072.599609375,17118.650390625,17015.55078125,17066.80078125,197000,17148.847265625,17194.95918178899,45.12681660600234,-179.70408847965882,-164.71508812177888,-14.989000357879945,17148.847265625,17625.820467811667,16671.874063438336,0.006909306212627531,0.012919505086696427
2021-12-24,17003.75,17003.75,17155.599609375,16909.599609375,17149.5,182600,17147.7123046875,17176.74878352337,43.67142856514577,-172.81822898088285,-166.3357162935997,-6.482512687283162,17147.7123046875,17625.951439411427,16669.47316996357,-0.004032754879180422,0.011178440040992988
2021-12-27,17086.25,17086.25,17112.05078125,16833.19921875,16937.75,144800,17149.32734375,17168.12985175924,45.92204514607739,-158.8726897270717,-164.84311098029409,5.9704212532223835,17149.32734375,17626.505985664524,16672.148701835475,0.004851870910828504,0.011226491147817503
2021-12-28,17233.25,17233.25,17250.25,17161.150390625,17177.599609375,176000,17161.8298828125,17174.331770639314,49.77291482997737,-134.40968672506278,-158.75642612924784,24.346739404185058,17161.8298828125,17634.019562952337,16689.640202672665,0.008603409174043453,0.011330866727582238
2021-12-29,17213.599609375,17213.599609375,17285.94921875,17176.650390625,17220.099609375,161700,17164.16484375,17178.071564804617,49.2678573872433,-115.27933448872864,-150.061007801144,34.781673312415364,17164.16484375,17636.893269770713,16691.43641772929,-0.0011402602889762914,0.01108692629755273
2021-12-30,17203.94921875,17203.94921875,17264.05078125,17146.349609375,17201.44921875,320800,17154.27978515625,17180.536103275605,49.00486372989986,-99.74727390341286,-139.99826102159778,40.25098711818492,17154.27978515625,17614.842473113422,16693.717097199078,-0.0005606259494814747,0.010623212765997182
2021-12-31,17354.05078125,17354.05078125,17400.80078125,17238.5,17244.5,167000,17162.14736328125,17197.061310701738,53.1903152766821,-74.4676456795496,-126.89213795318815,52.42449227363855,17162.14736328125,17630.647313017533,16693.647413544964,0.008724831757606522,0.010467513405377155
2022-01-03,17625.69921875,17625.69921875,17646.650390625,17383.30078125,17387.150390625,200500,17197.81982421875,17237.883968611095,59.64554535651907,-32.14307418587123,-107.94232519972478,75.79925101385355,17197.81982421875,17692.68185664018,16702.95779179732,0.015653315812207858,0.010179229862583754
2022-01-04,17805.25,17805.25,17827.599609375,17593.55078125,17681.400390625,247400,17229.24736328125,17291.91882874337,63.25271100241502,15.706644710153341,-83.21253121774916,98.9191759279025,17229.24736328125,17790.177606699297,16668.317119863204,0.01018687423526421,0.009866429206902708
2022-01-05,17925.25,17925.25,17944.69921875,17748.849609375,17820.099609375,251500,17252.02236328125,17352.236083148764,65.47397325543565,62.58939718185502,-54.05214553782833,116.64154271968334,17252.02236328125,17882.80248811968,16621.242238442817,0.0067395852346920915,0.009281238205912746
2022-01-06,17745.900390625,17745.900390625,17797.94921875,17655.55078125,17768.5,236500,17263.47490234375,17389.727921956026,59.6686718211162,84.30053757641508,-26.38160891497965,110.68214649139473,17263.47490234375,17920.829700311442,16606.12010437606,-0.010005417462796928,0.009611442950053199
2022-01-07,17812.69921875,17812.69921875,17905.0,17704.55078125,17797.599609375,239300,17278.54482421875,17430.01090260307,61.05375163272316,105.67868186615306,0.030449241246891995,105.64823262490616,17278.54482421875,17970.825733189322,16586.263915248175,0.003764183651131514,0.009632156004146224
2022-01-10,18003.30078125,18003.30078125,18017.44921875,17879.150390625,17913.30078125,232400,17310.29736328125,17484.609938664682,64.77141274496401,136.42830779838187,27.310020952673888,109.11828684570798,17310.29736328125,18070.99756553936,16549.59716102314,0.010700318921871732,0.009621432079737013
2022-01-11,18055.75,18055.75,18081.25,17964.400390625,17997.75,220200,17346.83984375,17539.004230220427,65.74054244295417,163.14913977892138,54.47784471792339,108.67129506099799,17346.83984375,18174.13704744222,16519.54264005778,0.002913311252602302,0.009568978878864817
2022-01-12,18212.349609375,18212.349609375,18227.94921875,18128.80078125,18170.400390625,245000,17396.3873046875,17603.13236156848,68.52469457369243,194.71729162517295,82.52573409937331,112.19155752579964,17396.3873046875,18302.629700128116,16490.144909246887,0.008673115731830494,0.009477633312731182
2022-01-13,18257.80078125,18257.80078125,18272.25,18163.80078125,18257.0,303700,17446.85732421875,17665.481734871482,69.30439499982822,220.85690815998169,110.191968911495,110.66493924848669,17446.85732421875,18424.156151590378,16469.55849684712,0.0024956237305924223,0.009473326976946854
2022-01-14,18255.75,18255.75,18286.94921875,18119.650390625,18185.0,229500,17510.38486328125,17721.697760121817,69.22107388207633,238.6561817765978,135.88481148451558,102.77137029208222,17510.38486328125,18523.89649914052,16496.873227421984,-0.00011232356375068253,0.00850157274527288
2022-01-17,18308.099609375,18308.099609375,18321.55078125,18228.75,18235.650390625,266700,17595.0798828125,17777.545555288787,70.20577667586537,254.0577902665209,159.51940724091665,94.53838302560425,17595.0798828125,18577.5018247615,16612.6579408635,0.0028675682661627455,0.006041851303581474
2022-01-18,18113.05078125,18113.05078125,18350.94921875,18085.900390625,18337.19921875,227500,17662.18994140625,17809.498433951758,62.21871027915473,247.66988139519162,177.14950207177165,70.52037932341997,17662.18994140625,18592.20364762809,16732.17623518441,-0.010653690567923424,0.006860072285074172
2022-01-19,17938.400390625,17938.400390625,18129.19921875,17884.900390625,18129.19921875,276700,17711.3375,17821.77481077778,56.06780677531607,225.91043580346377,186.90168881811007,39.008746985353696,17711.3375,18589.190287394886,16833.484712605117,-0.00964224043394124,0.007272354403330055
2022-01-20,17757.0,17757.0,17943.69921875,17648.44921875,17921.0,258100,17745.55751953125,17815.605781179896,50.48521976817961,191.8172727879646,187.88480561208098,3.9324671758836303,17745.55751953125,18573.060553717427,16918.05448534507,-0.010112406160797005,0.007752099100244626
2022-01-21,17617.150390625,17617.150390625,17707.599609375,17485.849609375,17613.69921875,277600,17776.2275390625,17796.705267793717,46.630443294917036,151.76405916143267,180.66065632195134,-28.896597160518667,17776.2275390625,18534.014230776804,17018.440847348196,-0.007875745304668613,0.007954378520656885
2022-01-24,17149.099609375,17149.099609375,17599.400390625,16997.849609375,17575.150390625,323800,17779.37001953125,17735.028538420505,36.567107631764586,81.31644702769336,160.79181446309974,-79.47536743540638,17779.37001953125,18526.126510337992,17032.613528724505,-0.02656790518738339,0.010126719859653964
2022-01-25,17277.94921875,17277.94921875,17309.150390625,16836.80078125,17001.55078125,326500,17781.60498046875,17691.49717464236,40.38152402227515,35.47436707786619,135.72832498605302,-100.25395790818683,17781.60498046875,18522.05107918566,17041.15888175184,0.007513491221694313,0.010082136704127075
2022-01-27,17110.150390625,17110.150390625,17182.5,16866.75,17062.0,395600,17776.43251953125,17636.130814259755,37.24084460743162,-14.231720221319847,105.73631594457845,-119.9680361658983,17776.43251953125,18533.92683675262,17018.938202309877,-0.00971173291462768,0.010320488068095024
2022-01-28,17101.94921875,17101.94921875,17373.5,17077.099609375,17208.30078125,355300,17771.33251953125,17585.25637659216,37.08901451025322,-53.66727560277286,73.8555976351082,-127.52287323788106,17771.33251953125,18545.36851307066,16997.29652599184,-0.0004793161771092791,0.01032037548380838
2022-01-31,17339.849609375,17339.849609375,17410.0,17264.150390625,17301.05078125,321700,17770.6224609375,17561.884303523857,44.196321880267455,-64.97467642895208,46.089542822296146,-111.06421925124823,17770.6224609375,18546.21281227801,16995.03210959699,0.0139107178709299,0.010618478080519746
2022-02-01,17576.849609375,17576.849609375,17622.400390625,17244.55078125,17529.44921875,386400,17768.17998046875,17563.309570747777,50.22878563092756,-54.18731609129827,26.034171039577263,-80.22148713087553,17768.17998046875,18545.885300383976,16990.474660553526,0.013667938611870323,0.010472846371697157
2022-02-02,17780.0,17780.0,17794.599609375,17674.80078125,17706.19921875,271200,17766.91748046875,17583.946754486085,54.74479119216701,-28.912432060755236,15.044850419510764,-43.957282480266,17766.91748046875,18544.459951528803,16989.375009408697,0.011557838585399605,0.010547845551182329
2022-02-03,17560.19921875,17560.19921875,17781.150390625,17511.150390625,17767.75,226600,17748.66494140625,17581.68508441598,49.51037010346715,-26.314651543256332,6.772950026957345,-33.08760157021368,17748.66494140625,18527.620860679377,16969.70902213312,-0.012362248664229525,0.010766324086545632
2022-02-04,17516.30078125,17516.30078125,17617.80078125,17462.55078125,17590.19921875,261400,17737.1849609375,17575.458007923982,48.512702576255734,-27.481341006263392,-0.07790817968680314,-27.403432826576587,17737.1849609375,18522.705333939506,16951.66458793549,-0.0024998826581151823,0.010563816827998644
2022-02-07,17213.599609375,17213.599609375,17536.75,17119.400390625,17456.30078125,265000,17707.22998046875,17540.99530330027,42.19827375154214,-52.229338301993266,-10.508194204148097,-41.72114409784517,17707.22998046875,18524.016915005075,16890.443045932425,-0.017281112927623465,0.011138970478018762
2022-02-08,17266.75,17266.75,17306.44921875,17043.650390625,17279.849609375,268500,17670.40244140625,17514.87670298596,43.58674472738907,-66.78367153737054,-21.763289670792584,-45.02038186657795,17670.40244140625,18496.833784422324,16843.97109839018,0.0030876976246183574,0.010820242746180984
2022-02-09,17463.80078125,17463.80078125,17477.150390625,17339.0,17370.099609375,236400,17640.80498046875,17510.012329487297,48.52370530416499,-61.706421048991615,-29.751915946432394,-31.95450510255922,17640.80498046875,18452.176058925823,16829.43390201168,0.01141215233034587,0.011185349044957889
2022-02-10,17605.849609375,17605.849609375,17639.44921875,17427.150390625,17554.099609375,273600,17610.47998046875,17519.139689476604,51.798494004857034,-45.693780718509515,-32.94028890084782,-12.753491817661697,17610.47998046875,18378.30569473204,16842.65426620546,0.008133901085124018,0.011159890477031307
2022-02-11,17374.75,17374.75,17454.75,17303.0,17451.0,253100,17566.32744140625,17505.388290478833,46.603976448959195,-51.06283441863343,-36.56479800440494,-14.498036414228487,17566.32744140625,18279.81705000249,16852.83783281001,-0.01312629691281364,0.011399863984413549
2022-02-14,16842.80078125,16842.80078125,17099.5,16809.650390625,17076.150390625,305500,17495.67998046875,17442.284718171326,37.32528274123418,-97.12214084273728,-48.67626657207141,-48.44587427066587,17495.67998046875,18201.895697766893,16789.46426317061,-0.03061622289529342,0.013003529645465417
2022-02-15,17352.44921875,17352.44921875,17375.0,16839.25,16933.25,298700,17447.8974609375,17433.728956321676,48.00603837709177,-91.44597119389437,-57.230207496436,-34.215763697458364,17447.8974609375,18049.317316115215,16846.477605759785,0.03025912638397754,0.015041004698317591
2022-02-16,17322.19921875,17322.19921875,17490.599609375,17257.69921875,17408.44921875,244500,17408.3548828125,17423.107076552944,47.48874177719082,-88.36981581438886,-63.45812916002657,-24.911686654362285,17408.3548828125,17928.090971588477,16888.61879403652,-0.0017432697608654735,0.014920420029821661
2022-02-17,17304.599609375,17304.599609375,17442.900390625,17235.849609375,17396.55078125,232100,17376.66484375,17411.820651107424,47.17026745083446,-86.3566165832708,-68.03782664467542,-18.318789938595387,17376.66484375,17837.177548195596,16916.152139304406,-0.001016014719190439,0.014815956866199442
2022-02-18,17276.30078125,17276.30078125,17380.80078125,17219.19921875,17236.05078125,189600,17352.6298828125,17398.91399683529,46.62878058264398,-86.05265912631876,-71.6407931410041,-14.411865985314662,17352.6298828125,17780.233503422856,16925.026262202144,-0.0016353356196504576,0.014683061830652407
2022-02-21,17206.650390625,17206.650390625,17351.05078125,17070.69921875,17192.25,215200,17332.1048828125,17380.603177196215,45.251900240250606,-90.3900152526221,-75.3906375633277,-14.999377689294406,17332.1048828125,17746.142968592383,16918.066797032614,-0.004031556958107085,0.014617031427302777
2022-02-22,17092.19921875,17092.19921875,17148.55078125,16843.80078125,16847.94921875,300100,17329.25986328125,17353.13613353467,43.00471149700264,-101.8881511108084,-80.69014027282384,-21.198010837984555,17329.25986328125,17749.031133665976,16909.488592896527,-0.006651566067580439,0.013418226453618958
2022-02-23,17063.25,17063.25,17220.69921875,17027.849609375,17194.5,200200,17318.52490234375,17325.527930340893,42.4307474365392,-112.04488296710042,-86.96108881167916,-25.08379415542126,17318.52490234375,17753.69458754623,16883.35521714127,-0.0016937094155936583,0.01330140629375809
2022-02-24,16247.9501953125,16247.9501953125,16705.25,16203.25,16548.900390625,458000,17275.414892578126,17222.901479385808,30.204253413937778,-183.7637327102966,-106.32161759140266,-77.44211511889395,17275.414892578126,17909.828650618932,16641.00113453732,-0.04778103847083648,0.016915704760300358
2022-02-25,16658.400390625,16658.400390625,16748.80078125,16478.30078125,16515.650390625,329800,17253.237451171874,17169.139470932398,39.63477837538828,-205.1170753877559,-126.08070915067331,-79.03636623708259,17253.237451171874,17939.267167646976,16567.20773469677,0.025261660109649586,0.01801653497001279
2022-02-28,16793.900390625,16793.900390625,16815.900390625,16356.2998046875,16481.599609375,404200,17225.939990234376,17133.402415665027,42.401598066322734,-208.70026893405156,-142.60462110734898,-66.09564782670259,17225.939990234376,17938.92942931536,16512.95055115339,0.008134034290366632,0.01780734566745493
2022-03-02,16605.94921875,16605.94921875,16678.5,16478.650390625,16593.099609375,517700,17177.394970703124,17083.168777863597,39.68449950894264,-224.12251953802843,-158.90820079348487,-65.21431874454356,17177.394970703124,17919.808375579363,16434.981565826885,-0.011191633122935585,0.017562768984531577
2022-03-03,16498.05078125,16498.05078125,16768.94921875,16442.94921875,16723.19921875,442100,17113.297509765624,17027.443254376587,38.17224237893563,-242.25865938971037,-175.57829251272997,-66.6803668769804,17113.297509765624,17857.890597987207,16368.70442154404,-0.00649757722841704,0.01725321160524202
2022-03-04,16245.349609375,16245.349609375,16456.0,16133.7998046875,16339.4501953125,456100,17047.555029296876,16952.958145328816,34.82510209077243,-273.86560136735716,-195.2357542836554,-78.62984708370175,17047.555029296876,17852.448224779655,16242.661833814098,-0.015317032007332254,0.017344672785732224
2022-03-07,15863.150390625,15863.150390625,15944.599609375,15711.4501953125,15867.9501953125,585400,16964.897509765626,16849.166930595118,30.472915800163094,-325.9967260493613,-221.3879486367966,-104.6087774125647,16964.897509765626,17890.717334364832,16039.07768516642,-0.02352668473994779,0.017894129857666842
2022-03-08,16013.4501953125,16013.4501953125,16028.75,15671.4501953125,15747.75,543600,16904.8900390625,16769.574860568202,33.96773396391788,-351.13540938868755,-247.3374407871748,-103.79796860151274,16904.8900390625,17910.583139877126,15899.196938247871,0.009474776509483585,0.017911352828890833
2022-03-09,16345.349609375,16345.349609375,16418.05078125,15990.0,16078.0,462200,16858.82001953125,16729.17245569266,41.01825101323665,-340.3531093516758,-265.940574500075,-74.41253485160081,16858.82001953125,17878.30881223705,15839.331226825447,0.020726290088294297,0.01866861154732505
2022-03-10,16594.900390625,16594.900390625,16757.30078125,16447.900390625,16757.099609375,486400,16815.375,16716.38463997193,45.7118595313095,-308.11958564061206,-274.37637672818244,-33.74320891242962,16815.375,17801.548356595526,15829.201643404473,0.01526738719047449,0.018839715557827156
2022-03-11,16630.44921875,16630.44921875,16694.400390625,16470.900390625,16528.80078125,343700,16766.60498046875,16708.200314141268,46.36660953131621,-276.5182621346139,-274.80475380946876,-1.713508325145142,16766.60498046875,17685.785766462148,15847.424194475352,0.0021421537513466316,0.018710949494781005
2022-03-14,16871.30078125,16871.30078125,16887.94921875,16606.5,16633.69921875,314700,16741.43251953125,16723.733691961148,50.704574343552174,-229.3949551184087,-265.72279407125677,36.32783895284808,16741.43251953125,17619.26101950431,15863.60401955819,0.014482565042708062,0.018916861788970913
2022-03-15,16663.0,16663.0,16927.75,16555.0,16900.650390625,381600,16732.44248046875,16717.949530821992,47.152503317355325,-206.4773842496652,-253.87371210693846,47.39632785727326,16732.44248046875,17609.616818489874,15855.268142447627,-0.012346456503312231,0.017836855564974972
2022-03-16,16975.349609375,16975.349609375,16987.900390625,16837.849609375,16876.650390625,260000,16713.5875,16742.463824017515,52.52342292338075,-161.25222587814642,-235.34941486118007,74.09718898303365,16713.5875,17551.997830137192,15875.17716986281,0.018745100484606647,0.016960019697630998
2022-03-17,17287.05078125,17287.05078125,17344.599609375,17175.75,17202.900390625,448300,16711.830078125,16794.32924851585,57.19827288330458,-99.11672653859932,-208.10287719666394,108.98615065806462,16711.830078125,17545.262684700123,15878.397471549879,0.018361988356508263,0.01749844134312019
2022-03-21,17117.599609375,17117.599609375,17353.349609375,17096.400390625,17329.5,285500,16702.480078125,16825.116901931007,54.08066748498489,-62.8230045670025,-179.04690267073167,116.22389810372917,16702.480078125,17512.982921281706,15891.977234968297,-0.009802202470463706,0.017636239286934766
2022-03-22,17315.5,17315.5,17334.400390625,17006.30078125,17120.400390625,338300,16704.4400390625,16871.820054128053,57.02661212234017,-17.88489488621417,-146.8145011138282,128.92960622761402,16704.4400390625,17520.653331060217,15888.226747064788,0.011561223252155806,0.017833114146486438
2022-03-23,17245.650390625,17245.650390625,17442.400390625,17199.599609375,17405.05078125,292100,16706.3900390625,16907.422943318237,55.66909538694794,11.954793658689596,-115.06064215932463,127.01543581801423,16706.3900390625,17527.564569548023,15885.215508576974,-0.0040339354552280104,0.017833144321381153
2022-03-24,17222.75,17222.75,17291.75,17091.150390625,17094.94921875,290300,16712.917578125,16937.454091573643,55.20510344231688,33.370418267561035,-85.37443007394751,118.74484834150854,16712.917578125,17548.209713655393,15877.625442594612,-0.0013278937068936791,0.01776405725460725
2022-03-25,17153.0,17153.0,17294.900390625,17076.55078125,17289.0,237100,16717.405078125,16957.982273328533,53.736015671536435,44.2046493056514,-59.45861419802773,103.66326350367913,16717.405078125,17561.099541481988,15873.710614768015,-0.004049875890900112,0.0177873918521709
2022-03-28,17222.0,17222.0,17235.099609375,17003.900390625,17181.849609375,253200,16766.107568359374,16983.126818725814,55.01145563086424,57.69352377360701,-36.02818660370079,93.7217103773078,16766.107568359374,17608.234783758704,15923.980352960045,0.004022619949862971,0.013702668893425527
2022-03-29,17325.30078125,17325.30078125,17343.650390625,17235.69921875,17297.19921875,235100,16799.452587890624,17015.714815156687,56.92602513067285,75.84477237358806,-13.653594808243021,89.49836718183107,16799.452587890624,17674.066747533358,15924.838428247893,0.005998187274997013,0.012695875319273485
2022-03-30,17498.25,17498.25,17522.5,17387.19921875,17468.150390625,505000,16834.670068359374,17061.670547046528,59.99558954232692,102.99802707586787,9.676729568579157,93.3212975072887,16834.670068359374,17760.76198808471,15908.578148634038,0.009982465582194733,0.012749179881022695
2022-03-31,17464.75,17464.75,17559.80078125,17435.19921875,17519.19921875,281100,16877.610107421875,17100.05906637543,59.116802544092764,120.42581321496618,31.826546297856567,88.59926691710962,16877.610107421875,17836.363649581617,15918.856565262133,-0.001914477162001882,0.012402912370204185
2022-04-01,17670.44921875,17670.44921875,17703.69921875,17422.69921875,17436.900390625,291800,16936.230029296876,17154.38193803015,62.72700158894094,149.11674216195388,55.28458547067603,93.83215669127785,16936.230029296876,17937.4137729298,15935.046285663948,0.011777965258592316,0.012370754407702843
2022-04-04,18053.400390625,18053.400390625,18114.650390625,17791.400390625,17809.099609375,345500,17026.632568359375,17240.002743039182,68.33339139858023,200.44486553595198,84.31664148373122,116.12822405222076,17026.632568359375,18086.74066877121,15966.52446794754,0.021671841339984343,0.012171089243053431
2022-04-05,17957.400390625,17957.400390625,18095.44921875,17921.55078125,18080.599609375,283500,17131.345068359376,17308.326328523544,65.66685397163249,230.71681558069758,113.5966763031245,117.12013927757309,17131.345068359376,18122.55541240635,16140.134724312402,-0.005317557796472028,0.010456778669152992
2022-04-06,17807.650390625,17807.650390625,17901.0,17779.849609375,17842.75,328800,17221.055078125,17355.881001104637,61.62699694824435,239.85903495386447,138.8491480332725,101.00988692059195,17221.055078125,18110.91258980044,16331.197566449559,-0.008339180323571727,0.010918044869635313
2022-04-07,17639.55078125,17639.55078125,17787.5,17623.69921875,17723.30078125,308800,17285.76513671875,17382.89717064229,57.36099529200984,230.87865069547843,157.2550485657137,73.62360212976472,17285.76513671875,18096.167839983907,16475.362433453593,-0.00943974110495216,0.010769136621430263
2022-04-08,17784.349609375,17784.349609375,17842.75,17600.55078125,17698.150390625,274400,17345.23759765625,17421.130736235882,59.93382434540846,232.76254503639575,172.35654785985014,60.40599717654561,17345.23759765625,18117.80676790276,16572.668427409742,0.008208759390795572,0.010488025066296742
2022-04-11,17674.94921875,17674.94921875,17779.05078125,17650.94921875,17740.900390625,251700,17397.46259765625,17445.303925046752,57.12904102794208,222.85886932729773,182.45701215333966,40.401857173958064,17397.46259765625,18108.455414503478,16686.46978080902,-0.006151497975913078,0.010707010153795335
2022-04-12,17530.30078125,17530.30078125,17595.30078125,17442.349609375,17584.849609375,266000,17430.41259765625,17453.398863732775,53.560031509586665,201.02097033210885,186.16980378909352,14.851166543015324,17430.41259765625,18100.731865470978,16760.093329841522,-0.008183810641252287,0.010638654430369206
2022-04-13,17475.650390625,17475.650390625,17663.650390625,17457.400390625,17599.900390625,245100,17471.0451171875,17455.518056770128,52.232348097601836,177.26109271813402,184.38806157490163,-7.126968856767604,17471.0451171875,18041.43865397073,16900.65158040427,-0.0031174816283502382,0.01017499393267265
2022-04-18,17173.650390625,17173.650390625,17237.75,17067.849609375,17183.44921875,376100,17480.96015625,17428.67351713726,45.517577210846376,132.53456646538325,174.01736255299795,-41.4827960876147,17480.96015625,18022.71791779106,16939.20239470894,-0.017281188010147552,0.010323000408207305
2022-04-19,16958.650390625,16958.650390625,17275.650390625,16824.69921875,17258.94921875,401400,17464.54013671875,17383.909409850377,41.43379509262509,78.83105368655379,154.98010077970912,-76.14904709315533,17464.54013671875,18047.175814595776,16881.904458841727,-0.012519178806467801,0.009829061402884063
2022-04-20,17136.55078125,17136.55078125,17186.900390625,16978.94921875,17045.25,286100,17465.4876953125,17360.35144522177,45.76941165651199,50.04877650300841,133.993835924369,-83.94505942136058,17465.4876953125,18045.920808792005,16885.054581832992,0.010490244596548015,0.00991016272627656
2022-04-21,17392.599609375,17392.599609375,17414.69921875,17215.5,17234.599609375,285200,17469.34267578125,17363.42269895065,51.351581944993505,47.35375045176261,116.66581882984772,-69.31206837808512,17469.34267578125,18046.756243851098,16891.9291077114,0.014941678252146096,0.010142009840186685
2022-04-22,17171.94921875,17171.94921875,17315.30078125,17149.19921875,17242.75,262700,17465.6576171875,17345.187129407732,46.87386985075659,27.100878362307412,98.75283073633966,-71.65195237403225,17465.6576171875,18049.63795584036,16881.677278534637,-0.012686452605167986,0.010513061887509148
2022-04-25,16953.94921875,16953.94921875,17054.30078125,16888.69921875,17009.05078125,275700,17452.217578125,17307.926376011757,42.89428097995182,-6.465911774586857,77.70908223415437,-84.17499400874122,17452.217578125,18069.37134522187,16835.063811028132,-0.012695122564301942,0.010880282168102393
2022-04-26,17200.80078125,17200.80078125,17223.849609375,17064.44921875,17121.30078125,261100,17454.6076171875,17297.723938415398,48.25183347564127,-12.999130835974938,59.56743962012851,-72.56657045610345,17454.6076171875,18067.463042580268,16841.75219179473,0.014560121616207233,0.011366347510755435
2022-04-27,17038.400390625,17038.400390625,17110.69921875,16958.44921875,17073.349609375,265100,17445.42763671875,17273.026457673455,45.24445514590055,-30.92462843152316,41.46902600979818,-72.39365444132133,17445.42763671875,18077.15472545372,16813.700547983775,-0.009441443610115341,0.011525658454800367
2022-04-28,17245.05078125,17245.05078125,17322.5,17071.05078125,17189.5,312900,17441.41513671875,17270.362107537887,49.55311714264046,-28.131472840494098,27.548926239739725,-55.680399080233826,17441.41513671875,18077.149985989352,16805.68028744815,0.012128508890934642,0.011785395602085354
2022-04-29,17102.55078125,17102.55078125,17377.650390625,17053.25,17329.25,336200,17421.63017578125,17254.38007646285,46.817318236661805,-36.990037857893185,14.641133420213144,-51.63117127810633,17421.63017578125,18073.483525703246,16769.776825859255,-0.008263240381694681,0.011664011176607487
2022-05-02,17069.099609375,17069.099609375,17092.25,16917.25,16924.44921875,278200,17401.84765625,17236.73431769258,46.17287998263233,-46.1774396836845,2.4774187994336154,-48.65485848311811,17401.84765625,18071.049489548834,16732.645822951166,-0.0019559171203674675,0.011664171163649087
2022-05-04,16677.599609375,16677.599609375,17132.849609375,16623.94921875,17096.599609375,310600,17352.20517578125,17183.483393090904,39.34655974335747,-84.08007712914696,-14.8340803862825,-69.24599674286446,17352.20517578125,18079.151719226582,16625.25863233592,-0.022936183451936376,0.012219640585585334
2022-05-05,16682.650390625,16682.650390625,16945.69921875,16651.849609375,16854.75,265800,17283.66767578125,17135.785011903674,39.47088960827269,-112.41478685559923,-34.35022168014585,-78.06456517545338,17283.66767578125,17991.47237879139,16575.86297277111,0.00030284821366977077,0.010819814259468546
2022-05-06,16411.25,16411.25,16484.19921875,16340.900390625,16415.55078125,300500,17206.36015625,17066.78167743666,35.285353545283144,-154.98343917711827,-58.47686517954034,-96.50657399757793,17206.36015625,17940.200093356132,16472.52021914387,-0.0162684216398562,0.01116763328663788
2022-05-09,16301.849609375,16301.849609375,16403.69921875,16142.099609375,16227.7001953125,288400,17131.0701171875,16993.93100428793,33.732550273759415,-195.29585105520528,-85.84066235467333,-109.45518870053195,17131.0701171875,17910.277772472316,16351.862461902685,-0.006666182687180999,0.011143067989469534
2022-05-10,16240.0498046875,16240.0498046875,16404.55078125,16197.2998046875,16248.900390625,283100,17061.095068359376,16922.132794802175,32.85302121738434,-229.58395474039935,-114.58932083181854,-114.99463390858081,17061.095068359376,17894.552603290154,16227.6375334286,-0.003790968888092272,0.011078637776028835
2022-05-11,16167.099609375,16167.099609375,16318.75,15992.599609375,16270.0498046875,284300,16980.232568359374,16850.22487238054,31.799025453581535,-259.6509010743539,-143.60163688032563,-116.04926419402827,16980.232568359374,17830.95146248649,16129.513674232256,-0.0044919933245182175,0.010695370667145857
2022-05-12,15808.0,15808.0,16041.9501953125,15735.75,16021.099609375,314900,16886.885107421876,16750.965360725248,27.17694642736103,-308.8947634676297,-176.66026219778644,-132.23450126984324,16886.885107421876,17818.103254243248,15955.666960600505,-0.022211752141785834,0.011390311911500577
2022-05-13,15782.150390625,15782.150390625,16083.599609375,15740.849609375,15977.0,369100,16799.477587890626,16658.69726833475,26.874128432153185,-346.0180459940675,-210.53181895704267,-135.48622703702483,16799.477587890626,17798.426011044045,15800.529164737205,-0.0016352232651188903,0.011403348167375116
2022-05-16,15842.2998046875,15842.2998046875,15977.9501953125,15739.650390625,15845.099609375,217600,16717.81005859375,16580.945128939773,28.860470809343695,-366.36176940444784,-241.69780904652373,-124.66396035792411,16717.81005859375,17748.83650862055,15686.783608566951,0.0038112305721171857,0.011573188439001646
2022-05-17,16259.2998046875,16259.2998046875,16284.25,15900.7998046875,15912.599609375,295700,16672.092529296875,16550.312240915748,40.85516579408276,-344.8605638780591,-262.3303600128308,-82.53020386522832,16672.092529296875,17699.294271721887,15644.890786871865,0.026321935902047233,0.013109302013396872
2022-05-18,16240.2998046875,16240.2998046875,16399.80078125,16211.2001953125,16318.150390625,290400,16636.175,16520.787246989246,40.51993095350543,-325.6005246322784,-274.9843929367203,-50.61613169555807,16636.175,17670.993367553034,15601.356632446963,-0.0011685620062508173,0.012903652249982996
2022-05-19,15809.400390625,15809.400390625,15984.75,15775.2001953125,15917.400390625,313900,16569.81748046875,16453.0361178117,33.7552089049036,-341.1739454374929,-288.2223034368749,-52.951642000617994,16569.81748046875,17637.465286948438,15502.169673989065,-0.026532725334179386,0.013639661707364506
2022-05-20,16266.150390625,16266.150390625,16283.0498046875,16003.849609375,16043.7998046875,252400,16513.49501953125,16435.23747712725,44.35904839091242,-313.0514238981341,-293.18812752912675,-19.863296369007344,16513.49501953125,17518.59780741813,15508.392231644366,0.028891038794289337,0.014949435459044024
2022-05-23,16214.7001953125,16214.7001953125,16414.69921875,16185.75,16290.9501953125,293800,16465.632568359375,16414.233926478228,43.514091626407605,-291.55486079224465,-292.86147418175034,1.306613389505685,16465.632568359375,17431.14364555708,15500.121491161668,-0.0031630222318707046,0.014783337660057188
2022-05-24,16125.150390625,16125.150390625,16262.7998046875,16078.599609375,16225.5498046875,249800,16424.192626953125,16386.70216115887,42.0140306513585,-278.533835817776,-289.99594650895546,11.462110691179475,16424.192626953125,17373.317254005684,15475.067999900566,-0.005522754266735541,0.014615694560456367
2022-05-25,16025.7998046875,16025.7998046875,16223.349609375,16006.9501953125,16196.349609375,243300,16365.442578125,16352.330508161598,40.352016539492624,-273.0834061739024,-286.6134384419449,13.530032268042476,16365.442578125,17258.835329288166,15472.049826961831,-0.006161219184365629,0.014074457260789569
2022-05-26,16170.150390625,16170.150390625,16204.4501953125,15903.7001953125,16105.0,314300,16322.030078125,16334.98002077716,43.82886950710996,-254.18591847301832,-280.1279344481596,25.94201597514126,16322.030078125,17163.258579439975,15480.801576810027,0.009007387318995308,0.014263560448044695
2022-05-27,16352.4501953125,16352.4501953125,16370.599609375,16221.9501953125,16296.599609375,274100,16277.400048828125,16336.643846923384,47.954814694494985,-221.9410543052527,-268.49055841957824,46.54950411432554,16277.400048828125,17005.06045478061,15549.73964287564,0.011273847198922216,0.014218588579632149
2022-05-30,16661.400390625,16661.400390625,16695.5,16506.150390625,16527.900390625,251400,16255.342529296875,16367.573041561633,54.107178427873265,-169.5031416781676,-248.6930750712961,79.18993339312851,16255.342529296875,16904.079791966593,15606.605266627157,0.018893205092962884,0.014924242794529663
2022-05-31,16584.55078125,16584.55078125,16690.75,16521.900390625,16578.44921875,651600,16231.115087890625,16388.23758819862,52.44638774665008,-132.6181004341197,-225.47808014386084,92.85997970974114,16231.115087890625,16785.865173842103,15676.365001939146,-0.004612433983534836,0.014943132493913318
2022-06-01,16522.75,16522.75,16649.19921875,16438.849609375,16594.400390625,249600,16223.372607421876,16401.048294084463,51.088328580884735,-107.13822331488882,-201.81010877806645,94.67188546317763,16223.372607421876,16756.897089198595,15689.848125645156,-0.0037264067061659745,0.014073541717078432
2022-06-02,16628.0,16628.0,16646.400390625,16443.05078125,16481.650390625,236000,16220.640087890624,16422.662742266893,53.305901587412066,-77.55839681617726,-176.95976638568862,99.40136956951136,16220.640087890624,16745.21225160052,15696.067924180728,0.006370004993115463,0.014154024564889933
2022-06-03,16584.30078125,16584.30078125,16793.849609375,16567.900390625,16761.650390625,245500,16229.292626953125,16438.056841217665,52.24674322764546,-56.98544026515083,-152.96490116158108,95.97946089643025,16229.292626953125,16771.565511643505,15687.019742262744,-0.002628050201467391,0.013652106873745745
2022-06-06,16569.55078125,16569.55078125,16610.94921875,16444.55078125,16530.69921875,233600,16242.677685546874,16450.580073601697,51.8720960772212,-41.39425846288941,-130.65077262184275,89.25651415895334,16242.677685546874,16804.323001978577,15681.032369115173,-0.0008893953501298846,0.01355073133573721
2022-06-07,16416.349609375,16416.349609375,16487.25,16347.099609375,16469.599609375,233800,16251.49267578125,16447.32002938963,48.02046796422702,-40.92839174786786,-112.70629644704778,71.77790469917991,16251.49267578125,16818.207464305433,15684.777887257067,-0.009245946006475991,0.013704186629494701
2022-06-08,16356.25,16356.25,16514.30078125,16293.349609375,16474.94921875,243500,16260.9501953125,16438.646693257284,46.55991609561382,-44.89124687287767,-99.14328653221376,54.25203965933609,16260.9501953125,16828.028897340075,15693.871493284925,-0.0036609606157923524,0.013689094046280803
2022-06-09,16478.099609375,16478.099609375,16492.80078125,16243.849609375,16263.849609375,205000,16294.45517578125,16442.404113839923,49.88782208995868,-37.764269976538344,-86.86748322107869,49.10321324454034,16294.45517578125,16828.763997669164,15760.146353893337,0.00744972774168895,0.012646622864345161
2022-06-10,16201.7998046875,16201.7998046875,16324.7001953125,16172.599609375,16283.9501953125,189700,16315.437646484375,16419.48941773017,43.302750228987435,-53.791104178391834,-80.25220741254132,26.46110323414949,16315.437646484375,16798.087235544317,15832.788057424435,-0.016767698414100085,0.013319978273165603
2022-06-13,15774.400390625,15774.400390625,15886.150390625,15684.0,15877.5498046875,225500,16312.04267578125,16358.052367529675,35.49727990485046,-99.82927677823864,-84.1676212856808,-15.661655492557841,16312.04267578125,16808.708460281203,15815.376891281294,-0.026379749115209128,0.01467392373334498
2022-06-14,15732.099609375,15732.099609375,15858.0,15659.4501953125,15674.25,225400,16285.682666015626,16298.437819133993,34.82814589934648,-138.135835846173,-94.96126419777924,-43.17457164839375,16285.682666015626,16843.004773057746,15728.360558973503,-0.00268160945598539,0.013292087485188047
2022-06-15,15692.150390625,15692.150390625,15783.650390625,15678.900390625,15729.25,183000,16258.2751953125,16240.696159275994,34.17298861546264,-169.76073192964213,-109.92115774415183,-59.83957418549031,16258.2751953125,16872.805458816343,15643.744931808656,-0.0025393443813560568,0.013293481902315791
2022-06-16,15360.599609375,15360.599609375,15863.150390625,15335.099609375,15832.25,264700,16235.83515625,16156.877440237804,29.25447405244647,-219.05197230068188,-131.74732065545786,-87.30465164522403,16235.83515625,16940.462573265966,15531.207739234032,-0.021128447854290244,0.012806688418954819
2022-06-17,15293.5,15293.5,15400.400390625,15183.400390625,15272.650390625,342600,16187.20263671875,16074.651017358014,28.36469190061058,-260.52682208795704,-157.5032209419577,-103.02360114599935,16187.20263671875,17002.34349303786,15372.061780399637,-0.00436829362663993,0.01064933115219683
2022-06-20,15350.150390625,15350.150390625,15382.5,15191.099609375,15334.5,260000,16143.975146484376,16005.650957669155,30.292390730926826,-285.53327640604584,-183.10923203477535,-102.4240443712705,16143.975146484376,17036.70143229946,15251.248860669293,0.0037042135956451006,0.010754801146591704
2022-06-21,15638.7998046875,15638.7998046875,15707.25,15419.849609375,15455.9501953125,262800,16119.6576171875,15970.712752623283,39.261126665427895,-278.84512323823765,-202.25641027546783,-76.58871296276982,16119.6576171875,17039.203376443696,15200.111857931304,0.018804337854487096,0.011746417658097088
2022-06-22,15413.2998046875,15413.2998046875,15565.400390625,15385.9501953125,15545.650390625,220900,16089.0326171875,15917.625805200827,35.42636648118621,-288.41599898154345,-219.48832801668297,-68.92767096486048,16089.0326171875,17058.4856871855,15119.5795471895,-0.014419265085317434,0.012061133415966046
2022-06-23,15556.650390625,15556.650390625,15628.4501953125,15367.5,15451.5498046875,259200,16058.3576171875,15883.247194288844,39.473596866485906,-281.1923819651129,-231.82913880636897,-49.3632431587439,16058.3576171875,17054.071221004873,15062.644013370125,0.009300447519609234,0.012075222871936993
2022-06-24,15699.25,15699.25,15749.25,15619.4501953125,15657.400390625,219600,16025.697607421875,15865.72365197562,43.28187052548401,-260.9529139597598,-237.65389383704715,-23.299020122712676,16025.697607421875,17023.53148293332,15027.863731910431,0.009166472588529428,0.011963236063489426
2022-06-27,15832.0498046875,15832.0498046875,15927.4501953125,15815.5,15926.2001953125,210900,15984.230078125,15862.516618900561,46.648488183860906,-231.52824191257605,-236.42876345215294,4.900521539576886,15984.230078125,16941.032308348447,15027.427847901552,0.008458990377725017,0.011209372904603571
2022-06-28,15850.2001953125,15850.2001953125,15892.099609375,15710.150390625,15757.4501953125,251900,15947.512548828125,15861.343626177888,47.11056486191865,-204.38833103472643,-230.02067696866766,25.632345933941224,15947.512548828125,16864.896662766845,15030.128434889402,0.0011464333961117568,0.011225927869762379
2022-06-29,15799.099609375,15799.099609375,15861.599609375,15687.7998046875,15701.7001953125,444900,15911.330029296874,15855.415624577612,45.90510462998452,-184.87205636436192,-220.9909528478065,36.11889648344459,15911.330029296874,16791.43375540073,15031.226303193018,-0.0032239710103227903,0.011222898083994605
2022-06-30,15780.25,15780.25,15890.0,15728.849609375,15774.5,306000,15868.942529296875,15848.256993665458,45.443187023785974,-168.9783962580732,-210.58844152985986,41.610045271786674,15868.942529296875,16686.32187422275,15051.563184371,-0.001193081241402827,0.011045785448481336
2022-07-01,15752.0498046875,15752.0498046875,15793.9501953125,15511.0498046875,15703.7001953125,364100,15827.32998046875,15839.094404238986,44.718213043319274,-156.85000695462077,-199.84075461481206,42.99074766019129,15827.32998046875,16576.708304626438,15077.951656311061,-0.0017870563085186086,0.011047092449981892
2022-07-04,15835.349609375,15835.349609375,15852.349609375,15661.7998046875,15710.5,304300,15790.619921875,15838.737757109082,47.38822462769467,-138.91524451155055,-187.65565259415976,48.74040808260921,15790.619921875,16458.461129481002,15122.778714269001,0.005288188249805481,0.011180428185045718
2022-07-05,15810.849609375,15810.849609375,16025.75,15785.4501953125,15909.150390625,254200,15760.344921875,15836.081743039169,46.67419749214714,-125.23512869989645,-175.1715478153071,49.936419115410644,15760.344921875,16363.768401501151,15156.921442248848,-0.0015471713984448465,0.011057061970199107
2022-07-06,15989.7998046875,15989.7998046875,16011.349609375,15800.900390625,15818.2001953125,288400,15742.022412109374,15850.721558434248,52.324716478971425,-98.81467903677913,-159.9001740596015,61.085495022822386,15742.022412109374,16291.828172837608,15192.21665138114,0.011318189707300252,0.011426849076221383
2022-07-07,16132.900390625,16132.900390625,16150.5,16045.9501953125,16113.75,264600,15724.762451171875,15877.595732928605,56.31141029882137,-65.57337197195011,-141.03481364207124,75.46144167012113,15724.762451171875,16197.298100911132,15252.226801432618,0.00894949203151052,0.0114904457212684
2022-07-08,16220.599609375,16220.599609375,16275.5,16157.900390625,16273.650390625,281100,15725.70244140625,15910.262768780642,58.596462087108186,-31.78638890723414,-119.18512869510383,87.39873978786969,15725.70244140625,16202.089233948918,15249.315648863583,0.005436047866567373,0.01094604991538929
2022-07-11,16216.0,16216.0,16248.5498046875,16115.5,16136.150390625,255900,15747.782421875,15939.380600325343,58.42386707901619,-5.3197882350796135,-96.412060603099,91.09227236801938,15747.782421875,16269.891907615363,15225.672936134635,-0.00028356592763323363,0.009004759453478022
2022-07-12,16058.2998046875,16058.2998046875,16158.75,16031.150390625,16126.2001953125,208600,15764.092431640625,15950.706238836025,52.69317388760146,2.896704269287511,-76.5503076286217,79.4470118979092,15764.092431640625,16303.322687013982,15224.862176267268,-0.0097249750439381,0.009306295807112081
2022-07-13,15966.650390625,15966.650390625,16140.0,15950.150390625,16128.2001953125,233300,15777.817431640626,15952.224729482594,49.645431249711976,1.9900519270486257,-60.84223571748763,62.83228764453626,15777.817431640626,16322.965649748785,15232.669213532467,-0.005707292501522909,0.009397437512848404
2022-07-14,15938.650390625,15938.650390625,16070.849609375,15858.2001953125,16018.849609375,228600,15806.719970703125,15950.93193530568,48.71832543154687,-0.9765851151860261,-48.869105597027314,47.89252048184129,15806.719970703125,16320.72819879426,15292.71174261199,-0.0017536552323109689,0.007882617517093836
2022-07-15,16049.2001953125,16049.2001953125,16066.9501953125,15927.2998046875,16010.7998046875,205800,15844.50498046875,15960.290817211091,52.49068771855773,5.529043617283605,-37.989475754165134,43.51851937144874,15844.50498046875,16310.953278668092,15378.056682269407,0.0069359576863876615,0.007816143535627228
2022-07-18,16278.5,16278.5,16287.9501953125,16142.2001953125,16151.400390625,227700,15890.9224609375,15990.596453667178,59.195540072178254,28.854759452638973,-24.620628712804315,53.47538816544329,15890.9224609375,16335.61193485888,15446.23298701612,0.014287304158276504,0.008252072913454324
2022-07-19,16340.5498046875,16340.5498046875,16359.5,16187.0498046875,16187.0498046875,222600,15926.0099609375,16023.925344240542,60.80743090353268,51.75090574369824,-9.346321821503803,61.09722756520205,15926.0099609375,16395.631064043082,15456.388857831915,0.003811764271124396,0.007372275916948591
2022-07-20,16520.849609375,16520.849609375,16588.0,16490.94921875,16562.80078125,284400,15981.387451171875,16071.251464729537,65.11918633297302,83.4826183884743,9.219466220491816,74.26315216798248,15981.387451171875,16457.275899644574,15505.499002699176,0.01103388850696918,0.006492644048140168
2022-07-21,16605.25,16605.25,16626.94921875,16483.900390625,16523.55078125,243600,16033.817431640626,16122.108468088629,66.95204453250378,114.12507263707812,30.20058750380908,83.92448513326904,16033.817431640626,16541.000619283528,15526.634243997725,0.005108719746296009,0.006361734496932825
2022-07-22,16719.44921875,16719.44921875,16752.25,16610.900390625,16661.25,190900,16084.827392578125,16178.998063389712,69.30248290682576,145.94203204681435,53.348876412410135,92.59315563440421,16084.827392578125,16649.148079425842,15520.506705730408,0.006877295960614926,0.006270302764270315
2022-07-25,16631.0,16631.0,16706.05078125,16564.25,16662.55078125,211400,16124.77490234375,16222.045866876406,65.42151188148893,162.15091405390922,75.10928394070996,87.04163011319926,16124.77490234375,16723.904458525074,15525.645346162426,-0.005290199311757782,0.006412200932421336
2022-07-26,16483.849609375,16483.849609375,16636.099609375,16463.30078125,16632.900390625,208200,16156.457373046875,16246.979556638176,59.45610385776332,161.26381421982296,92.34018999653257,68.92362422329039,16156.457373046875,16761.147197988783,15551.767548104968,-0.00884795806776506,0.006893330887084239
2022-07-27,16641.80078125,16641.80078125,16653.44921875,16438.75,16475.349609375,185200,16198.592431640625,16284.581578029778,63.32217038232801,171.331122200585,108.13837643734307,63.192745763241945,16198.592431640625,16815.130396622037,15582.054466659216,0.0095821774414373,0.006978318018295439
2022-07-28,16929.599609375,16929.599609375,16947.650390625,16746.25,16774.849609375,376300,16256.059912109375,16346.011866729323,69.10323365689369,200.22443386271334,126.55558792241713,73.66884594029621,16256.059912109375,16918.465556541367,15593.654267677384,0.017293731123692924,0.00763909027151406
2022-07-29,17158.25,17158.25,17172.80078125,17018.150390625,17079.5,436100,16326.369921875,16423.367879421767,72.77473595498442,238.81980112520068,149.00843056297384,89.81137056222684,16326.369921875,17055.06148978514,15597.678353964859,0.013505953826479233,0.00783961122044653
2022-08-01,17340.05078125,17340.05078125,17356.25,17154.80078125,17243.19921875,381500,16401.60498046875,16510.67101292922,75.28909822507745,280.83936997899946,175.37461844617897,105.46475153282049,16401.60498046875,17217.472452826893,15585.73750811061,0.010595531668439406,0.007963185098874743
2022-08-02,17345.44921875,17345.44921875,17390.150390625,17215.849609375,17310.150390625,333600,16478.3349609375,16590.173699197865,75.36186290679429,310.9908805342093,202.49787086378504,108.49300967042424,16478.3349609375,17344.62577837311,15612.044143501891,0.000311327663805816,0.007898514656773534
2022-08-03,17388.150390625,17388.150390625,17407.5,17225.849609375,17349.25,285400,16548.252490234376,16666.17147933378,75.96475148473853,334.47616455998286,228.8935296030246,105.58263495695826,16548.252490234376,17469.515449547514,15626.989530921239,0.002461808358865669,0.0077532174734851675
2022-08-04,17382.0,17382.0,17490.69921875,17161.25,17463.099609375,325000,16610.707470703124,16734.345624159134,75.67751233971723,348.5739922276407,252.82962212794783,95.74437009969287,16610.707470703124,17579.028931034918,15642.386010371332,-0.0003537116074355806,0.007734165773053144
2022-08-05,17397.5,17397.5,17474.400390625,17348.75,17423.650390625,355300,16669.552490234375,16797.503183763027,75.92458177694145,356.88341285355637,273.6403802730696,83.24303258048678,16669.552490234375,17678.099550803214,15661.005429665536,0.0008917270739845495,0.007749196282426158
2022-08-08,17525.099609375,17525.099609375,17548.80078125,17359.75,17401.5,257000,16735.007470703124,16866.798081440356,77.91359804852027,369.5054814666946,292.8134005117946,76.6920809549,16735.007470703124,17786.330426717974,15683.684514688273,0.007334364671648164,0.0077387460067849774
2022-08-10,17534.75,17534.75,17566.099609375,17442.80078125,17566.099609375,312700,16808.82998046875,16930.412549874607,78.06122211303025,375.95350961554504,309.44142233254473,66.51208728300031,16808.82998046875,17867.041620754284,15750.618340183213,0.0005506610997998429,0.007100077039230886
2022-08-11,17659.0,17659.0,17719.30078125,17631.94921875,17711.650390625,311200,16893.4474609375,16999.80183083893,79.92197760329668,386.63269395307,324.8796766566498,61.75301729642018,16893.4474609375,17939.332695437144,15847.562226437853,0.007085929368824795,0.006703805333009209
2022-08-12,17698.150390625,17698.150390625,17724.650390625,17597.849609375,17659.650390625,303900,16981.4224609375,17066.31121748522,80.48367109524467,393.716613766479,338.64706407861564,55.06954968786334,16981.4224609375,17986.45947177763,15976.385450097372,0.0022170219505635025,0.006548037194987898
2022-08-16,17825.25,17825.25,17839.099609375,17764.05078125,17797.19921875,0,17070.224951171876,17138.591101534246,82.22244563590954,404.9188945531532,351.9014301735232,53.01746437963004,17070.224951171876,18043.44495543701,16097.004946906742,0.007181519343531395,0.006551555346986976
2022-08-17,17944.25,17944.25,17965.94921875,17833.349609375,17868.150390625,262800,17153.512451171875,17215.320520435747,83.68780758044745,418.57402742529666,365.2359496238779,53.33807780141876,17153.512451171875,18126.563438330835,16180.461464012915,0.006675923198833145,0.006213248429687128
2022-08-18,17956.5,17956.5,17968.44921875,17852.05078125,17898.650390625,263900,17234.3099609375,17285.90904229901,83.8355171116633,425.47962694136004,377.2846850873743,48.19494185398571,17234.3099609375,18192.16768579676,16276.452236078236,0.0006826699360520383,0.006281155260902368
2022-08-19,17758.44921875,17758.44921875,17992.19921875,17710.75,17966.55078125,295600,17296.18994140625,17330.912868627674,72.41808643136608,410.2423035343854,383.8762087767766,26.366094757608835,17296.18994140625,18221.02189955164,16371.357983260861,-0.011029475746944017,0.007013318574762862
2022-08-22,17490.69921875,17490.69921875,17690.05078125,17467.349609375,17682.900390625,287600,17340.46240234375,17346.13061625837,60.435051264708896,372.2701293148566,381.5549928843926,-9.284863569536014,17340.46240234375,18211.990439119192,16468.934365568308,-0.0150773300473388,0.008151281055879814
2022-08-23,17577.5,17577.5,17625.55078125,17345.19921875,17357.349609375,285600,17383.36494140625,17368.165795662335,62.595869284593725,345.201734578015,374.2843412231171,-29.08260664510209,17383.36494140625,18211.799909979345,16554.929972833153,0.00496268217550444,0.008109942713494762
2022-08-24,17604.94921875,17604.94921875,17623.650390625,17499.25,17525.44921875,262000,17432.06240234375,17390.71659786116,63.27885996687103,322.2500611707692,363.87748521264757,-41.627424041878385,17432.06240234375,18189.312720091733,16674.812084595764,0.001561611079505143,0.007904013248295198
2022-08-25,17522.44921875,17522.44921875,17726.5,17487.44921875,17679.0,230200,17483.9923828125,17403.262561755335,59.747641224047456,294.0144189152852,349.90487195317513,-55.89045303788993,17483.9923828125,18104.035613087282,16863.949152537716,-0.004686182219266755,0.007629019855652032
2022-08-26,17558.900390625,17558.900390625,17685.849609375,17519.349609375,17619.30078125,266600,17529.84736328125,17418.085212123875,60.78880320839432,271.4496710992753,334.2138317823952,-62.76416068311988,17529.84736328125,18014.932710053185,17044.762016509314,0.002080255529346653,0.007475768416098072
2022-08-29,17312.900390625,17312.900390625,17380.150390625,17166.19921875,17188.650390625,244900,17549.01240234375,17408.067610076363,51.169447387332035,231.05336245596845,313.5817379171098,-82.52837546114137,17549.01240234375,17962.76634291571,17135.258461771788,-0.014009988924553851,0.007538937107055151
2022-08-30,17759.30078125,17759.30078125,17777.650390625,17401.5,17414.94921875,324700,17579.06494140625,17441.518388283377,62.70314884961524,232.38103371171383,297.3415970760306,-64.96056336431678,17579.06494140625,17961.013749973485,17197.116132839015,0.02578426378902554,0.008963628969870019
2022-09-01,17542.80078125,17542.80078125,17695.599609375,17468.44921875,17485.69921875,308500,17589.20244140625,17451.164330470674,55.817209324122466,213.5023598099615,280.5737496228168,-67.07138981285533,17589.20244140625,17955.687476369836,17222.717406442665,-0.012190795272107646,0.009225908698238486
2022-09-02,17539.44921875,17539.44921875,17643.849609375,17476.44921875,17598.400390625,256300,17598.90244140625,17459.572415068706,55.71520427115796,196.01093954721728,263.66118760769695,-67.65024806047967,17598.90244140625,17948.96939325138,17248.835489561123,-0.0001910505934481499,0.00922748201480897
2022-09-05,17665.80078125,17665.80078125,17683.150390625,17540.349609375,17546.44921875,230300,17612.7849609375,17479.213211847877,58.77394930329701,190.1524193750156,248.9594339611607,-58.8070145861451,17612.7849609375,17950.10938278251,17275.46053909249,0.007203850071011875,0.009338191280851376
2022-09-06,17655.599609375,17655.599609375,17764.650390625,17587.650390625,17695.69921875,251200,17626.46494140625,17496.01191637427,58.42309458623987,182.58166285833067,235.6838797405947,-53.10221688226403,17626.46494140625,17947.01677386982,17305.913108942685,-0.0005774531254664206,0.00933982253333305
2022-09-07,17624.400390625,17624.400390625,17650.75,17484.30078125,17519.400390625,354100,17637.8099609375,17508.239390112434,57.29654778401499,172.0806291873305,222.96322962994188,-50.88260044261139,17637.8099609375,17940.720018575816,17334.89990329918,-0.0017671004916441913,0.009357691006011675
2022-09-08,17798.75,17798.75,17807.650390625,17691.94921875,17748.150390625,279800,17651.49248046875,17535.907067244585,61.736802501003,175.80052174067896,213.53068805208932,-37.73016631141036,17651.49248046875,17957.50763078059,17345.47733015691,0.009892512965589573,0.009470105044082631
2022-09-09,17833.349609375,17833.349609375,17925.94921875,17786.0,17923.349609375,270300,17666.4224609375,17564.234928399863,62.56859673938114,179.47162552332156,206.71887554633577,-27.247250023014203,17666.4224609375,17977.295902503032,17355.54901937197,0.0019439347917691308,0.009473163089384245
2022-09-12,17936.349609375,17936.349609375,17980.55078125,17889.150390625,17890.849609375,228200,17680.28994140625,17599.674421826065,65.00732023838466,188.51910996244987,203.0789224295586,-14.559812467108713,17680.28994140625,18012.60633149263,17347.97355131987,0.005775695663245095,0.009432482260693816
2022-09-13,18070.05078125,18070.05078125,18088.30078125,18015.44921875,18044.44921875,259900,17698.8849609375,17644.47217034263,67.92831577993579,204.12484954481624,203.28810785261012,0.8367416922061182,17698.8849609375,18072.207860637554,17325.562061237444,0.007454201929980142,0.009545280504237896
2022-09-14,18003.75,18003.75,18091.55078125,17771.150390625,17771.150390625,365900,17707.8099609375,17678.689106500475,65.02942584214497,208.73640826838164,204.37776793576444,4.358640332617199,17707.8099609375,18100.806498746068,17314.81342312893,-0.0036690976717561608,0.00948863444976279
2022-09-15,17877.400390625,17877.400390625,18096.150390625,17861.5,18046.349609375,289600,17704.46748046875,17697.613990702812,59.79259857517382,199.8915192467466,203.4805181979609,-3.588998951214279,17704.46748046875,18090.437679293384,17318.497281644115,-0.007017960667916379,0.009516668966757529
2022-09-16,17530.849609375,17530.849609375,17820.05078125,17497.25,17796.80078125,468500,17683.1849609375,17681.731668671593,48.302887990151255,163.03872029251215,195.39215861687114,-32.35343832435899,17683.1849609375,18057.999270539873,17308.370651335124,-0.019384853148544656,0.010438226988339537
2022-09-19,17622.25,17622.25,17667.19921875,17429.69921875,17540.650390625,258300,17676.375,17676.066747845725,50.97844726773902,139.59865289626032,184.233457472749,-44.634804576488676,17676.375,18050.42036703841,17302.32963296159,0.0052136885924867205,0.01025922380088807
2022-09-20,17816.25,17816.25,17919.30078125,17744.400390625,17770.400390625,263100,17692.6525390625,17689.41753376518,56.16424044929052,135.11884336476578,174.41053465115237,-39.291691286386595,17692.6525390625,18061.255316409086,17324.049761715913,0.011008809885230342,0.00993955646704893
2022-09-21,17718.349609375,17718.349609375,17838.69921875,17663.599609375,17766.349609375,245500,17699.69501953125,17692.172969537543,53.11087382484264,122.25948743279878,163.98032520748166,-41.72083777468288,17699.69501953125,18064.59181011323,17334.79822894927,-0.005495005437451739,0.009993350225318358
2022-09-22,17629.80078125,17629.80078125,17722.75,17532.44921875,17609.650390625,284100,17700.93759765625,17686.232761129206,50.43986071561247,103.72749877604292,151.92975992119392,-48.202261145151,17700.93759765625,18064.702878203047,17337.172317109456,-0.004997577656902563,0.010062219206205402
2022-09-23,17327.349609375,17327.349609375,17642.150390625,17291.650390625,17593.849609375,390800,17691.1826171875,17652.053413343092,42.56562021202176,63.89889567572391,134.3235870720999,-70.424691396376,17691.1826171875,18082.95617100679,17299.40906336821,-0.017155677232420508,0.010739143474654116
2022-09-26,17016.30078125,17016.30078125,17196.400390625,16978.30078125,17156.30078125,492000,17664.05263671875,17591.50554361994,36.290947411008496,7.15294518344308,108.88945869436856,-101.73651351092548,17664.05263671875,18152.04418901659,17176.061084420908,-0.017951321762256445,0.011399177138604846
2022-09-27,17007.400390625,17007.400390625,17176.44921875,16942.349609375,17110.900390625,359900,17648.77763671875,17535.876481429947,36.12684034553549,-38.09765055333992,79.49203684482687,-117.58968739816679,17648.77763671875,18195.384723287076,17102.170550150426,-0.0005230508522044985,0.011012958534363272
2022-09-28,16858.599609375,16858.599609375,17037.599609375,16820.400390625,16870.55078125,323900,17603.742578125,17471.37392218662,33.40697761083341,-84.98638303311964,46.59635286923757,-131.5827359023572,17603.742578125,18246.471036309704,16961.014119940293,-0.00874917846539458,0.009173859823543724
2022-09-29,16818.099609375,16818.099609375,17026.05078125,16788.599609375,16993.599609375,340000,17567.50751953125,17409.157320966464,32.68568888379424,-123.9848328901171,12.480115717366637,-136.46494860748373,17567.50751953125,18295.897626152215,16839.117412910284,-0.0024023347691036756,0.008889657580091956
2022-09-30,17094.349609375,17094.349609375,17187.099609375,16747.69921875,16798.05078125,376100,17545.2525390625,17379.17563414823,41.900314357277956,-131.08920434058382,-16.233748294223457,-114.85545604636036,17545.2525390625,18302.345161362296,16788.159916762706,0.01642575596626905,0.009803953335561475
2022-10-03,16887.349609375,16887.349609375,17114.650390625,16855.55078125,17102.099609375,278400,17506.32998046875,17332.335060360303,37.73223866307174,-151.67423377510568,-43.3218453903999,-108.35238838470578,17506.32998046875,18313.045700973944,16699.614259963553,-0.012109264448790458,0.009879481048862482
2022-10-04,17274.30078125,17274.30078125,17287.30078125,17117.30078125,17147.44921875,226000,17487.2650390625,17326.80798615932,48.12133178313849,-135.20572479189286,-61.698621270698496,-73.50710352119437,17487.2650390625,18296.985726202314,16677.544351922683,0.02291367093271912,0.011367430984917309
2022-10-06,17331.80078125,17331.80078125,17428.80078125,17315.650390625,17379.25,265500,17472.63505859375,17327.283490453672,49.47046867665377,-116.17534624616383,-72.59396626579156,-43.58137998037226,17472.63505859375,18282.489398601825,16662.780718585676,0.0033286441360573793,0.011407071693034811
2022-10-07,17314.650390625,17314.650390625,17337.349609375,17216.94921875,17287.19921875,216300,17448.430078125,17326.080338089036,49.060650368686694,-101.30969226450907,-78.33711146553507,-22.972580798973993,17448.430078125,18246.704572126215,16650.155584123782,-0.0009895331040011834,0.011127574536112121
2022-10-10,17241.0,17241.0,17280.150390625,17064.69921875,17094.349609375,234000,17418.81259765625,17317.977448747224,47.250408439816454,-94.38353079296212,-81.54639533102049,-12.837135461941628,17418.81259765625,18201.56813135133,16636.057063961172,-0.00425364584114718,0.011118216459586872
2022-10-11,16983.55078125,16983.55078125,17261.80078125,16950.30078125,17256.05078125,282600,17371.17265625,17286.127289937966,41.487732185500434,-108.4187148304336,-86.92085923090312,-21.49785559953048,17371.17265625,18137.95139064865,16604.39392185135,-0.014932383199930399,0.011354093486489638
2022-10-12,17123.599609375,17123.599609375,17142.349609375,16960.05078125,17025.55078125,256000,17323.85009765625,17270.648463217683,45.38955005852531,-107.00741444149753,-90.93817027302201,-16.06924416847552,17323.85009765625,18026.391402709298,16621.308792603202,0.008246145339619648,0.011392554645161692
2022-10-13,17014.349609375,17014.349609375,17112.349609375,16956.94921875,17087.349609375,266400,17274.380078125,17246.239048566,42.98169547258464,-113.39733676422111,-95.43000357126184,-17.967333192959273,17274.380078125,17915.06759086721,16633.69256538279,-0.006380083772817624,0.01142172525472422
2022-10-14,17185.69921875,17185.69921875,17348.55078125,17169.75,17322.30078125,227000,17239.79501953125,17240.473350488286,47.670551444187275,-103.44249411234705,-97.03250167947888,-6.409992432868165,17239.79501953125,17818.191201553953,16661.39883750855,0.010070888003887335,0.011721705414659552
2022-10-17,17311.80078125,17311.80078125,17328.55078125,17098.55078125,17144.80078125,212200,17228.842578125,17247.266439132258,50.87239576383434,-84.4049002214233,-94.50698138786777,10.102081166444464,17228.842578125,17792.896414720166,16664.788741529836,0.007337586960815656,0.011132665217226643
2022-10-18,17486.94921875,17486.94921875,17527.80078125,17434.05078125,17438.75,239500,17222.0775390625,17270.093370524424,54.99164158397703,-54.55557209923063,-86.51669953014034,31.961127430909713,17222.0775390625,17770.113664909448,16674.04141321555,0.010117285874136073,0.011319173804545871
2022-10-19,17512.25,17512.25,17607.599609375,17472.849609375,17568.150390625,210500,17206.8775390625,17293.155906664957,55.57116290368901,-28.52933450094133,-74.91922652430054,46.38989202335921,17206.8775390625,17702.509725248314,16711.24535287669,0.0014468379208691928,0.011013083412527363
2022-10-20,17563.94921875,17563.94921875,17584.150390625,17421.0,17423.099609375,249600,17199.15751953125,17318.94574591115,56.79533264918318,-3.6891327843222825,-60.67320777630489,56.98407499198261,17199.15751953125,17666.69593540966,16731.61910365284,0.0029521745492440132,0.010985598810634304
2022-10-21,17576.30078125,17576.30078125,17670.150390625,17520.75,17622.849609375,277700,17196.48251953125,17343.455749276756,57.099464574929044,16.799914945615456,-45.178583231920825,61.97849817753628,17196.48251953125,17654.653046760264,16738.31199230224,0.0007032337856462956,0.0109333231289979
2022-10-24,17730.75,17730.75,17777.55078125,17707.400390625,17736.349609375,45000,17216.6525390625,17380.340916012305,60.81404902169314,44.98187104518729,-27.146492376499204,72.12836342168649,17216.6525390625,17728.468934233857,16704.83614389114,0.008787356376761757,0.010324732853649685
2022-10-25,17656.349609375,17656.349609375,17811.5,17637.0,17808.30078125,251400,17248.65498046875,17406.627458237323,58.19982163271262,60.61406336912478,-9.594381227374408,70.20844459649919,17248.65498046875,17785.775017982654,16711.534942954844,-0.004196122026705051,0.009398301765757485
2022-10-27,17736.94921875,17736.94921875,17783.900390625,17654.5,17771.400390625,324600,17285.132421875,17438.086673524245,60.19604034616175,78.60034740931223,8.04456449996292,70.55578290934932,17285.132421875,17850.12889706432,16720.13594668568,0.004564907874966551,0.009398416603166699
2022-10-28,17786.80078125,17786.80078125,17838.900390625,17723.69921875,17756.400390625,250000,17331.54248046875,17471.2975409267,61.42316067573086,95.77319775522483,25.590291151015304,70.18290660420952,17331.54248046875,17901.23856028099,16761.84640065651,0.002810605244745412,0.009041931002342756
2022-10-31,18012.19921875,18012.19921875,18022.80078125,17899.900390625,17910.19921875,227200,17391.2474609375,17522.81198643368,66.45821190981891,126.11677981820321,45.69558888445289,80.42119093375032,17391.2474609375,17983.048852690248,16799.44606918475,0.012672230395564199,0.009218851850968055
2022-11-01,18145.400390625,18145.400390625,18175.80078125,18060.150390625,18130.69921875,349900,17443.8,17582.106120166187,69.03068411858794,159.0787477969643,68.37222066695517,90.70652713000914,17443.8,18103.573803095882,16784.026196904117,0.007395053222392978,0.008760975459408595
2022-11-02,18082.849609375,18082.849609375,18178.75,18048.650390625,18177.900390625,270900,17503.575,17629.79597628131,66.45323566377542,178.1009823495915,90.31797300348245,87.78300934610905,17503.575,18167.471634992788,16839.678365007214,-0.003447197631545107,0.008167468925341639
2022-11-03,18052.69921875,18052.69921875,18106.30078125,17959.19921875,17968.349609375,213000,17542.494921875,17670.072475564044,65.1897451579659,188.5696422785768,109.96830685850132,78.60133542007547,17542.494921875,18238.550845437618,16846.438998312384,-0.0016673473084335422,0.006824675854333287
2022-11-04,18117.150390625,18117.150390625,18135.099609375,18017.150390625,18053.400390625,267900,17581.76240234375,17712.65132461747,66.64950268647831,199.764046050248,127.92745469685066,71.83659135339734,17581.76240234375,18313.536606597543,16849.988198089955,0.003570168155688336,0.0068269386322217535
2022-11-07,18202.80078125,18202.80078125,18255.5,18064.75,18211.75,314800,17626.169921875,17759.332225249138,68.53769928865299,213.09058676394488,144.9600811102695,68.13050565367539,17626.169921875,18394.592555001866,16857.747288748134,0.004727586225111935,0.006804232403912629
2022-11-09,18157.0,18157.0,18296.400390625,18117.5,18288.25,307200,17671.969921875,17797.205346653984,66.37364193328176,217.44960235999315,159.45798536021422,57.99161699977893,17671.969921875,18452.20560660535,16891.73423714465,-0.002516139235956394,0.006723727427928637
2022-11-10,18028.19921875,18028.19921875,18103.099609375,17969.400390625,18044.349609375,256500,17724.20234375,17819.20476304408,60.58064336634365,208.11202117615176,169.18879252340173,38.923228652750026,17724.20234375,18451.148352681594,16997.256334818405,-0.007093725904609771,0.0058140815642562325
2022-11-11,18349.69921875,18349.69921875,18362.30078125,18259.349609375,18272.349609375,378500,17785.50732421875,17869.728044539883,68.0715274793287,224.07132912412635,180.16529984354665,43.9060292805797,17785.50732421875,18506.285956393498,17064.728692044002,0.017833173247033374,0.0066097038791646115
2022-11-14,18329.150390625,18329.150390625,18399.44921875,18311.400390625,18376.400390625,301400,17851.24736328125,17913.482553690847,67.19263452734944,232.38231824576724,190.60870352399078,41.773614721776454,17851.24736328125,18516.384595853353,17186.11013070915,-0.0011198455015547504,0.006293617506210025
2022-11-15,18403.400390625,18403.400390625,18427.94921875,18282.0,18362.75,250900,17912.132421875,17960.141395303624,68.76208152882481,242.1686223354227,200.92068728627717,41.247935049145525,17912.132421875,18544.55894195224,17279.705901797763,0.004050924260950772,0.006116745181953492
2022-11-16,18409.650390625,18409.650390625,18442.150390625,18344.150390625,18398.25,219300,17967.02490234375,18002.951775810423,68.8969611580401,247.57477371808272,210.25150457263828,37.32326914544444,17967.02490234375,18571.455027128817,17362.594777558683,0.0003396111515991951,0.0060825012207140206
2022-11-17,18343.900390625,18343.900390625,18417.599609375,18312.94921875,18358.69921875,200500,18009.8724609375,18035.42307245943,65.68386728191422,243.74398322053094,216.95000030221684,26.7939829183141,18009.8724609375,18593.228798844073,17426.516123030924,-0.00357149639481924,0.0060207634569735815
2022-11-18,18307.650390625,18307.650390625,18394.599609375,18209.80078125,18382.94921875,198800,18049.64248046875,18061.349483713293,63.914096825716136,235.07320453190187,220.57464114815386,14.498563383748007,18049.64248046875,18599.357602616223,17499.927358321274,-0.00197613371355454,0.006097804967563234
2022-11-21,18159.94921875,18159.94921875,18262.30078125,18133.349609375,18246.400390625,213800,18079.44248046875,18070.73993466917,57.15660868646933,213.81853282249722,219.22341948302255,-5.404886660525335,18079.44248046875,18583.315958560095,17575.569002377408,-0.008067729540576885,0.006513841217434084
2022-11-22,18244.19921875,18244.19921875,18261.849609375,18137.69921875,18179.150390625,177700,18112.83740234375,18087.259866486394,59.76946255998438,201.4501315365269,215.66876189372343,-14.218630357196531,18112.83740234375,18564.751377961893,17660.923426725607,0.00463933015368867,0.006541861026184406
2022-11-23,18267.25,18267.25,18325.400390625,18246.0,18325.19921875,178800,18139.66240234375,18104.40178396388,60.47961706865545,191.30286941462327,210.7955833979034,-19.49271398328014,18139.66240234375,18560.27910709528,17719.04569759222,0.0012634580983039712,0.00633728647510091
2022-11-24,18484.099609375,18484.099609375,18529.69921875,18294.25,18326.099609375,204000,18181.04990234375,18140.56348162208,66.47507672709301,198.47118993119875,208.3307047045625,-9.859514773363742,18181.04990234375,18564.554606929098,17797.545197758405,0.011870949889830174,0.006589171892784752
2022-11-25,18512.75,18512.75,18534.900390625,18445.099609375,18528.44921875,205900,18219.83994140625,18176.009816705693,67.18343193102997,204.11111676833025,207.48678711731606,-3.375670348985807,18219.83994140625,18571.43217317562,17868.247709636882,0.0015500019600884762,0.0065694214864907025
2022-11-28,18562.75,18562.75,18614.25,18365.599609375,18430.55078125,206500,18258.63740234375,18212.842215114673,68.43682730608525,210.1924142416574,208.02791254218434,2.1645016994730497,18258.63740234375,18580.520928407102,17936.753876280396,0.0027008413120686026,0.006568897973570872
2022-11-29,18618.05078125,18618.05078125,18678.099609375,18552.150390625,18552.44921875,195300,18288.92998046875,18251.43350712756,69.8102384154632,216.9730667294025,209.816943379628,7.156123349774504,18288.92998046875,18626.017035862325,17951.842925075176,0.00297912654375021,0.006092615425872362
2022-11-30,18758.349609375,18758.349609375,18816.05078125,18616.55078125,18625.69921875,345600,18319.57744140625,18299.711231151126,73.01799617475643,231.00484551775662,214.05452380725373,16.95032171050289,18319.57744140625,18706.645167307815,17932.509715504686,0.007535634625419174,0.006099641433712754
2022-12-01,18812.5,18812.5,18887.599609375,18778.19921875,18871.94921875,325000,18356.0599609375,18348.54825675578,74.1592424066651,243.6855598260954,219.98073101102207,23.70482881507334,18356.0599609375,18782.538616876696,17929.5813049983,0.002886735334004964,0.0059827306389378734
2022-12-02,18696.099609375,18696.099609375,18781.94921875,18639.19921875,18752.400390625,254400,18388.22998046875,18381.64838557666,67.5456133310978,241.55804774059288,224.29619435693624,17.261853383656643,18388.22998046875,18815.388320978378,17961.071639959122,-0.006187396179402005,0.006209506317067916
2022-12-05,18701.05078125,18701.05078125,18728.599609375,18591.349609375,18719.55078125,288400,18417.425,18412.067661355075,67.67765640935602,237.53336055547697,226.9436275966444,10.58973295883257,18417.425,18846.29490227753,17988.55509772247,0.00026482378562620035,0.006203076795755826
2022-12-06,18642.75,18642.75,18654.900390625,18577.900390625,18600.650390625,217800,18439.4224609375,18434.037407892687,64.35725345981443,227.02240815339974,226.9593837079955,0.06302444540423835,18439.4224609375,18867.131941775777,18011.712980099226,-0.0031175136590962937,0.0062431731862565044
2022-12-07,18560.5,18560.5,18668.30078125,18528.400390625,18638.849609375,200500,18459.5974609375,18446.08146428386,59.892819016726314,209.6389279733885,223.4952925610741,-13.856364587685619,18459.5974609375,18869.82513224167,18049.369789633332,-0.004411902750398933,0.006316733210358411
2022-12-08,18609.349609375,18609.349609375,18625.0,18536.94921875,18570.849609375,202800,18488.65498046875,18461.630811435396,61.596730464725525,197.5271795434819,218.30166995755567,-20.774490414073767,18488.65498046875,18852.21190456489,18125.098056372608,0.002631912360927746,0.006018579625394447
2022-12-09,18496.599609375,18496.599609375,18664.69921875,18410.099609375,18662.400390625,215800,18496.0,18464.96117314393,55.71338234027321,176.79259396969792,209.99985475998415,-33.20726079028623,18496.0,18853.922788452084,18138.077211547916,-0.006058782405979346,0.004893971916945208
2022-12-12,18497.150390625,18497.150390625,18521.55078125,18345.69921875,18402.150390625,193900,18504.4,18468.02681290403,55.73562406759453,158.57675484243373,199.71523477647406,-41.13847993404033,18504.4,18854.055528689765,18154.744471310238,2.977743269738653e-05,0.004881792318474982
2022-12-13,18608.0,18608.0,18617.25,18490.19921875,18524.400390625,187600,18514.62998046875,18481.357592627457,60.080891730720495,151.3406473869727,190.0403172985738,-38.69966991160109,18514.62998046875,18863.838781221217,18165.421179716286,0.0059927938646799905,0.004975228144609358
2022-12-14,18660.30078125,18660.30078125,18696.099609375,18632.900390625,18671.25,208000,18527.1625,18498.3998010677,61.97743307025278,148.11879478070477,181.656012795,-33.537218014295235,18527.1625,18878.3866220689,18175.938377931096,0.002810661073194387,0.004999965095395136
2022-12-15,18414.900390625,18414.900390625,18652.900390625,18387.69921875,18614.400390625,183100,18530.7125,18490.44747626363,49.97908313959412,124.33048827544553,170.19090789108913,-45.86041961564359,18530.7125,18875.83788303756,18185.587116962444,-0.013150934355333654,0.005820936616482771
2022-12-16,18269.0,18269.0,18440.94921875,18255.150390625,18319.099609375,277700,18528.77998046875,18469.357240429,44.467272158123414,92.63727693770124,154.68018170041157,-62.04290476271032,18528.77998046875,18879.270974780087,18178.28898615741,-0.00792295301794177,0.006084370566189449
2022-12-19,18420.44921875,18420.44921875,18431.650390625,18244.55078125,18288.099609375,154800,18541.80498046875,18464.699333602428,50.56209836299245,78.83213704986338,139.51057277030193,-60.67843572043856,18541.80498046875,18853.742825595404,18229.867135342098,0.008289956688926514,0.0060546155721143465
2022-12-20,18385.30078125,18385.30078125,18404.900390625,18202.650390625,18340.30078125,169000,18548.86005859375,18457.13756671172,49.21217671069444,64.31390836794162,124.47123988982987,-60.15733152188825,18548.86005859375,18839.189178224977,18258.53093896252,-0.0019081205394395617,0.00600894118433152
2022-12-21,18199.099609375,18199.099609375,18473.349609375,18162.75,18435.150390625,187600,18545.4525390625,18432.562523155844,42.707201342086925,37.35265100753895,107.0475221133717,-69.69487110583275,18545.4525390625,18850.165817893147,18240.73926023185,-0.01012771964355863,0.006446930644833543
2022-12-22,18127.349609375,18127.349609375,18318.75,18068.599609375,18288.80078125,195700,18527.6150390625,18403.494626605287,40.48641594487699,10.079840813406918,87.65398585337874,-77.57414503997182,18527.6150390625,18882.279179112105,18172.950899012896,-0.003942502735851727,0.005833347717346804
2022-12-23,17806.80078125,17806.80078125,18050.44921875,17779.5,17977.650390625,221500,18492.317578125,18346.666641333355,32.3843222005046,-36.973462189838756,62.72849624473525,-99.70195843457401,18492.317578125,18966.31489269384,18018.320263556157,-0.01768316025411787,0.00688814653257574
2022-12-26,18014.599609375,18014.599609375,18084.099609375,17774.25,17830.400390625,176700,18464.91005859375,18315.041209718274,40.67280985422361,-56.840690935234306,38.81465880874134,-95.65534974397565,18464.91005859375,18980.971597592863,17948.848519594634,0.011669632893506865,0.007471977693957403
2022-12-27,18132.30078125,18132.30078125,18149.25,17967.44921875,18089.80078125,214300,18440.62255859375,18297.63735938796,44.80030829048567,-62.36915910828975,18.577895225335123,-80.94705433362488,18440.62255859375,18971.08966548825,17910.15545169925,0.006533654614990558,0.0076241226371240355
2022-12-28,18122.5,18122.5,18173.099609375,18068.349609375,18084.75,193900,18408.830078125,18280.957610874822,44.52254318002939,-66.77164909734347,1.5079863607994037,-68.27963545814288,18408.830078125,18935.520310555035,17882.139845694965,-0.0005405150382313817,0.007340491683284184
2022-12-29,18191.0,18191.0,18229.69921875,17992.80078125,18045.69921875,281100,18377.755078125,18272.390219362933,46.996084682840916,-63.99557545232892,-11.59272600182626,-52.40284945050266,18377.755078125,18878.194970478788,17877.31518577121,0.00377983170092433,0.007372491039286719
2022-12-30,18105.30078125,18105.30078125,18265.25,18080.30078125,18259.099609375,192000,18348.21513671875,18256.476939542652,44.332908739465964,-67.92769958569625,-22.85972071860026,-45.06797886709599,18348.21513671875,18839.669380741223,17856.76089269628,-0.00471107793689185,0.0073319749271112825
2023-01-02,18197.44921875,18197.44921875,18215.150390625,18086.5,18131.69921875,256100,18323.03505859375,18250.855251848112,47.76082561521785,-62.88344627610422,-30.864465830101054,-32.01898044600317,18323.03505859375,18790.623127971063,17855.446989216434,0.005089583355357918,0.00747382055334943
2023-01-03,18232.55078125,18232.55078125,18251.94921875,18149.80078125,18163.19921875,208700,18302.52509765625,18249.111968934005,49.04793859266263,-55.41465084806259,-35.77450283369336,-19.64014801436923,18302.52509765625,18747.665435944044,17857.384759368455,0.00192892762485819,0.007495712209167151
2023-01-04,18042.94921875,18042.94921875,18243.0,18020.599609375,18230.650390625,235200,18276.64755859375,18229.477421297433,42.899402156335235,-64.05643547455111,-41.430889361864914,-22.625546112686195,18276.64755859375,18718.95633082575,17834.338786361754,-0.010399069487028845,0.007750786269501706
2023-01-05,17992.150390625,17992.150390625,18120.30078125,17892.599609375,18101.94921875,269900,18245.78759765625,18206.874846947678,41.401899093885106,-74.14940475627736,-47.97459244074741,-26.174812315529955,18245.78759765625,18676.92249305994,17814.65270225256,-0.0028154392892826285,0.007697752365174512
2023-01-06,17859.44921875,17859.44921875,18047.400390625,17795.55078125,18008.05078125,238200,18213.930078125,18173.786691881232,37.69969727416043,-91.79784277892395,-56.739242508382716,-35.058600270541234,18213.930078125,18660.12266814719,17767.737488102808,-0.007375503705446151,0.007742881093576478
2023-01-09,18101.19921875,18101.19921875,18141.400390625,17936.150390625,17952.55078125,257200,18194.13251953125,18166.873599202067,46.99808764444993,-85.29393703850292,-62.450181414406764,-22.843755624096154,18194.13251953125,18623.106824512535,17765.158214549963,0.013536251708490266,0.008459602672376998
2023-01-10,17914.150390625,17914.150390625,18127.599609375,17856.0,18121.30078125,283300,18159.4400390625,18142.804722194727,41.799749892442605,-94.14754775283654,-68.78965468209272,-25.357893070743827,18159.4400390625,18560.221053774196,17758.659024350807,-0.010333504750958511,0.008531910477690353
2023-01-11,17895.69921875,17895.69921875,17976.349609375,17824.349609375,17924.25,259900,18121.2099609375,18119.2708647238,41.31430669245582,-101.4831191714402,-75.32834757996221,-26.15477159147798,18121.2099609375,18465.475575988516,17776.944345886484,-0.0010299775022909463,0.008464119675746914
2023-01-12,17858.19921875,17858.19921875,17945.80078125,17761.650390625,17920.849609375,227800,18093.37490234375,18094.406898440582,40.290174808390695,-109.06531194474519,-82.07574045291881,-26.989571491826382,18093.37490234375,18428.044542678774,17758.705262008723,-0.00209547554088918,0.008052360916062071
2023-01-13,17956.599609375,17956.599609375,17999.349609375,17774.25,17867.5,256700,18077.7548828125,18081.282394720052,44.199011687153764,-105.9132630198983,-86.84324496631471,-19.07001805358358,18077.7548828125,18407.300766248067,17748.208999376933,0.005510095918388247,0.008048901201825316
2023-01-16,17894.849609375,17894.849609375,18049.650390625,17853.650390625,18033.150390625,206200,18051.47490234375,18063.526891353857,42.3264405788384,-107.16264619251524,-90.90712521155483,-16.255520980960412,18051.47490234375,18349.872164444278,17753.077640243224,-0.003438847072569362,0.0077718700854624975
2023-01-17,18053.30078125,18053.30078125,18072.05078125,17886.94921875,17922.80078125,219100,18034.87490234375,18062.55297610587,48.370975068385995,-94.28030139251132,-91.58176044774613,-2.6985409447651847,18034.87490234375,18291.100212003697,17778.6495926838,0.008854568511824201,0.008101732747346652
2023-01-18,18165.349609375,18165.349609375,18183.75,18032.44921875,18074.30078125,255800,18033.18740234375,18072.34313165531,52.18714193129692,-74.17450876268049,-88.100310110733,13.925801348052516,18033.18740234375,18285.478499373377,17780.89630531412,0.006206556323560042,0.007942112931794148
2023-01-19,18107.849609375,18107.849609375,18155.19921875,18063.75,18119.80078125,237800,18032.21240234375,18075.724700961946,50.13902600131105,-62.163708169366146,-82.91298972245964,20.749281553093496,18032.21240234375,18283.187659940133,17781.237144747367,-0.003165367099256078,0.007924012900913425
2023-01-20,18027.650390625,18027.650390625,18145.44921875,18016.19921875,18115.599609375,237200,18043.2548828125,18071.14619521557,47.34790438198443,-58.44277691341267,-78.01894716065026,19.576170247237584,18043.2548828125,18272.040627629183,17814.469137995817,-0.004428975305189153,0.006850978724430418
2023-01-23,18118.55078125,18118.55078125,18162.599609375,18063.44921875,18118.44921875,202500,18048.45244140625,18075.66091769504,50.6979313622936,-47.61018961842274,-71.93719565220476,24.327006033782027,18048.45244140625,18279.11350898188,17817.79137383062,0.005042276095628795,0.00643713357193083
2023-01-24,18118.30078125,18118.30078125,18201.25,18078.650390625,18183.94921875,216900,18047.75244140625,18079.721857081226,50.6883792374302,-38.60049655689727,-65.26985583314327,26.669359276246,18047.75244140625,18277.4744851722,17818.0303976403,-1.3798013043020418e-05,0.006268091895385911
2023-01-25,17891.94921875,17891.94921875,18100.599609375,17846.150390625,18093.349609375,257200,18036.22490234375,18061.838748668728,42.82154107393849,-49.15826342827495,-62.047537352169606,12.889273923894656,18036.22490234375,18272.821965088668,17799.627839598834,-0.01249297962501228,0.006861994510326804
2023-01-27,17604.349609375,17604.349609375,17884.75,17493.55078125,17877.19921875,476300,18006.8923828125,18018.268354450276,35.32069105742556,-79.81222895082465,-65.60047567190061,-14.211753278924036,18006.8923828125,18298.523606888008,17715.261158736994,-0.016074246906178757,0.00758986117826424
2023-01-30,17648.94921875,17648.94921875,17709.150390625,17405.55078125,17541.94921875,432400,17984.0748046875,17983.095103431202,37.15900091674362,-99.36152393771408,-72.3526853250633,-27.008838612650777,17984.0748046875,18310.654079187614,17657.49553018739,0.0025334426073457816,0.007606941042441453
2023-01-31,17662.150390625,17662.150390625,17735.69921875,17537.55078125,17731.44921875,398300,17957.30986328125,17952.5289403068,37.723217216019464,-112.49251314895082,-80.38065088984081,-32.11186225911001,17957.30986328125,18297.030206707557,17617.589519854944,0.0007479862801675896,0.007477409381584051
2023-02-01,17616.30078125,17616.30078125,17972.19921875,17353.400390625,17811.599609375,512900,17926.49736328125,17920.50721087282,36.497545829895216,-125.15587794380554,-89.33569630063376,-35.82018164317178,17926.49736328125,18272.50053860394,17580.49418795856,-0.0025959245256645946,0.0074376584743571375
2023-02-02,17610.400390625,17610.400390625,17653.900390625,17445.94921875,17517.099609375,490100,17904.869921875,17890.973227992075,36.33393668086774,-134.12172621819263,-98.29290228414554,-35.828823934047094,17904.869921875,18272.454558036963,17537.28528571304,-0.0003349392530399564,0.007152506299686537
2023-02-03,17854.05078125,17854.05078125,17870.30078125,17584.19921875,17721.75,424100,17897.96494140625,17887.45680449283,46.916167383703325,-120.18130010162349,-102.67058184764113,-17.51071825398236,17897.96494140625,18263.916701460705,17532.0131813518,0.013835596307890219,0.007884735246800834
2023-02-06,17764.599609375,17764.599609375,17823.69921875,17698.349609375,17818.55078125,282500,17893.2224609375,17875.756119243513,44.0231318378106,-115.02543238092767,-105.14155195429845,-9.883880426629219,17893.2224609375,18263.480879318744,17522.964042556257,-0.005010133160870178,0.007791081309427244
2023-02-07,17721.5,17721.5,17811.150390625,17652.55078125,17790.099609375,354400,17874.2375,17861.06506026794,42.65821587394281,-113.11324921792038,-106.73589140702285,-6.377357810897536,17874.2375,18238.787134172122,17509.687865827877,-0.0024261514654264627,0.007092086817050439
2023-02-08,17871.69921875,17871.69921875,17898.69921875,17744.150390625,17750.30078125,291000,17872.11494140625,17862.07783726623,48.63504590163767,-98.34435607918203,-105.05758434145469,6.713228262272651,17872.11494140625,18236.204347406787,17508.02553540571,0.008475536424681795,0.007041133855327288
2023-02-09,17893.44921875,17893.44921875,17916.900390625,17779.80078125,17885.5,260900,17872.00244140625,17865.065587883735,49.45660793244901,-83.91750981858422,-100.8295694368806,16.912059618296382,17872.00244140625,18236.064018048466,17507.940864764034,0.0012170079483646568,0.007043356923359475
2023-02-10,17856.5,17856.5,17876.94921875,17801.0,17847.55078125,232000,17871.91748046875,17864.249817609092,48.0505522463068,-74.6056162688983,-95.58477880328415,20.97916253438585,17871.91748046875,18235.99269530841,17507.84226562909,-0.0020649578680046465,0.0070428784050047865
2023-02-13,17770.900390625,17770.900390625,17880.69921875,17719.75,17859.099609375,231300,17862.63251953125,17855.35939599156,44.868064525609356,-73.28822558873435,-91.1254681603742,17.837242571639848,17862.63251953125,18227.067147357666,17498.197891704833,-0.00479375070002519,0.006996763190521511
2023-02-14,17929.849609375,17929.849609375,17954.55078125,17800.05078125,17840.349609375,244500,17864.38251953125,17862.453702028077,51.31606846935476,-58.74117868160829,-84.64861026462103,25.907431583012738,17864.38251953125,18229.75409370854,17499.01094535396,0.0089443537049958,0.007265421879060232
2023-02-15,18015.849609375,18015.849609375,18034.099609375,17853.80078125,17896.599609375,229300,17862.5099609375,17877.062836061115,54.42206815093775,-39.81410570671869,-75.68170935304056,35.86760364632187,17862.5099609375,18224.356330620856,17500.663591254142,0.004796470794436125,0.007062565497510994
2023-02-16,18035.849609375,18035.849609375,18134.75,18000.650390625,18094.75,230200,17856.0349609375,17892.18538590053,55.138875009290516,-22.936038781015668,-65.13257523863558,42.196536457619914,17856.0349609375,18200.17453867299,17511.895383202012,0.0011101336008929596,0.006914183477686585
2023-02-17,17944.19921875,17944.19921875,18034.25,17884.599609375,17974.849609375,208100,17847.85244140625,17897.139084267146,51.16758617280766,-16.762244985595316,-55.458509188027534,38.69626420243222,17847.85244140625,18175.01707625853,17520.687806553968,-0.005081567689351307,0.006968532158763451
2023-02-20,17844.599609375,17844.599609375,18004.349609375,17818.400390625,17965.55078125,174600,17838.69990234375,17892.13532475361,47.18989904097692,-19.679472304163937,-48.30270181125482,28.623229507090883,17838.69990234375,18155.30419493539,17522.09560975211,-0.005550518480140765,0.007006807748956979
2023-02-21,17826.69921875,17826.69921875,17924.900390625,17800.30078125,17905.80078125,198200,17824.10732421875,17885.90331465803,46.49039776788901,-23.168733161401178,-43.27590808128409,20.107174919882915,17824.10732421875,18113.50671111951,17534.707937317988,-0.001003126492992057,0.00688507236762622
2023-02-22,17554.30078125,17554.30078125,17772.5,17529.44921875,17755.349609375,204000,17795.90732421875,17854.32212100012,37.40412537416599,-47.36824328417788,-44.09437512186285,-3.2738681623150256,17795.90732421875,18074.870047951295,17516.944600486207,-0.015280363131582653,0.007603403268074151
2023-02-23,17511.25,17511.25,17620.05078125,17455.400390625,17574.650390625,240800,17776.87236328125,17821.648585666775,36.19994509523007,-69.2224147531997,-49.11998304813022,-20.102431705069478,17776.87236328125,18078.0899451485,17475.654781414003,-0.002452434977984641,0.007161653622759746
2023-02-24,17465.80078125,17465.80078125,17599.75,17421.80078125,17591.349609375,209400,17769.944921875,17787.758318579465,34.921747367363125,-89.18134814342193,-57.13225606718857,-32.04909207623336,17769.944921875,18092.342749961063,17447.54709378894,-0.002595429723749043,0.006249560103642306
2023-02-27,17392.69921875,17392.69921875,17451.599609375,17299.0,17428.599609375,246400,17757.132421875,17750.13364240523,32.908997953162796,-109.63384113412758,-67.63257308057638,-42.0012680535512,17757.132421875,18116.045490736975,17398.219353013028,-0.004185411445805309,0.0062654724074409154
2023-02-28,17303.94921875,17303.94921875,17440.44921875,17255.19921875,17383.25,420900,17739.22236328125,17707.6398877714,30.602875503976207,-131.48825768087045,-80.4037100006352,-51.08454768023525,17739.22236328125,18147.641505917145,17330.803220645354,-0.0051027157362857345,0.006329952081903336
2023-03-01,17450.900390625,17450.900390625,17467.75,17345.25,17360.099609375,272900,17730.95234375,17683.18850709079,38.31125385948075,-135.38962151885426,-91.40089230427901,-43.988729214575244,17730.95234375,18155.377357264417,17306.52733023558,0.008492348770636093,0.006660238734828351
2023-03-02,17321.900390625,17321.900390625,17445.80078125,17306.0,17421.5,310700,17716.52734375,17648.780115046426,34.670563165503495,-147.19394222930714,-102.55950228928464,-44.6344399400225,17716.52734375,18174.634771093562,17258.419916406438,-0.007392168719804415,0.006838359178898835
2023-03-03,17594.349609375,17594.349609375,17644.75,17427.69921875,17451.25,356200,17703.54228515625,17643.59625736343,46.28138068550157,-133.0310769912976,-108.65381722968723,-24.37725976161036,17703.54228515625,18160.040815913624,17247.043754398877,0.015728598629827895,0.007061114515904631
2023-03-06,17711.44921875,17711.44921875,17799.94921875,17671.94921875,17680.349609375,362800,17700.884765625,17650.058444162154,50.364576258211756,-111.07751200292842,-109.13855618433547,-1.9389558185929445,17700.884765625,18156.54863680092,17245.22089444908,0.006655523618366965,0.0071681049286574875
2023-03-08,17754.400390625,17754.400390625,17766.5,17602.25,17665.75,267000,17702.52978515625,17659.99577239671,51.811426770708294,-89.18528057183357,-105.1479010618351,15.962620490001527,17702.52978515625,18158.71672708264,17246.34284322986,0.0024250512391459367,0.007168233193202602
2023-03-09,17589.599609375,17589.599609375,17772.349609375,17573.599609375,17772.05078125,262400,17688.4248046875,17653.291375918452,46.24169128342441,-84.16339199394861,-100.9509992482578,16.787607254309194,17688.4248046875,18140.24081763521,17236.60879173979,-0.009282249899975281,0.007178205958920718
2023-03-10,17412.900390625,17412.900390625,17451.5,17324.349609375,17443.80078125,235900,17664.39736328125,17630.396996366693,41.1356174995254,-93.36540110535861,-99.43387961967797,6.068478514319352,17664.39736328125,18121.129425075032,17207.665301487465,-0.010045664635585094,0.007450667269636348
2023-03-13,17154.30078125,17154.30078125,17529.900390625,17113.44921875,17421.900390625,254900,17629.28740234375,17585.05449968891,35.0378753228529,-120.1399878965749,-103.57510127505736,-16.56488662151753,17629.28740234375,18127.61697083773,17130.95783384977,-0.014851035931626178,0.008041801629766336
2023-03-14,17043.30078125,17043.30078125,17224.650390625,16987.099609375,17160.55078125,290600,17592.907421875,17533.458907456636,32.79096842600228,-148.6028124435761,-112.58064350876111,-36.022168934815,17592.907421875,18147.617763629998,17038.19708012,-0.006470680525861194,0.008081402050455232
2023-03-15,16972.150390625,16972.150390625,17211.349609375,16938.900390625,17166.44921875,248200,17545.0224609375,17480.00095347267,31.400923831710614,-174.88508149813788,-125.04153110663647,-49.84355039150141,17545.0224609375,18139.070890057385,16950.974031817615,-0.004174683738684903,0.007663036031296389
2023-03-16,16985.599609375,16985.599609375,17062.44921875,16850.150390625,16994.650390625,349800,17493.5099609375,17432.915111177655,31.987825846432898,-192.41073830444293,-138.51537254619777,-53.89536575824516,17493.5099609375,18093.955237497903,16893.064684377096,0.0007924286811309411,0.007507240695438871
2023-03-17,17100.05078125,17100.05078125,17145.80078125,16958.150390625,17111.80078125,408100,17446.72001953125,17401.21374642264,36.93274432761258,-194.81894302243745,-149.77608664144572,-45.042856380991736,17446.72001953125,18015.853485459145,16877.586553603356,0.006738129621978839,0.007766973971379694
2023-03-20,16988.400390625,16988.400390625,17066.599609375,16828.349609375,17066.599609375,241800,17398.930078125,17361.898188727628,34.3118960383635,-203.39213807331544,-160.49929692781967,-42.892841145495765,17398.930078125,17953.26901213354,16844.591144116457,-0.0065292432199922645,0.0077976910439788985
2023-03-21,17107.5,17107.5,17127.69921875,17016.0,17060.400390625,246700,17362.07509765625,17337.669789801188,39.26317253207783,-198.29034611946554,-168.05750676614886,-30.232839353316677,17362.07509765625,17890.39368268481,16833.756512627686,0.007010642946744028,0.00805789180982726
2023-03-22,17151.900390625,17151.900390625,17207.25,17107.849609375,17177.44921875,0,17328.33515625,17319.977466070122,41.04717803192765,-188.49158512434587,-172.14432243778828,-16.3472626865576,17328.33515625,17818.464281498535,16838.206031001464,0.0025953757489405316,0.00812302418073416
2023-03-23,17076.900390625,17076.900390625,17205.400390625,17045.30078125,17097.400390625,219200,17304.46513671875,17296.82726840868,38.965181758089805,-184.64934690737937,-174.6453273317065,-10.004019575672856,17304.46513671875,17794.749996391016,16814.180277046486,-0.004372693304643627,0.0075209714836963594
2023-03-24,16945.05078125,16945.05078125,17109.44921875,16917.349609375,17076.19921875,228000,17276.15517578125,17263.32474582214,35.55125753032546,-190.05269780540038,-177.7268014264453,-12.325896378955093,17276.15517578125,17780.592652499294,16771.717699063203,-0.007720933328590696,0.007652698903598892
2023-03-27,16985.69921875,16985.69921875,17091.0,16918.55078125,16984.30078125,218400,17252.15009765625,17236.88421943432,37.37300606848304,-188.8776392747277,-179.95696899610178,-8.92067027862592,17252.15009765625,17763.845352934997,16740.4548423775,0.0023988383407489433,0.007700331995455104
2023-03-28,16951.69921875,16951.69921875,17061.75,16913.75,17031.75,238800,17230.10009765625,17209.72374317867,36.44503987292123,-188.5168083544013,-181.6689368677617,-6.847871486639605,17230.10009765625,17753.541172958754,16706.659022353746,-0.002001683861354908,0.007673664091164578
2023-03-29,17080.69921875,17080.69921875,17126.150390625,16940.599609375,16977.30078125,345900,17218.93759765625,17197.435693233085,42.29903892680301,-175.79516807945402,-180.49418311010015,4.699015030646137,17218.93759765625,17745.11773760375,16692.757457708754,0.007609856589321451,0.007862389640452015
2023-03-31,17359.75,17359.75,17381.599609375,17204.650390625,17210.349609375,263900,17214.380078125,17212.894198639457,52.492923634561,-141.56424607680674,-172.70819570344148,31.143949626634736,17214.380078125,17733.982555798506,16694.777600451493,0.016337198944623932,0.008509920966384749
2023-04-03,17398.05078125,17398.05078125,17428.05078125,17312.75,17427.94921875,230200,17218.18759765625,17230.52815888808,53.701930118501075,-110.07654690291747,-160.18186594333667,50.105319040419204,17218.18759765625,17741.98489423365,16694.390301078853,0.002206297973761151,0.008353820827632438
2023-04-05,17557.05078125,17557.05078125,17570.55078125,17402.69921875,17422.30078125,248300,17216.32265625,17261.625551493977,58.431374916818044,-71.46850285610344,-142.43919332589005,70.9706904697866,17216.32265625,17734.989963396878,16697.65534910312,0.009138954817361267,0.007824481808471643
2023-04-06,17599.150390625,17599.150390625,17638.69921875,17502.849609375,17533.849609375,242700,17210.70771484375,17293.77077426836,59.60792143345433,-37.04720602762245,-121.36079586623653,84.31358983861408,17210.70771484375,17709.87804398776,16711.53738569974,0.002397874785437182,0.0076884031106656085
2023-04-10,17624.05078125,17624.05078125,17694.099609375,17597.94921875,17634.900390625,254800,17204.190234375,17325.226013028518,60.323228549301675,-7.670407197299937,-98.62271813244922,90.95231093514928,17204.190234375,17677.530767459466,16730.849701290535,0.0014148632219350699,0.007672930946109714
2023-04-11,17722.30078125,17722.30078125,17748.75,17655.150390625,17704.80078125,304300,17210.82529296875,17363.04265762104,63.099962276455926,23.27062216773993,-74.2440500724114,97.51467224015133,17210.82529296875,17708.67546595211,16712.975119985393,0.005574768321964241,0.007478390300473433
2023-04-12,17812.400390625,17812.400390625,17825.75,17717.25,17759.55078125,232800,17230.80029296875,17405.83863219285,65.48543957848241,54.434410342142655,-48.50835798950059,102.94276833164324,17230.80029296875,17787.999039238905,16673.601546698595,0.005083967961446945,0.007122643351580795
2023-04-13,17828.0,17828.0,17842.150390625,17729.650390625,17807.30078125,285800,17264.48525390625,17446.04447674591,65.89651614824515,79.47456182103633,-22.911774027393207,102.38633584842954,17264.48525390625,17877.74767687752,16651.222830934978,0.0008757724412713497,0.006049375878020975
2023-04-17,17706.849609375,17706.849609375,17863.0,17574.05078125,17863.0,357400,17297.6626953125,17470.883060805823,59.92700547860637,88.52280248175157,-0.6248587255642523,89.14766120731582,17297.6626953125,17930.94032744911,16664.385063175894,-0.006795512150830185,0.006073548273771317
2023-04-18,17660.150390625,17660.150390625,17766.599609375,17610.19921875,17766.599609375,258900,17332.0626953125,17488.908520788602,57.755123244787164,90.87777925317641,17.675668870183884,73.20211038299253,17332.0626953125,17965.620059025172,16698.505331599827,-0.0026373533282438855,0.006001535805181349
2023-04-19,17618.75,17618.75,17666.150390625,17579.849609375,17653.349609375,281500,17363.72021484375,17501.27437595159,55.823552264851834,88.3846070526888,31.81745650668487,56.56715054600394,17363.72021484375,17988.073261679754,16739.367168007746,-0.002344283016240789,0.006075445399489459
2023-04-20,17624.44921875,17624.44921875,17684.44921875,17584.349609375,17638.599609375,215100,17389.94013671875,17513.00531336096,56.04150311223008,85.8786735531321,42.62969991597432,43.24897363715778,17389.94013671875,18011.83916271424,16768.041110723258,0.0003234746363958152,0.005972200894674044
2023-04-21,17624.05078125,17624.05078125,17663.19921875,17553.94921875,17639.75,230200,17421.72265625,17523.581072207537,56.020694370415825,82.9048768107059,50.68473529492064,32.22014151578526,17421.72265625,18022.915312210705,16820.530000289295,-2.260708945023282e-05,0.005680256023285615
2023-04-24,17743.400390625,17743.400390625,17754.5,17612.5,17707.55078125,255700,17453.51767578125,17544.516245390154,60.72502118324635,89.15096071694643,58.377980379325805,30.772980337620623,17453.51767578125,18052.130283342678,16854.905068219825,0.006771973756565242,0.00566909136506376
2023-04-25,17769.25,17769.25,17807.44921875,17716.849609375,17761.55078125,297400,17484.38515625,17565.9194601149,61.68107018897524,95.09072793588712,65.72052989063808,29.37019804524904,17484.38515625,18081.267582947123,16887.502729552874,0.0014568576938982503,0.005666840871268731
2023-04-26,17813.599609375,17813.599609375,17827.75,17711.19921875,17767.30078125,233000,17521.2201171875,17589.508045758717,63.330339513302754,102.19859726912182,73.01614336633483,29.18245390278699,17521.2201171875,18103.72251057037,16938.717723804628,0.0024958627615121465,0.005479055378032102
2023-04-27,17915.05078125,17915.05078125,17931.599609375,17797.900390625,17813.099609375,241400,17569.7201171875,17620.512115805508,66.84570115918919,114.69575536046978,81.35206576516183,33.34368959530795,17569.7201171875,18112.422923475646,17027.01731089935,0.005695152810193838,0.005011034200118024
2023-04-28,18065.0,18065.0,18089.150390625,17885.30078125,17950.400390625,290300,17623.68515625,17662.844295252602,71.23503658222118,135.14166299203134,92.10998521053574,43.0316777814956,17623.68515625,18137.223650124,17110.146662376002,0.008370013603697934,0.005161558125047108
2023-05-02,18147.650390625,18147.650390625,18180.25,18101.75,18124.80078125,265200,17683.48271484375,17709.016304335688,73.33085387580212,156.21365411514125,104.93071899145684,51.28293512368441,17683.48271484375,18146.09884724995,17220.866582437553,0.004575166931912511,0.005027346711844487
2023-05-03,18089.849609375,18089.849609375,18116.349609375,18042.400390625,18113.80078125,226200,17733.940234375,17745.28614291086,69.51625028616401,166.3319477544428,117.21096474405404,49.12098301038877,17733.940234375,18139.14026252787,17328.74020622213,-0.00318502836487633,0.005132936006228825
2023-05-04,18255.80078125,18255.80078125,18267.44921875,18066.69921875,18081.0,226600,17778.7427734375,17793.906584657445,73.73992054312517,185.60213513988492,130.88919882322023,54.712936316664695,17778.7427734375,18206.085741749743,17351.39980512526,0.009173717607303677,0.004332484921414805
2023-05-05,18069.0,18069.0,18216.94921875,18055.44921875,18117.30078125,239700,17812.290234375,17820.105957547214,63.13568087758693,183.6832494288792,141.44800894435204,42.23524048452717,17812.290234375,18219.702626130238,17404.87784261976,-0.010232406865540389,0.005189254418039239
2023-05-08,18264.400390625,18264.400390625,18286.94921875,18100.30078125,18120.599609375,228400,17847.65771484375,17862.41971307843,68.27504416875549,195.67408808773325,152.2932247730283,43.38086331470495,17847.65771484375,18282.206567387937,17413.108862299563,0.010814123118324304,0.0053239068472381666
2023-05-09,18265.94921875,18265.94921875,18344.19921875,18229.650390625,18303.400390625,245400,17880.99765625,17900.85109457096,68.31275360885398,202.96226890350226,162.4270335991231,40.53523530437917,17880.99765625,18336.001916543843,17425.99339595616,8.480038171931881e-05,0.0053396879784008726
2023-05-10,18315.099609375,18315.099609375,18326.75,18211.94921875,18313.599609375,220500,17915.55009765625,17940.303334076107,69.54969503691606,210.2802506306325,171.99767700542498,38.28257362520753,17915.55009765625,18391.720186893235,17439.380008419266,0.0026908205008338015,0.005341527339662647
2023-05-11,18297.0,18297.0,18389.69921875,18270.400390625,18357.80078125,248900,17944.28505859375,17974.274445116476,68.48942841918695,212.17351248230625,180.03284410080124,32.14066838150501,17944.28505859375,18439.327388001002,17449.242729186495,-0.0009882342854272697,0.005307866935929581
2023-05-12,18314.80078125,18314.80078125,18342.75,18194.55078125,18273.75,241700,17969.405078125,18006.705524748242,68.9901247645293,212.65891087057025,186.55805745475504,26.10085341581521,17969.405078125,18485.66132593031,17453.148830319693,0.0009728797753729701,0.005245502206934599
2023-05-15,18398.849609375,18398.849609375,18458.900390625,18287.900390625,18339.30078125,216100,17997.94755859375,18044.052580426982,71.30832687774924,217.32049520330474,192.710545004465,24.609950198839755,17997.94755859375,18542.141699037198,17453.753418150303,0.004589120522186851,0.005291310923172197
2023-05-16,18286.5,18286.5,18432.349609375,18264.349609375,18432.349609375,219500,18026.930078125,18067.142810862508,64.38002205151983,209.53378479928506,196.075192963429,13.458591835856055,18026.930078125,18567.75557291967,17486.10458333033,-0.006106338807060685,0.0052357774014308
2023-05-17,18181.75,18181.75,18309.0,18115.349609375,18300.44921875,229900,18053.01005859375,18078.057781256553,58.65762049448665,192.68911100925106,195.39797657259342,-2.708865563342357,18053.01005859375,18570.36866546548,17535.65145172202,-0.005728269488420423,0.005410897658735328
2023-05-18,18129.94921875,18129.94921875,18297.19921875,18104.849609375,18287.5,272100,18078.57001953125,18082.999822922597,56.00648171699372,173.16357365512886,190.9510959891005,-17.78752233397165,18078.57001953125,18556.60165955824,17600.538379504258,-0.002849053652701161,0.0054307677508092
2023-05-19,18203.400390625,18203.400390625,18218.099609375,18060.400390625,18186.150390625,260900,18107.517578125,18094.46654365616,58.84674937470605,161.7517666622407,185.11123012372855,-23.35946346148785,18107.517578125,18539.991609994875,17675.043546255125,0.0040513721791914925,0.005454169190383156
2023-05-22,18314.400390625,18314.400390625,18335.25,18178.849609375,18201.099609375,262600,18142.03505859375,18115.41262431986,62.759604685499056,159.822268116106,180.05343772220405,-20.231169606098064,18142.03505859375,18521.613816291825,17762.456300895672,0.006097761825706316,0.005527680561029613
2023-05-23,18348.0,18348.0,18419.75,18324.19921875,18362.900390625,270400,18172.2650390625,18137.56380295606,63.87915465490702,159.16952706154188,175.87665559007164,-16.70712852852975,18172.2650390625,18514.503286684587,17830.02679144041,0.001834600568861644,0.005409394890639472
2023-05-24,18285.400390625,18285.400390625,18392.599609375,18262.94921875,18294.80078125,232600,18198.07255859375,18151.64347797215,60.24524557434696,151.8505214753568,171.07142876712868,-19.22090729177188,18198.07255859375,18488.82778742127,17907.317329766232,-0.0034117947119577385,0.005528702919325752
2023-05-25,18321.150390625,18321.150390625,18338.099609375,18202.400390625,18268.900390625,235900,18223.45009765625,18167.786993462898,61.589118717395465,147.23761941808698,166.30466689732035,-19.067047479233366,18223.45009765625,18458.882181167355,17988.018014145142,0.001955111686716471,0.005524625435967922
2023-05-26,18499.349609375,18499.349609375,18508.55078125,18333.150390625,18368.349609375,198700,18252.6650390625,18199.364385454526,67.48866296704605,156.1609230693066,164.27591813171762,-8.114995062411026,18252.6650390625,18472.247131188116,18033.082946936884,0.009726420827874671,0.00575743894155379
2023-05-29,18598.650390625,18598.650390625,18641.19921875,18581.25,18619.150390625,265300,18279.34755859375,18237.39162404219,70.23238311230047,169.29393357303343,165.27952121998078,4.0144123530526485,18279.34755859375,18528.879133970542,18029.815983216955,0.005367798508963517,0.005609470601250446
2023-05-30,18633.849609375,18633.849609375,18662.44921875,18575.5,18606.650390625,234400,18303.65751953125,18275.14952740722,71.16144266864212,180.4619685566031,168.31601068730524,12.14595786929786,18303.65751953125,18589.257978736627,18018.057060325875,0.0018925684396833287,0.0055632368017447704
2023-05-31,18534.400390625,18534.400390625,18603.900390625,18483.849609375,18594.19921875,696500,18325.88505859375,18299.84008580891,64.98983959014198,179.22203585362877,170.49721572056995,8.724820133058813,18325.88505859375,18610.660511100225,18041.109606087277,-0.0053370195013254795,0.005674999923474091
2023-06-01,18487.75,18487.75,18580.30078125,18464.55078125,18579.400390625,265600,18337.48251953125,18317.736268112825,62.26202362331129,172.48676356236683,170.89512528892934,1.5916382734374963,18337.48251953125,18628.715664304662,18046.24937475784,-0.0025169624936233204,0.005409582014310416
2023-06-02,18534.099609375,18534.099609375,18573.69921875,18478.400390625,18550.849609375,270900,18360.7375,18338.342300613986,63.88400071090127,168.94158444029745,170.50441711920297,-1.5628326789055222,18360.7375,18636.36161268458,18085.113387315418,0.002507044360454902,0.004774015324763077
2023-06-05,18593.849609375,18593.849609375,18640.150390625,18582.80078125,18612.0,256100,18377.2099609375,18362.676330019796,65.91763274004524,169.00514399491294,170.20456249434497,-1.1994184994320278,18377.2099609375,18666.85693053104,18087.56299134396,0.003223787573137793,0.00424925290983491
2023-06-06,18599.0,18599.0,18622.75,18531.599609375,18600.80078125,220800,18393.8625,18385.18334620839,66.09485784801419,167.53981419160482,169.67161283379696,-2.1317986421921375,18393.8625,18694.109918807986,18093.615081192012,0.00027699431442118616,0.0042475225598818936
2023-06-07,18726.400390625,18726.400390625,18738.94921875,18636.0,18665.599609375,260100,18414.4275390625,18417.680207581398,70.21997118677244,174.64547226802824,170.66638472064324,3.9790875473850065,18414.4275390625,18745.08204202086,18083.773036104143,0.006849851638528914,0.004436765847888194
2023-06-08,18634.55078125,18634.55078125,18777.900390625,18615.599609375,18725.349609375,286500,18431.305078125,18438.33454793079,64.1592942918283,170.89528713823893,170.71216520416237,0.18312193407655286,18431.305078125,18770.60730032755,18092.00285592245,-0.0049048192636628185,0.0046174881417388345
2023-06-09,18563.400390625,18563.400390625,18676.650390625,18555.400390625,18655.900390625,221800,18443.73505859375,18450.245580568335,59.84997090016226,160.33376862899604,168.63648588912912,-8.302717260133079,18443.73505859375,18783.268804210595,18104.201312976904,-0.00381819725413457,0.004737567435175264
2023-06-12,18601.5,18601.5,18633.599609375,18559.75,18595.05078125,179500,18453.867578125,18464.65076337135,61.34710085400927,153.2711942641581,165.56342756413494,-12.292233299976829,18453.867578125,18799.479365021034,18108.255791228963,0.0020524046550352004,0.004660880000250198
2023-06-13,18716.150390625,18716.150390625,18728.900390625,18631.80078125,18631.80078125,233200,18475.35009765625,18488.60310882408,65.51436955542235,155.1370581106312,163.4781536734342,-8.34109556280302,18475.35009765625,18829.973258440947,18120.726936871553,0.0061635024393194016,0.004543526563991669
2023-06-14,18755.900390625,18755.900390625,18769.69921875,18690.0,18744.599609375,261400,18504.0576171875,18514.05999280512,66.84885618169159,158.00191373837515,162.3829056864224,-4.380991948047239,18504.0576171875,18851.854381638528,18156.260852736472,0.0021238341844009856,0.004245393464392934
2023-06-15,18688.099609375,18688.099609375,18794.099609375,18669.05078125,18774.44921875,263000,18531.96513671875,18530.635194383205,62.41246684454721,153.03725780583045,160.513776110304,-7.476518304473558,18531.96513671875,18842.819030048777,18221.111243388725,-0.0036149041015322014,0.0042905098777790305
2023-06-16,18826.0,18826.0,18864.69921875,18710.5,18723.30078125,272800,18563.0951171875,18558.765175870518,67.18283804151497,158.4041567369568,160.09185223563458,-1.6876954986777832,18563.0951171875,18860.507594989518,18265.68263938548,0.0073790483520230765,0.004454969067709863
2023-06-19,18755.44921875,18755.44921875,18881.44921875,18719.150390625,18873.30078125,219800,18585.14755859375,18577.496989478088,62.79212981467256,155.17583395665133,159.10864857983793,-3.9328146231866015,18585.14755859375,18870.698163457444,18299.59695373006,-0.0037475183921172883,0.00448639057645115
2023-06-20,18816.69921875,18816.69921875,18839.69921875,18660.650390625,18752.349609375,211600,18608.58251953125,18600.27815417065,64.93473572042606,155.76417555092485,158.43975397405532,-2.6755784231304744,18608.58251953125,18889.327599125325,18327.837439937175,0.003265717567498605,0.004508402234021583
2023-06-21,18856.849609375,18856.849609375,18875.900390625,18794.849609375,18849.400390625,217500,18637.15498046875,18624.713530856778,66.30450581962575,157.6529167865956,158.2823865365634,-0.6294697499677966,18637.15498046875,18895.979688545878,18378.33027239162,0.0021337637466720683,0.004373720089011734
2023-06-22,18771.25,18771.25,18886.599609375,18759.5,18853.599609375,252700,18659.6599609375,18638.669385060894,60.84720503911501,150.50762650215984,156.72743452968268,-6.219808027522845,18659.6599609375,18880.08874222473,18439.231179650273,-0.004539443817404343,0.004578286040895696
2023-06-23,18665.5,18665.5,18756.400390625,18647.099609375,18741.849609375,210600,18667.96748046875,18641.22468172176,54.841830891918235,134.75838053569896,152.33362373088593,-17.57524319518697,18667.96748046875,18875.7648037055,18460.170157231998,-0.005633615236065759,0.004360097155151413
2023-06-26,18691.19921875,18691.19921875,18722.05078125,18646.69921875,18682.349609375,171300,18672.594921875,18645.984161438737,55.97889411465307,122.93359980088644,146.45361894488605,-23.520019143999605,18672.594921875,18878.121186941822,18467.068656808176,0.0013768299134766515,0.0042122990302779694
2023-06-27,18817.400390625,18817.400390625,18829.25,18714.25,18748.55078125,222500,18681.7724609375,18662.309516599333,61.151934139302185,122.33554769610419,141.63000469512968,-19.2944569990255,18681.7724609375,18895.776249799244,18467.768672075756,0.00675190341711196,0.0044453245387871265
2023-06-28,18972.099609375,18972.099609375,19011.25,18861.349609375,18908.150390625,398800,18703.657421875,18691.81333495892,66.36908078280072,132.8135294778731,139.86670965167838,-7.053180173805288,18703.657421875,18941.13601204383,18466.17883170617,0.00822107281232487,0.0045411622826193885
2023-06-30,19189.05078125,19189.05078125,19201.69921875,19024.599609375,19076.849609375,247900,18738.7224609375,18739.169282224735,72.04006418344152,156.81587615757235,143.2565429528572,13.55933320471516,18738.7224609375,19037.51334538964,18439.93157648536,0.01143527476356887,0.004992943313200746
2023-07-03,19322.55078125,19322.55078125,19345.099609375,19234.400390625,19246.5,226100,18778.14501953125,18794.729424989047,74.85037934108092,184.4836306655161,151.50196049538897,32.98167017012713,18778.14501953125,19156.108561914454,18400.181477148046,0.00695709243369369,0.00512012071239033
2023-07-04,19389.0,19389.0,19434.150390625,19300.0,19406.599609375,226900,18817.9025390625,18851.326622609136,76.13611952610918,209.35906112711746,163.07338062173469,46.28568050538277,18817.9025390625,19269.97509930645,18365.829978818547,0.003438946519135566,0.0051228367499784495
2023-07-05,19398.5,19398.5,19421.599609375,19339.599609375,19405.94921875,224400,18857.8775390625,18903.438372836838,76.32248961998944,227.2203350086893,175.9027714991256,51.31756350956368,18857.8775390625,19363.656754959462,18352.09832316554,0.0004899685388621844,0.0051190494710036
2023-07-06,19497.30078125,19497.30078125,19512.19921875,19373.0,19385.69921875,268300,18896.42255859375,18959.996697447616,78.2269659017742,246.50634883318344,190.0234869659372,56.48286186724624,18896.42255859375,19469.296811400032,18323.548305787466,0.00509321758125636,0.0050481863982224685
2023-07-07,19331.80078125,19331.80078125,19523.599609375,19303.599609375,19422.80078125,237100,18931.28505859375,18995.4066101907,68.31463906338352,245.6050052616847,201.1397906250867,44.465214636598006,18931.28505859375,19520.79231699028,18341.77780019722,-0.00848835445771845,0.005361216167560771
2023-07-10,19355.900390625,19355.900390625,19435.849609375,19327.099609375,19400.349609375,268200,18970.91005859375,19029.739351184442,68.93198601494427,244.02238292348193,209.71630908476575,34.30607383871617,18970.91005859375,19562.712437311602,18379.107679875895,0.0012466303397029588,0.0051963680299491645
2023-07-11,19439.400390625,19439.400390625,19515.099609375,19406.44921875,19427.099609375,251300,19012.805078125,19068.75468827402,71.03754393644522,246.66252345139947,217.10555195809252,29.556971493306946,19012.805078125,19612.64936189648,18412.960794353516,0.004313930032438185,0.005219710817727015
2023-07-12,19384.30078125,19384.30078125,19507.69921875,19361.75,19497.44921875,327900,19046.21259765625,19098.806697128875,67.7734688300398,241.52463025730685,221.9893676179354,19.535262639371467,19046.21259765625,19650.654427854435,18441.770767458063,-0.002834429471475497,0.005249462930283152
2023-07-13,19413.75,19413.75,19567.0,19385.80078125,19495.19921875,310400,19079.105078125,19128.801297402315,68.60381470150651,237.0960233501719,225.0106987643827,12.08532458578918,19079.105078125,19688.352792869864,18469.85736338014,0.0015192303855748879,0.005249049503678328
2023-07-14,19564.5,19564.5,19595.349609375,19433.5,19493.44921875,291200,19122.92509765625,19170.29641193543,72.50870544369305,242.95000912548858,228.5985608366039,14.351448288884683,19122.92509765625,19739.404288053538,18506.445907258963,0.007765114931427508,0.005255023765897994
2023-07-17,19711.44921875,19711.44921875,19731.849609375,19562.94921875,19612.150390625,268700,19167.19755859375,19221.834774489198,75.68357814449871,256.49024894517424,234.17689845831796,22.31335048685628,19167.19755859375,19818.231823821974,18516.163293365527,0.007511013251041421,0.005261805632239255
2023-07-18,19749.25,19749.25,19819.44921875,19690.19921875,19787.5,286400,19216.88759765625,19272.064795966417,76.43740637287132,267.19118008373334,240.77975478340105,26.411425300332297,19216.88759765625,19886.080308622015,18547.694886690482,0.001917706853032497,0.0050672204912086795
2023-07-19,19833.150390625,19833.150390625,19851.69921875,19727.44921875,19802.94921875,259700,19267.71015625,19325.501519267233,78.06295074196609,279.22309541213326,248.4684229091475,30.754672502985756,19267.71015625,19961.54945525148,18573.87085724852,0.004248282371482448,0.0050787942568076005
2023-07-20,19979.150390625,19979.150390625,19991.849609375,19758.400390625,19831.69921875,274700,19323.8251953125,19387.753792729876,80.57439654289637,297.1145037701426,258.19763908134655,38.91686468879607,19323.8251953125,20056.140391129684,18591.509999495316,0.007361412439498949,0.005184455624493586
2023-07-21,19745.0,19745.0,19887.400390625,19700.0,19800.44921875,312500,19372.5126953125,19421.777241041316,67.27259421859355,289.0674050404341,264.3715922731641,24.695812767270013,19372.5126953125,20080.476980658557,18664.548409966443,-0.011719737128305097,0.00592326175341047
2023-07-24,19672.349609375,19672.349609375,19782.75,19658.30078125,19748.44921875,265600,19422.85517578125,19445.641276120714,63.755693161051845,273.6730098600019,266.23187579053166,7.441134069470252,19422.85517578125,20062.451151930938,18783.25919963156,-0.0036794322929856182,0.005795935346702487
2023-07-25,19680.599609375,19680.599609375,19729.349609375,19615.94921875,19729.349609375,369700,19472.3251953125,19468.01826024017,63.98594055848089,259.1512129538496,264.8157432231953,-5.664530269345676,19472.3251953125,20025.060423152234,18919.589967472766,0.0004193703428323481,0.005810907429767744
2023-07-26,19778.30078125,19778.30078125,19825.599609375,19716.69921875,19733.349609375,244700,19520.37021484375,19497.568976526818,66.68507363269528,252.6142722458535,262.3754490277269,-9.761176781873417,19520.37021484375,19999.14140065905,19041.599029028454,0.004964339187534694,0.005757158493618467
2023-07-27,19659.900390625,19659.900390625,19867.55078125,19603.55078125,19850.900390625,334900,19554.76025390625,19513.029111202835,60.74364214001043,235.16889697182705,256.93413861654693,-21.76524164471988,19554.76025390625,19964.96112158769,19144.55938622481,-0.0059863783008722304,0.005890244479225164
2023-07-28,19646.05078125,19646.05078125,19695.900390625,19563.099609375,19659.75,258700,19577.61025390625,19525.69784168352,60.06944769436701,217.71606833722763,249.0905245606831,-31.374456223455468,19577.61025390625,19953.23555955677,19201.984948255726,-0.0007044597937843067,0.005454294422410614
2023-07-31,19753.80078125,19753.80078125,19772.75,19597.599609375,19666.349609375,295100,19599.17275390625,19547.42193116604,63.46677071741973,210.15654654844184,241.30372895823484,-31.147182409793004,19599.17275390625,19963.08504840432,19235.26045940818,0.005484562836559181,0.005381829323929149
2023-08-01,19733.55078125,19733.55078125,19795.599609375,19704.599609375,19784.0,298000,19616.40029296875,19565.148488316896,62.39239638648355,200.2235132774731,233.0876858220825,-32.8641725446094,19616.40029296875,19971.39603833467,19261.404547602826,-0.0010251191770254131,0.005373070476282792
2023-08-02,19526.55078125,19526.55078125,19678.25,19423.55078125,19655.400390625,290700,19622.80283203125,19561.472516215286,52.59170956025398,173.6466523013296,221.19947911793193,-47.552826816602334,19622.80283203125,19966.279888933408,19279.325775129095,-0.010489749274959825,0.0059468928534238815
2023-08-03,19381.650390625,19381.650390625,19537.650390625,19296.44921875,19463.75,315700,19617.0203125,19544.3465994924,47.023406926666816,139.2864405772707,204.8168714097997,-65.53043083252899,19617.0203125,19972.44046603498,19261.600158965022,-0.007420685416911321,0.006077988894963522
2023-08-04,19517.0,19517.0,19538.849609375,19436.44921875,19462.80078125,280800,19626.2802734375,19541.742161445505,52.122671923274616,121.57585674842267,188.1686684775243,-66.59281172910164,19626.2802734375,19960.51263933554,19292.04790753946,0.006983389270114548,0.005961733254390312
2023-08-07,19597.30078125,19597.30078125,19620.44921875,19524.80078125,19576.849609375,216600,19638.35029296875,19547.033458569742,54.896510277043056,112.72032368595319,173.0789995192101,-60.35867583325691,19638.35029296875,19949.277035008432,19327.423550929067,0.004114401867602702,0.00601504295153682
2023-08-08,19570.849609375,19570.849609375,19634.400390625,19533.099609375,19627.19921875,260300,19644.92275390625,19549.30166340834,53.79098027622814,102.387600895574,158.9407197944829,-56.553118898908906,19644.92275390625,19944.084425369892,19345.761082442605,-0.0013497354646058168,0.005965952102463923
2023-08-09,19632.55078125,19632.55078125,19645.5,19467.5,19578.80078125,266500,19657.33525390625,19557.23015082183,56.016096708570984,98.04738335017464,146.76205250562126,-48.714669155446614,19657.33525390625,19931.793403107833,19382.87710470467,0.003152707884763739,0.0059477286169732765
2023-08-10,19543.099609375,19543.099609375,19623.599609375,19495.400390625,19605.55078125,312200,19663.802734375,19555.88438496975,52.09926520728827,86.3938728918074,134.68841658285848,-48.294543691051075,19663.802734375,19920.51884949223,19407.08661925777,-0.004556268458015711,0.006055351546724563
2023-08-11,19428.30078125,19428.30078125,19557.75,19412.75,19554.25,235500,19656.9927734375,19543.73356556787,47.50807213309838,67.12134282024635,121.17500183033606,-54.0536590100897,19656.9927734375,19930.557553449966,19383.427993425037,-0.005874136161590715,0.005943241239677032
2023-08-14,19434.55078125,19434.55078125,19465.849609375,19257.900390625,19383.94921875,243900,19643.1478515625,19533.335205156643,47.777893037921864,51.755442133751785,107.29108989101921,-55.53564775726743,19643.1478515625,19931.893325131903,19354.402377993094,0.00032169565781225984,0.005654268239633858
2023-08-16,19465.0,19465.0,19482.75,19317.19921875,19369.0,0,19628.9353515625,19526.827090379822,49.149283017805544,41.55582295334898,94.14403650348517,-52.58821355013619,19628.9353515625,19923.319057131397,19334.551645993604,0.0015667570139761278,0.005646282281047674
2023-08-17,19365.25,19365.25,19461.55078125,19326.25,19450.55078125,268700,19605.54033203125,19511.438796057933,44.9818789788976,25.133832735617034,80.34199574991155,-55.20816301429451,19605.54033203125,19905.603150185827,19305.477513876674,-0.005124582584125403,0.005601933537024482
2023-08-18,19310.150390625,19310.150390625,19373.80078125,19253.599609375,19301.75,256100,19572.09033203125,19492.268471730986,42.82197040952098,7.585765204792551,65.79074964088775,-58.2049844360952,19572.09033203125,19846.127251367263,19298.053412695237,-0.0028452826260957353,0.00523600531462216
2023-08-21,19393.599609375,19393.599609375,19425.94921875,19296.30078125,19320.650390625,262600,19554.5203125,19482.871437220892,46.97475050215024,0.4077495159144746,52.7141496158931,-52.306400099978624,19554.5203125,19827.0155377303,19282.0250872697,0.0043215209131937105,0.004831503840563501
2023-08-22,19396.44921875,19396.44921875,19443.5,19381.30078125,19417.099609375,208700,19540.72529296875,19474.640749747476,47.115998336633034,-4.993379401475977,41.17264381241929,-46.166023213895265,19540.72529296875,19815.885215583385,19265.565370354114,0.00014693555773015454,0.004790668045000028
2023-08-23,19444.0,19444.0,19472.05078125,19366.599609375,19439.19921875,225200,19528.8953125,19471.72258310486,49.53186702696235,-5.374903788018855,31.86313429233166,-37.23803808035052,19528.8953125,19799.28647515825,19258.504149841752,0.0024515199000461063,0.004836875548212244
2023-08-24,19386.69921875,19386.69921875,19584.44921875,19369.0,19535.150390625,268300,19509.315234375,19463.62511983297,46.75976684047572,-10.183568933734932,23.453793647118346,-33.63736258085328,19509.315234375,19760.67392480209,19257.956543947912,-0.002946964680621278,0.0046793659770096524
2023-08-25,19265.80078125,19265.80078125,19339.55078125,19229.69921875,19297.400390625,466500,19489.61025390625,19444.784706634593,41.48438706953529,-23.47930935919794,14.067173045855089,-37.54648240505303,19489.61025390625,19752.198764987195,19227.0217428253,-0.006236153774081932,0.004693716794922321
2023-08-28,19306.05078125,19306.05078125,19366.849609375,19249.69921875,19298.349609375,248200,19472.61025390625,19431.57195183606,43.75928595872794,-30.41780331807604,5.170177773068864,-35.587981091144904,19472.61025390625,19736.505715089184,19208.714792723313,0.002089194238900971,0.004744317397335028
2023-08-29,19342.650390625,19342.650390625,19377.900390625,19309.099609375,19374.849609375,307400,19452.052734375,19423.10323172072,45.821860606561295,-32.587676716702845,-2.3813931248854776,-30.206283591817368,19452.052734375,19687.66822341399,19216.43724533601,0.0018957584743610756,0.004555772729619519
2023-08-30,19347.44921875,19347.44921875,19452.80078125,19334.75,19433.44921875,233000,19432.74765625,19415.898087628273,46.10097561016112,-33.53353794250506,-8.611822088409395,-24.921715854095666,19432.74765625,19633.65575346553,19231.839559034473,0.0002480956863764039,0.004564896439358949
2023-08-31,19253.80078125,19253.80078125,19388.19921875,19223.650390625,19375.55078125,562600,19419.11015625,19400.46024892558,41.597233001374285,-41.3629793536893,-15.162053541465376,-26.20092581222392,19419.11015625,19629.502003678226,19208.718308821775,-0.004840350603388277,0.004096025978461245
2023-09-01,19435.30078125,19435.30078125,19458.55078125,19255.69921875,19258.150390625,333000,19421.79267578125,19403.77839486124,51.48882164276649,-32.54715163477522,-18.639073160127346,-13.908078474647873,19421.79267578125,19631.572861403158,19212.01249015934,0.009426710188917609,0.004363709562035135
2023-09-04,19528.80078125,19528.80078125,19545.150390625,19432.849609375,19525.05078125,296800,19422.38271484375,19415.685288803026,55.655518190467355,-17.810566936084797,-18.473371915318836,0.6628049792340391,19422.38271484375,19633.29405570859,19211.471373978908,0.004810833701642592,0.004208872337753905
2023-09-05,19574.900390625,19574.900390625,19587.05078125,19525.75,19564.650390625,256800,19421.2626953125,19430.84863183369,57.5896762191296,-2.384378553222632,-15.255573242899596,12.871194689676964,19421.2626953125,19628.655169198333,19213.870221426667,0.0023605960187407238,0.004137144634649615
2023-09-06,19611.05078125,19611.05078125,19636.44921875,19491.5,19581.19921875,287600,19423.27275390625,19448.01074130191,59.096335397566456,12.612630725980125,-9.681932449123652,22.294563175103775,19423.27275390625,19637.10477074026,19209.44073707224,0.0018467726478093027,0.004145986481086799
2023-09-07,19727.05078125,19727.05078125,19737.0,19550.05078125,19598.650390625,304900,19427.99775390625,19474.585983201727,63.56879703086478,33.47225189087476,-1.0510955811239695,34.523347471998726,19427.99775390625,19663.224428322428,19192.77107949007,0.005915032360780392,0.004295955497446312
2023-09-08,19819.94921875,19819.94921875,19867.150390625,19727.05078125,19774.80078125,288100,19441.840234375,19507.47771992061,66.70826421521946,56.84451132899994,10.528025800900814,46.31648552809913,19441.840234375,19729.31307487815,19154.367393871846,0.004709190366575022,0.004249841125481614
2023-09-11,19996.349609375,19996.349609375,20008.150390625,19865.349609375,19890.0,248800,19470.24267578125,19554.036947487697,71.69602566324248,88.58013593774012,26.138447828268678,62.44168810947144,19470.24267578125,19845.573603563666,19094.911747998834,0.008900143420050854,0.0043280707747762
2023-09-12,19993.19921875,19993.19921875,20110.349609375,19914.650390625,20110.150390625,328100,19498.17509765625,19595.861925703153,71.49002707518565,112.18345584130657,43.34744943087626,68.83600641043031,19498.17509765625,19936.574859839722,19059.77533547278,-0.0001575482868895195,0.004335970892303146
2023-09-13,20070.0,20070.0,20096.900390625,19944.099609375,19989.5,251400,19528.42509765625,19641.017932779043,73.48974603691427,135.5241995026081,61.78279944522263,73.74140005738548,19528.42509765625,20032.122157256283,19024.72803805622,0.003841345269944396,0.0043695325892205965
2023-09-14,20103.099609375,20103.099609375,20167.650390625,20043.44921875,20127.94921875,275100,19565.317578125,19685.02571150247,74.32557012328697,154.90709628707555,80.40765881359322,74.49943747348233,19565.317578125,20121.187566318273,19009.447589931726,0.001649208239910216,0.004078543933160108
2023-09-15,20192.349609375,20192.349609375,20222.44921875,20129.69921875,20156.44921875,438200,19609.4275390625,19733.342273204613,76.47898219996289,175.44746161636067,99.41561937414671,76.03184224221395,19609.4275390625,20215.084590607134,19003.770487517868,0.004439613877174287,0.00395790698413641
2023-09-18,20133.30078125,20133.30078125,20195.349609375,20115.69921875,20155.94921875,264900,19646.41259765625,19771.433559685127,72.1662900620533,184.83049133598615,116.4985937665146,68.33189756947155,19646.41259765625,20284.316337712997,19008.508857599503,-0.002924316846098174,0.004087204881983259
2023-09-20,19901.400390625,19901.400390625,20050.650390625,19878.849609375,19980.75,378100,19671.66015625,19783.811353107973,58.2692924592921,171.57636105123674,127.51414722345903,44.06221382777771,19671.66015625,20307.961061068137,19035.359251431863,-0.011518249945432046,0.005063467056711485
2023-09-21,19742.349609375,19742.349609375,19848.75,19709.94921875,19840.55078125,275100,19686.57763671875,19779.862615609592,51.01341396295523,146.54897316658753,131.32111241208474,15.227860754502785,19686.57763671875,20314.76732700832,19058.38794642918,-0.007991939166498319,0.005461129597254193
2023-09-22,19674.25,19674.25,19798.650390625,19657.5,19744.849609375,246400,19700.95517578125,19769.80427126582,48.24340178720317,119.83809959552309,129.02450984877242,-9.186410253249335,19700.95517578125,20314.013422182736,19087.896929379767,-0.003449417659114995,0.0054802790282861375
2023-09-25,19674.55078125,19674.55078125,19734.150390625,19601.55078125,19678.19921875,188400,19721.39267578125,19760.732510311933,48.25676594765659,97.56909459431336,122.73342679788061,-25.164332203567255,19721.39267578125,20301.424758385314,19141.36059317719,1.5288066889551644e-05,0.005233525837632751
2023-09-26,19664.69921875,19664.69921875,19699.349609375,19637.44921875,19682.80078125,204900,19739.32509765625,19751.58648254413,47.821218338402836,78.22409031023562,113.83155950035162,-35.60746919011599,19739.32509765625,20288.22580049445,19190.42439481805,-0.0005007261720755274,0.005238844716530275
2023-09-27,19716.44921875,19716.44921875,19730.69921875,19554.0,19637.05078125,203600,19758.0150390625,19748.2400764685,50.35596419484912,66.30451042601635,104.32614968548457,-38.021639259468216,19758.0150390625,20276.21309238254,19239.81698574246,0.002631619198663282,0.005248531292166531
2023-09-28,19523.55078125,19523.55078125,19766.650390625,19492.099609375,19761.80078125,352800,19766.8201171875,19726.8410959715,42.13874101727505,40.822291736942134,91.62537809577609,-50.80308635883395,19766.8201171875,20262.300635410033,19271.33959896497,-0.009783629666773708,0.005774235430748489
2023-09-29,19638.30078125,19638.30078125,19726.25,19551.05078125,19581.19921875,243500,19786.0451171875,19718.408685045644,47.61506625758731,29.5462253368205,79.20954754398497,-49.66332220716447,19786.0451171875,20227.27999519567,19344.81023917933,0.005877516917168757,0.005752862587280108
2023-10-03,19528.75,19528.75,19623.19921875,19479.650390625,19622.400390625,221700,19790.717578125,19700.345953136537,43.39261499660817,11.635897597843723,65.69481755475672,-54.058919956913,19790.717578125,20218.77917139552,19362.655984854482,-0.005578424654468894,0.00557234131977755
2023-10-04,19436.099609375,19436.099609375,19457.80078125,19333.599609375,19446.30078125,277100,19786.08251953125,19675.179634683056,40.14981433722045,-9.91992763324015,50.571868517157355,-60.491796150397505,19786.08251953125,20227.19644088904,19344.96859817346,-0.004744307271330683,0.005570762055114143
2023-10-05,19545.75,19545.75,19576.94921875,19487.30078125,19521.849609375,234900,19784.625,19662.85300280848,45.354630650527945,-17.948307378297613,36.86783333806636,-54.816140716363975,19784.625,20228.703101056428,19340.546898943572,0.005641584105285702,0.005697715491207375
2023-10-06,19653.5,19653.5,19675.75,19589.400390625,19621.19921875,159100,19786.7474609375,19661.962240636243,49.95984967282794,-15.438367778231623,26.406593114806768,-41.84496089303839,19786.7474609375,20227.88291827257,19345.612003602426,0.0055127073660514725,0.005819910158275707
2023-10-09,19512.349609375,19512.349609375,19588.94921875,19480.5,19539.44921875,165100,19776.01240234375,19647.71341861136,44.65124936124086,-24.555815289255406,16.214111433994333,-40.76992672324974,19776.01240234375,20232.614661713385,19319.410142974113,-0.00718194675884698,0.005870650155640093
2023-10-10,19689.849609375,19689.849609375,19717.80078125,19565.44921875,19565.599609375,216600,19769.507421875,19651.726389160278,51.61398235434384,-17.25973211083692,9.519342725028082,-26.779074835865003,19769.507421875,20227.12634717105,19311.88849657895,0.00909680297624016,0.006152000900752128
2023-10-11,19811.349609375,19811.349609375,19839.19921875,19756.94921875,19767.0,213700,19760.257421875,19666.9286006093,55.720184499398016,-1.6544278301844315,7.28458861398558,-8.939016444170012,19760.257421875,20206.498958393186,19314.015885356817,0.006170692128707245,0.00596431751308772
2023-10-12,19794.0,19794.0,19843.30078125,19772.650390625,19822.69921875,217900,19750.2974609375,19679.03063864651,55.00239001982593,9.206789622807264,7.669028815749917,1.5377608070573467,19750.2974609375,20184.014006386293,19316.58091548871,-0.0008757409120068171,0.005964640617849418
2023-10-13,19751.05078125,19751.05078125,19805.400390625,19635.30078125,19654.55078125,255000,19734.35,19685.88969984684,53.176162789786844,14.18522129255507,8.972267311110949,5.212953981444121,19734.35,20142.579012389266,19326.12098761073,-0.0021698099802970328,0.005886170574175272
2023-10-16,19731.75,19731.75,19781.30078125,19691.849609375,19737.25,181000,19715.78251953125,19690.257347480474,52.33521016803732,16.384383540447743,10.454690556978308,5.929692983469435,19715.78251953125,20087.37102628252,19344.194012779983,-0.0009772027556287366,0.00585825592326057
2023-10-17,19811.5,19811.5,19849.75,19775.650390625,19843.19921875,185800,19696.7400390625,19701.80426676805,55.46891641357315,24.282480645888427,13.220248574760332,11.062232071128095,19696.7400390625,20001.759191066194,19391.720887058807,0.004041709427698992,0.005839758716857759
2023-10-18,19671.099609375,19671.099609375,19840.94921875,19659.94921875,19820.44921875,198900,19673.62998046875,19698.880013682996,49.3211657990947,18.993693876403995,14.374937635089065,4.61875624131493,19673.62998046875,19903.662182256398,19443.597778681105,-0.007086812741337156,0.005986698906684028
2023-10-19,19624.69921875,19624.69921875,19681.80078125,19512.349609375,19545.19921875,230300,19659.794921875,19691.81517607033,47.44946724662902,10.932149504289555,13.686380008929163,-2.754230504639608,19659.794921875,19865.34820064726,19454.24164310274,-0.0023588102112444,0.005480192808675363
2023-10-20,19542.650390625,19542.650390625,19593.80078125,19518.69921875,19542.150390625,198300,19649.8099609375,19677.609006027917,44.25155503764761,-2.0536638514095102,10.53837123686143,-12.59203508827094,19649.8099609375,19857.739914501293,19441.880007373704,-0.004180896084593599,0.005275193248128108
2023-10-23,19281.75,19281.75,19556.849609375,19257.849609375,19521.599609375,176000,19630.1849609375,19639.908148310973,35.953700412657795,-33.0168973411819,1.8273175212527637,-34.84421486243467,19630.1849609375,19892.231649442092,19368.138272432905,-0.013350307425555652,0.0059839907915453985
2023-10-25,19122.150390625,19122.150390625,19347.30078125,19074.150390625,19286.44921875,225300,19602.56494140625,19590.597885674215,32.00060535923798,-69.63117279082144,-12.464380541162077,-57.16679224965936,19602.56494140625,19944.38823605527,19260.74164675723,-0.008277236732921023,0.006194263521605922
2023-10-26,18857.25,18857.25,19041.69921875,18837.849609375,19027.25,300400,19562.19248046875,19520.75522989572,26.744504644798695,-118.65570838907661,-33.702646110744986,-84.95306227833163,19562.19248046875,20031.926619156347,19092.458341781155,-0.013853064912347501,0.00678326317308775
2023-10-27,19047.25,19047.25,19076.150390625,18926.650390625,18928.75,205200,19528.73251953125,19475.659493715175,34.99209935107994,-140.55634786476003,-55.073386461548,-85.48296140321203,19528.73251953125,20042.975660936212,19014.48937812629,0.010075700327460302,0.007243568966695306
2023-10-30,19140.900390625,19140.900390625,19158.5,18940.0,19053.400390625,180100,19509.6,19443.777674373254,38.65803997099934,-148.64250036291924,-73.78720924182225,-74.85529112109698,19509.6,20050.949404015235,18968.250595984762,0.004916740769664862,0.007125010997007894
2023-10-31,19079.599609375,19079.599609375,19233.69921875,19056.44921875,19232.94921875,206000,19481.66494140625,19409.094049135325,37.18005370913438,-158.17396421061494,-90.6645602355808,-67.50940397503415,19481.66494140625,20050.5278389499,18912.802043862597,-0.0032026069828995363,0.006953277389090769
2023-11-01,18989.150390625,18989.150390625,19096.05078125,18973.69921875,19064.05078125,194100,19454.6849609375,19369.099414991484,35.050686375531896,-171.05440531111162,-106.74252925068697,-64.31187606042465,19454.6849609375,20061.94440698595,18847.425514889048,-0.004740624572936891,0.0069293830762010905
2023-11-02,19133.25,19133.25,19175.25,19064.150390625,19120.0,245600,19439.54248046875,19346.637565944675,40.86170223898416,-167.7014555073838,-118.93431450202634,-48.76714100535746,19439.54248046875,20062.79352115791,18816.29143977959,0.007588523257266999,0.007158917113607979
2023-11-03,19230.599609375,19230.599609375,19276.25,19210.900390625,19241.0,189500,19423.7849609375,19335.586331985658,44.47592502953858,-155.39759203002177,-126.22697000762543,-29.170622022396344,19423.7849609375,20051.418675191435,18796.151246683567,0.005087980838331285,0.007133886815189386
2023-11-06,19411.75,19411.75,19423.0,19309.69921875,19345.849609375,180700,19411.6974609375,19342.84001465369,50.534099358733066,-129.53615681094743,-126.88880736828983,-2.6473494426575996,19411.6974609375,20030.417766783237,18792.97715509176,0.00941990339899168,0.0073652641085372355
2023-11-07,19406.69921875,19406.69921875,19423.5,19329.099609375,19404.05078125,198700,19406.41494140625,19348.921843615244,50.36908245193535,-108.20106439644951,-123.15125877392178,14.950194377472272,19406.41494140625,20023.409286845028,18789.42059596747,-0.000260191958478706,0.0072001247357213255
2023-11-08,19443.5,19443.5,19464.400390625,19401.5,19449.599609375,195000,19394.0974609375,19357.92928708046,51.6089968403276,-87.31680073099778,-115.98436716533699,28.667566434339207,19394.0974609375,19997.65620631023,18790.538715564773,0.0018962926582819506,0.006881295122150563
2023-11-09,19395.30078125,19395.30078125,19463.900390625,19378.349609375,19457.400390625,208400,19373.29501953125,19361.48847700137,49.85231789919655,-73.80437456027721,-107.54836864432504,33.74399408404783,19373.29501953125,19945.77437406106,18800.815665001443,-0.002478937369815082,0.006702403843391163
2023-11-10,19425.349609375,19425.349609375,19451.30078125,19329.44921875,19351.849609375,152200,19354.8625,19367.570489608384,50.97272778531299,-59.97958287170695,-98.03461148980142,38.05502861809447,19354.8625,19894.7856243467,18814.9393756533,0.001549283945833313,0.006727406471640949
2023-11-13,19443.55078125,19443.55078125,19494.400390625,19414.75,19486.75,189300,19339.4875,19374.806707859967,51.67699344098081,-47.012720027418254,-87.83023319732479,40.81751316990653,19339.4875,19850.125834940245,18828.849165059753,0.0009369804014345284,0.006732847171456746
2023-11-15,19675.44921875,19675.44921875,19693.19921875,19579.650390625,19651.400390625,291500,19336.6724609375,19403.439327944732,59.633203177904065,-17.81871885280634,-73.8279303284211,56.00921147561476,19336.6724609375,19839.186035722,18834.158886153004,0.011926753508604282,0.007305165648923439
2023-11-16,19765.19921875,19765.19921875,19875.25,19627.0,19674.69921875,282700,19334.357421875,19437.892650878566,62.22543068902757,12.416680572918267,-56.579008148153235,68.9956887210715,19334.357421875,19828.45584656494,18840.25899718506,0.004561522280999375,0.007321648342054444
2023-11-17,19731.80078125,19731.80078125,19806.0,19667.44921875,19674.75,236800,19337.39248046875,19465.88390139013,60.66423295256922,33.29962037286896,-38.6032824439488,71.90290281681776,19337.39248046875,19840.39306851235,18834.39189242515,-0.0016897597201204206,0.007147644718187194
2023-11-20,19694.0,19694.0,19756.44921875,19670.5,19731.150390625,173800,19340.85751953125,19487.60924411488,58.864119153825065,46.26596820334089,-21.629432314490863,67.89540051783175,19340.85751953125,19852.60581490142,18829.109224161082,-0.0019157289123818977,0.007140049509481618
2023-11-21,19783.400390625,19783.400390625,19829.099609375,19754.05078125,19770.900390625,195000,19352.89501953125,19515.779829496794,61.75459805670229,63.02919532033775,-4.69770678752514,67.72690210786288,19352.89501953125,19893.571889922066,18812.218149140434,0.0045394734754240496,0.007124654617515843
2023-11-22,19811.849609375,19811.849609375,19825.55078125,19703.849609375,19784.0,184500,19379.4,19543.976951389956,62.653908771704565,77.71394973883434,11.784624517746758,65.92932522108758,19379.4,19954.41040213541,18804.389597864592,0.0014380348265852216,0.00631843275901705
2023-11-23,19802.0,19802.0,19875.150390625,19786.75,19828.44921875,170000,19413.39248046875,19568.550575067104,62.10937969373457,87.54774633037596,26.937248880272602,60.61049745010335,19413.39248046875,20003.72940743973,18823.05555349777,-0.0004971574875239915,0.005919758458825239
2023-11-24,19794.69921875,19794.69921875,19832.849609375,19768.849609375,19809.599609375,145900,19460.26494140625,19590.08854113214,61.681459717343714,93.67219420032416,40.284237944282914,53.38795625604124,19460.26494140625,20014.277261651525,18906.252621160977,-0.00036868908443588033,0.004686855704852366
2023-11-28,19889.69921875,19889.69921875,19916.849609375,19800.0,19844.650390625,229600,19502.38740234375,19618.62289138146,65.05530792641564,104.98140897934354,53.22367215129504,51.7577368280485,19502.38740234375,20052.477336325843,18952.297468361656,0.004799264638990497,0.004372324285751457
2023-11-29,20096.599609375,20096.599609375,20104.650390625,19956.30078125,19976.55078125,236200,19550.17236328125,19664.14448357132,71.03652584568044,129.15041002154248,68.40901972534454,60.74139029619795,19550.17236328125,20131.505643740886,18968.839082821614,0.010402389113554511,0.004712198470619091
2023-11-30,20133.150390625,20133.150390625,20158.69921875,20015.849609375,20108.5,486600,19602.84990234375,19708.811712814528,71.9499288016151,149.53016934210973,84.63324964869757,64.89691969341216,19602.84990234375,20194.908702812576,19010.791101874926,0.0018187545137213768,0.0045252562483600114
2023-12-01,20267.900390625,20267.900390625,20291.55078125,20183.69921875,20194.099609375,265800,19666.78740234375,19762.05825355838,75.07118990910325,174.54245747825917,102.6150912146099,71.92736626364926,19666.78740234375,20256.12145009889,19077.45335458861,0.0066929416105065975,0.004249515270074565
2023-12-04,20686.80078125,20686.80078125,20702.650390625,20507.75,20601.94921875,381100,19744.46494140625,19850.128970481393,81.83734719171679,225.56644706523002,127.20536238473393,98.36108468049609,19744.46494140625,20433.182914334106,19055.746968478397,0.020668169003769332,0.005705674470016979
2023-12-05,20855.099609375,20855.099609375,20864.05078125,20711.150390625,20808.900390625,421000,19825.68994140625,19945.84045989983,83.7461135470121,276.3974970243653,157.0437893126602,119.35370771170508,19825.68994140625,20626.834623083636,19024.545259728864,0.008135565760247543,0.005778559915218629
2023-12-06,20937.69921875,20937.69921875,20961.94921875,20852.150390625,20950.75,359200,19901.98740234375,20040.303198837944,84.60144612143958,319.6617073182824,189.56737291378465,130.09433440449777,19901.98740234375,20813.90366075752,18990.07114392998,0.003960643244200535,0.005640264639031547
2023-12-07,20901.150390625,20901.150390625,20941.25,20850.80078125,20932.400390625,275000,19976.7099609375,20122.288645674806,82.53187828644748,346.9997238825381,221.05384310753536,125.94588077500273,19976.7099609375,20956.43475789678,18996.98516397822,-0.0017455990623970186,0.005706019348219574
2023-12-08,20969.400390625,20969.400390625,21006.099609375,20862.69921875,20934.099609375,292400,20053.00498046875,20202.96595471768,83.35091996609452,369.9084294655586,250.82476037914,119.08366908641858,20053.00498046875,21090.695321132025,19015.314639805478,0.003265370504707432,0.005691036462055885
2023-12-11,20997.099609375,20997.099609375,21026.099609375,20923.69921875,20965.30078125,212900,20133.094921875,20278.59773135171,83.68526084198322,385.85098913071124,277.83000612945426,108.02098300125698,20133.094921875,21202.15601422659,19064.033829523407,0.001320935183362959,0.005531579463952445
2023-12-12,20906.400390625,20906.400390625,21037.900390625,20867.150390625,21018.55078125,244900,20207.1474609375,20338.38846080631,78.15106117539767,386.70917097229176,299.60583909802176,87.10333187427,20207.1474609375,21275.031391493707,19139.263530381293,-0.004319607014175553,0.005816215244303114
2023-12-13,20926.349609375,20926.349609375,20950.0,20769.5,20929.75,260300,20281.28740234375,20394.384760669993,78.48803255149446,384.56598421316085,316.5978681210496,67.96811609211125,20281.28740234375,21332.583523192094,19229.991281495408,0.0009542158562574343,0.005815786113346762
2023-12-14,21182.69921875,21182.69921875,21210.900390625,21074.44921875,21110.400390625,334400,20356.64990234375,20469.462328106183,82.2717592140087,398.953872437909,333.0690689844215,65.8848034534875,20356.64990234375,21439.05748717357,19274.24231751393,0.012250087289956912,0.005840263981501485
2023-12-15,21456.650390625,21456.650390625,21492.30078125,21235.30078125,21287.44921875,508800,20441.2224609375,20563.48023882226,85.25626443063625,427.5336062970382,351.96197644694485,75.57162985009336,20441.2224609375,21587.971579815676,19294.473342059326,0.012932779200891975,0.006193529572270622
2023-12-18,21418.650390625,21418.650390625,21482.80078125,21365.349609375,21434.80078125,249700,20525.56494140625,20644.925015184424,83.1648428300714,442.0216187929691,369.9739049161497,72.04771387681939,20525.56494140625,21699.01974378507,19352.11013902743,-0.0017710126840955187,0.006197574746460383
2023-12-19,21453.099609375,21453.099609375,21505.05078125,21337.75,21477.650390625,249800,20613.519921875,20721.894024154957,83.55860537814253,451.0834281553907,386.19580956399795,64.88761859139277,20613.519921875,21788.17558230085,19438.864261449147,0.0016083748565725031,0.0060653863323697306
2023-12-20,21150.150390625,21150.150390625,21593.0,21087.349609375,21543.5,363900,20681.857421875,20762.68034477115,68.40602120758297,428.8756952124968,394.73178669369776,34.14390851879904,20681.857421875,21813.630645498502,19550.084198251498,-0.01412146609423337,0.007330647068595577
2023-12-21,21255.05078125,21255.05078125,21288.349609375,20976.80078125,21033.94921875,277500,20754.01748046875,20809.572767292946,70.40714666086035,414.9571242647871,398.7768542079157,16.18027005687145,20754.01748046875,21837.719349144012,19670.315611793485,0.004959794076523361,0.007324061673812284
2023-12-22,21349.400390625,21349.400390625,21390.5,21232.44921875,21295.849609375,284700,20831.3875,20860.984921895997,72.11773582189666,406.84986943521653,400.39145725337585,6.458412181840686,20831.3875,21851.237472201217,19811.537527798784,0.004438926556610712,0.007263517147210655
2023-12-26,21441.349609375,21441.349609375,21477.150390625,21329.44921875,21365.19921875,219500,20913.72001953125,20916.25774927495,73.71251491582858,403.1965462703374,400.9524750567682,2.244071213569214,20913.72001953125,21847.767998592186,19979.672040470316,0.004306875934107168,0.007197426814988952
2023-12-27,21654.75,21654.75,21675.75,21495.80078125,21497.650390625,256500,21001.97255859375,20986.5903445821,77.00045298349558,412.76281658964217,403.31454336334303,9.448273226299136,21001.97255859375,21863.01434090637,20140.930776281126,0.0099527499207277,0.007317740997995357
2023-12-28,21778.69921875,21778.69921875,21801.44921875,21678.0,21715.0,393100,21086.0775390625,21062.029284979042,78.66928730337013,425.4415949271097,407.7399536760964,17.701641251013314,21086.0775390625,21904.50235870912,20267.652719415877,0.005723881307796219,0.007185496850930967
2023-12-29,21731.400390625,21731.400390625,21770.30078125,21676.900390625,21737.650390625,270900,21165.9900390625,21125.77891408818,76.3914130091147,426.7536475641318,411.5426924537035,15.210955110428301,21165.9900390625,21904.873955041552,20427.10612308345,-0.0021717930740454694,0.007305170790945827
2024-01-01,21741.900390625,21741.900390625,21834.349609375,21680.849609375,21727.75,154000,21239.6900390625,21184.45714994883,76.55371438096844,423.75592643856,413.9853392506748,9.770587187885155,21239.6900390625,21894.857364692987,20584.522713432016,0.00048317180721269004,0.007310036415002922
2024-01-02,21665.80078125,21665.80078125,21755.599609375,21555.650390625,21751.349609375,263700,21288.6400390625,21230.29940054894,72.6552207036478,410.50753305455146,413.28977801145015,-2.782244956898694,21288.6400390625,21917.00027110654,20660.279807018458,-0.003500136051024061,0.006250715743967562
2024-01-03,21517.349609375,21517.349609375,21677.0,21500.349609375,21661.099609375,311900,21321.7525390625,21257.637515675233,65.6335224026871,383.60733041831554,407.35328849282325,-23.745958074507712,21321.7525390625,21924.513671904715,20718.991406220288,-0.00685186637566948,0.0064147198130454245
2024-01-04,21658.599609375,21658.599609375,21685.650390625,21564.55078125,21605.80078125,339200,21357.79755859375,21295.824381741877,68.73016081255125,369.42788584099617,399.76820796245784,-30.340322121461668,21357.79755859375,21950.518242154074,20765.076875033425,0.006564470186349425,0.006491462354727134
2024-01-05,21710.80078125,21710.80078125,21749.599609375,21629.19921875,21705.75,309300,21398.280078125,21335.345943599794,69.81273031755943,358.27282604148786,391.46913157826384,-33.19630553677598,21398.280078125,21970.974934927643,20825.58522132236,0.002410182228605562,0.006441211235256869
2024-01-08,21513.0,21513.0,21763.94921875,21492.900390625,21747.599609375,231500,21425.46005859375,21352.26537754267,61.17087017969548,329.6712459160444,379.10955444582,-49.438308529775554,21425.46005859375,21964.7827527946,20886.137364392904,-0.00911070868564301,0.006884564958167552
2024-01-09,21544.849609375,21544.849609375,21724.44921875,21517.849609375,21653.599609375,228600,21452.84755859375,21370.60673295527,61.98682763699151,306.04637282299154,364.49691812125434,-58.450545298262796,21452.84755859375,21956.85242556553,20948.84269162197,0.0014804820050666745,0.006884679277611279
2024-01-10,21618.69921875,21618.69921875,21641.849609375,21448.650390625,21529.30078125,217000,21488.4625,21394.234588745247,63.88205644262719,289.94028584469925,349.58559166594335,-59.64530582124411,21488.4625,21929.74207451583,21047.182925484172,0.0034277152411805734,0.0067681666964439615
2024-01-11,21647.19921875,21647.19921875,21726.5,21593.75,21688.0,212500,21524.50498046875,21418.32645826951,64.61526052944083,276.2908982025074,334.9266529732562,-58.635754770748804,21524.50498046875,21886.964233497372,21162.04572744013,0.0013183031833516878,0.0067665493430745256
2024-01-12,21894.55078125,21894.55078125,21928.25,21715.150390625,21773.55078125,294700,21560.09755859375,21463.68115569622,70.2583987759058,282.1800678765467,324.3773359539143,-42.19726807736765,21560.09755859375,21921.109922401527,21199.08519478597,0.011426492637705898,0.0067012616935922436
2024-01-15,22097.44921875,22097.44921875,22115.55078125,21963.55078125,22053.150390625,345500,21592.1375,21524.0400188442,73.93102974353947,299.7639927735654,319.45466731784455,-19.690674544279148,21592.1375,22018.55606603953,21165.71893396047,0.009267074694848665,0.006421444495764874
2024-01-16,22032.30078125,22032.30078125,22124.150390625,21969.80078125,22080.5,292400,21622.82001953125,21572.44580573999,70.90348538660356,304.9274318778007,316.5492202298358,-11.621788352035082,21622.82001953125,22081.945615476812,21163.694423585686,-0.0029482333845447517,0.006458219345154877
2024-01-17,21571.94921875,21571.94921875,21851.5,21550.44921875,21647.25,456000,21628.7625,21572.398511740943,54.05768934014116,268.77470331983204,306.994316847835,-38.21961352800298,21628.7625,22081.986092397383,21175.53890760262,-0.020894393512082443,0.008161643334450061
2024-01-18,21462.25,21462.25,21539.400390625,21285.55078125,21414.19921875,387300,21644.36748046875,21561.908177289424,50.95115213307862,228.63602157704008,291.32265779367606,-62.686636216635975,21644.36748046875,22049.54513943707,21239.189821500433,-0.0050852715087356115,0.007547846977000484
2024-01-19,21622.400390625,21622.400390625,21670.599609375,21575.0,21615.19921875,343100,21662.7349609375,21567.66934046424,55.015502214745304,207.35832747995664,274.5297917309322,-67.17146425097553,21662.7349609375,22026.881209196486,21298.588712678516,0.00746195718645537,0.007641284597863071
2024-01-23,21238.80078125,21238.80078125,21750.25,21192.599609375,21716.69921875,449700,21657.20498046875,21536.34852530098,45.327046526603205,157.7241729240668,251.16866796955912,-93.44449504549232,21657.20498046875,22042.936097357226,21271.47386358027,-0.01774084294273448,0.008642275629031863
2024-01-24,21453.94921875,21453.94921875,21482.349609375,21137.19921875,21185.25,407500,21657.8349609375,21528.500972296122,50.583427326260356,134.2024266432527,227.77541970429786,-93.57299306104517,21657.8349609375,22042.192580509218,21273.477341365782,0.010129971071150878,0.008897279379435805
2024-01-25,21352.599609375,21352.599609375,21459.0,21247.05078125,21454.599609375,418100,21642.72744140625,21511.74846154173,48.23103666009108,106.15946653984065,203.45222907140644,-97.29276253156578,21642.72744140625,22049.482468061342,21235.972414751155,-0.004724053755400193,0.008640572740314975
2024-01-29,21737.599609375,21737.599609375,21763.25,21429.599609375,21433.099609375,376700,21640.6724609375,21533.25809466871,56.505804717356106,113.69094262360886,185.49997178184694,-71.80902915823808,21640.6724609375,22045.067367847187,21236.277554027816,0.018030591452244726,0.009513719665921077
2024-01-30,21522.099609375,21522.099609375,21813.05078125,21501.80078125,21775.75,375100,21630.207421875,21532.195381783593,51.539871021843354,101.1051652804199,168.62101048156154,-67.51584520114164,21630.207421875,22035.500853038924,21224.913990711073,-0.009913698102483215,0.00975888054237373
2024-01-31,21725.69921875,21725.69921875,21741.349609375,21448.849609375,21487.25,410600,21629.39736328125,21550.624318637536,55.517391703027194,106.33388218071195,156.16358482139162,-49.82970264067967,21629.39736328125,22033.858502780917,21224.93622378158,0.009460025419002926,0.01000678792524176
2024-02-01,21697.44921875,21697.44921875,21832.94921875,21658.75,21780.650390625,332500,21630.97978515625,21564.60764245777,54.84474181810526,106.9651118640686,146.32389022992703,-39.35877836585843,21630.97978515625,22036.245088837673,21225.714481474828,-0.0013003033741542103,0.009978219412926148
2024-02-02,21853.80078125,21853.80078125,22126.80078125,21805.55078125,21812.75,442800,21647.80234375,21592.149846152268,57.88601095645737,118.71317871725114,140.80174792739186,-22.08856921014072,21647.80234375,22060.66484912905,21234.939838370952,0.007205988175093214,0.009956337409243992
2024-02-05,21771.69921875,21771.69921875,21964.30078125,21726.94921875,21921.05078125,440800,21653.45732421875,21609.249786399672,55.76217904609524,120.01523546869066,136.64444543565162,-16.629209966960957,21653.45732421875,22069.83972546719,21237.07492297031,-0.0037568550808078083,0.009910479502299344
2024-02-06,21929.400390625,21929.400390625,21951.400390625,21737.55078125,21825.19921875,371000,21664.3873046875,21639.740320135417,58.88278138620612,132.24782087402127,135.76512052332555,-3.5172996493042774,21664.3873046875,22097.362716164767,21231.411893210236,0.007243402101531293,0.010022749479760484
2024-02-07,21930.5,21930.5,22053.30078125,21860.150390625,22045.05078125,346300,21685.2623046875,21667.43171821776,58.90454979289313,140.41237576139974,136.69457157094038,3.7178041904593613,21685.2623046875,22127.19466892563,21243.329940449374,5.014315737827957e-05,0.009764057668324362
2024-02-08,21717.94921875,21717.94921875,22011.05078125,21665.30078125,22009.650390625,491100,21693.91728515625,21672.24290874464,53.05723491121083,128.25334788670807,135.00632683409393,-6.752978947385856,21693.91728515625,22131.267398546708,21256.567171765793,-0.009692017110872975,0.010050926859918841
2024-02-09,21782.5,21782.5,21804.44921875,21629.900390625,21727.0,349200,21702.10732421875,21682.743584102293,54.53336270027387,122.41481745340934,132.488024957957,-10.073207504547668,21702.10732421875,22139.651199383636,21264.56344905386,0.0029722318898448563,0.010044334427331806
2024-02-12,21616.05078125,21616.05078125,21831.69921875,21574.75,21800.80078125,287400,21700.54990234375,21676.39188859255,50.15386189914159,103.16742923697166,126.62390581375995,-23.45647657678829,21700.54990234375,22139.085084684953,21262.01472000255,-0.0076414194307357075,0.01020100394104579
2024-02-13,21743.25,21743.25,21766.80078125,21543.349609375,21664.30078125,365800,21692.98486328125,21682.75932777421,53.24406112926551,97.05881570002384,120.71088779101274,-23.652072090988895,21692.98486328125,22123.009953655815,21262.959772906685,0.005884480011507653,0.009945712828116326
2024-02-14,21840.05078125,21840.05078125,21870.849609375,21530.19921875,21578.150390625,359100,21680.11494140625,21697.739466200474,55.50478428204204,98.88878119728543,116.34646647226728,-17.457685274981856,21680.11494140625,22074.914172246463,21285.315710566036,0.004451992284961959,0.009758462878401087
2024-02-15,21910.75,21910.75,21953.849609375,21794.80078125,21906.55078125,345400,21674.03740234375,21718.02618370519,57.13495945426279,104.83540088947484,114.0442533557088,-9.208852466233964,21674.03740234375,22050.269006068127,21297.805798619374,0.0032371361888359207,0.00977613228683988
2024-02-16,22040.69921875,22040.69921875,22068.650390625,21968.94921875,22020.30078125,343900,21697.47490234375,21748.756948947554,60.03338448712361,118.66604743304924,114.9686121711769,3.697435261872343,21697.47490234375,22102.637501916062,21292.31230277144,0.005930843022260657,0.008556000695313643
2024-02-19,22122.25,22122.25,22186.650390625,22021.05078125,22103.44921875,0,21730.47490234375,21784.327715714455,61.77996669058466,134.65517986823397,118.90592571058832,15.749254157645652,21730.47490234375,22160.383448285153,21300.56635640235,0.0037000088082788096,0.008445994786905093
2024-02-20,22196.94921875,22196.94921875,22215.599609375,22045.849609375,22099.19921875,295700,21759.20234375,21823.62500171784,63.35948911455442,151.60665800271818,125.4460721690143,26.160585833703877,21759.20234375,22231.11751819467,21287.287169305328,0.0033766555730090353,0.008344265041978683
2024-02-21,22055.05078125,22055.05078125,22249.400390625,21997.94921875,22248.849609375,364500,21800.01484375,21845.665552149472,58.420414306214475,151.84048593711123,130.72495492263369,21.11553101447754,21800.01484375,22223.55113923116,21376.47854826884,-0.006392700010330099,0.007298403393038708
2024-02-22,22217.44921875,22217.44921875,22252.5,21875.25,22081.55078125,343500,21838.18984375,21881.07352039714,62.065113133636466,163.24816966420258,137.22959787094746,26.01857179325512,21838.18984375,22267.66822413126,21408.711463368738,0.0073633218581414805,0.007159350641519243
2024-02-23,22212.69921875,22212.69921875,22297.5,22186.099609375,22290.0,226000,21881.19482421875,21912.65692024027,61.8942186591785,169.94651822914238,143.77298194258645,26.17353628655593,21881.19482421875,22278.61883592785,21483.77081250965,-0.0002137959201901074,0.007013433108852996
2024-02-26,22122.05078125,22122.05078125,22202.150390625,22075.150390625,22169.19921875,207800,21900.4173828125,21932.59919271739,58.57927711882275,166.02658527313542,148.22370260869627,17.802882664439153,21900.4173828125,22305.32011101976,21495.51465460524,-0.004080928508836235,0.006026781119960668
2024-02-27,22198.349609375,22198.349609375,22218.25,22085.650390625,22090.19921875,252200,21934.2298828125,21957.90875620859,60.497051573061114,167.149888075146,152.00893970198624,15.140948373159773,21934.2298828125,22319.58807134603,21548.87169427897,0.003448994348646428,0.0054815829216651275
2024-02-28,21951.150390625,21951.150390625,22229.150390625,21915.849609375,22214.099609375,203000,21945.50244140625,21957.26510234349,52.08325707723414,146.4055307909657,150.88825791978215,-4.482727128816435,21945.50244140625,22318.802460568993,21572.202422243507,-0.011135927809948543,0.0058425436601118414
2024-02-29,21982.80078125,21982.80078125,22060.55078125,21860.650390625,21935.19921875,360200,21959.77001953125,21959.697071763156,52.98485343670356,131.0092076034598,146.91244785651767,-15.903240253057874,21959.77001953125,22315.453589775483,21604.086449287017,0.0014418556686905948,0.005829428322975709
2024-03-01,22338.75,22338.75,22353.30078125,22047.75,22048.30078125,351500,21984.01748046875,21995.797350642857,61.71050965680675,145.84838828158536,146.69963594153123,-0.8512476599458694,21984.01748046875,22372.13899999693,21595.89596094057,0.016192168700068565,0.0066485035403134295
2024-03-04,22405.599609375,22405.599609375,22440.900390625,22358.30078125,22403.5,298800,22015.7125,22034.826137188775,63.095771733713875,161.1451694663665,149.5887426464983,11.556426819868193,22015.7125,22431.826073798424,21599.59892620158,0.0029925402887358565,0.006558675001124472
2024-03-05,22356.30078125,22356.30078125,22416.900390625,22269.150390625,22371.25,296200,22037.05751953125,22065.44276995651,61.33350142835504,167.36074485226345,153.14314308765134,14.217601764612112,22037.05751953125,22476.41863101491,21597.69640804759,-0.00220029050703785,0.00645931352708519
2024-03-06,22474.05078125,22474.05078125,22497.19921875,22224.349609375,22327.5,312300,22064.23505859375,22104.357818651126,63.92520396783477,179.71641508506218,158.45779748713352,21.258617597928662,22064.23505859375,22539.635345646642,21588.834771540856,0.005266971542034149,0.006524609785801128
2024-03-07,22493.55078125,22493.55078125,22525.650390625,22430.0,22505.30078125,379900,22103.01513671875,22141.423815089114,64.35134352819239,188.90428874226927,164.54709573816066,24.35719300410861,22103.01513671875,22585.58065191971,21620.44962151779,0.0008676673462120199,0.0059990638504295165
2024-03-11,22332.650390625,22332.650390625,22526.599609375,22307.25,22517.5,277900,22130.52265625,22159.635869902057,58.23821922699757,181.1146510307699,167.86060679668253,13.25404423408736,22130.52265625,22599.397161136196,21661.648151363803,-0.007153178801771132,0.006311646362608873
2024-03-12,22335.69921875,22335.69921875,22452.55078125,22256.0,22334.44921875,299200,22166.505078125,22176.403807887575,58.3190178721958,173.19088525502593,168.9266624883512,4.26422276667472,22166.505078125,22578.99457486762,21754.01558138238,0.0001365188668460693,0.005963912329359832
2024-03-13,21997.69921875,21997.69921875,22446.75,21905.650390625,22432.19921875,493300,22179.2275390625,22159.384323207807,47.375697203870345,138.04615839078178,162.75056166883735,-24.704403278055565,22179.2275390625,22552.550793459952,21805.904284665048,-0.015132725270416536,0.006949744227490122
2024-03-14,22146.650390625,22146.650390625,22204.599609375,21917.5,21982.55078125,426700,22194.55751953125,22158.17156772373,51.678862060243375,120.82008514653717,154.3644663643773,-33.54438121784014,22194.55751953125,22534.607954880536,21854.50708418196,0.006771215952804832,0.00703612687827352
2024-03-15,22023.349609375,22023.349609375,22120.900390625,21931.69921875,22064.849609375,661500,22200.1875,22145.331381214328,48.16760014674974,96.1110470902604,142.71378250955394,-46.60273541929354,22200.1875,22524.626400152934,21875.748599847066,-0.005567468627318717,0.0071449989062988915
2024-03-18,22055.69921875,22055.69921875,22123.69921875,21916.55078125,21990.099609375,356300,22200.9375,22136.794984789154,49.143895605960516,78.23742717191999,129.81851144202716,-51.58108427010717,22200.9375,22523.96446519787,21877.91053480213,0.0014688778023679294,0.007027990527324537
2024-03-19,21817.44921875,21817.44921875,21978.30078125,21793.099609375,21946.44921875,344200,22185.6974609375,22106.381102309235,42.75641252814356,44.33658618550544,112.72212639072282,-68.38554020521738,22185.6974609375,22548.453154100822,21822.941767774177,-0.010802196640288697,0.007372100648943601
2024-03-20,21839.099609375,21839.099609375,21930.900390625,21710.19921875,21843.900390625,312400,22167.80498046875,22080.925722029784,43.47538997598658,18.997934679791797,93.97728804853662,-74.97935336874482,22167.80498046875,22560.63041653912,21774.979544398382,0.0009923428906801757,0.0073223685784213855
2024-03-21,22011.94921875,22011.94921875,22080.94921875,21941.30078125,21989.900390625,353200,22165.64990234375,22074.356531241232,48.98445965121393,12.717786986653664,77.72538783616004,-65.00760084950637,22165.64990234375,22561.3881334775,21769.91167121,0.0079146856998078,0.007443754990256542
2024-03-22,22096.75,22096.75,22180.69921875,21883.30078125,21932.19921875,388700,22159.61494140625,22076.48924255159,51.482805207211925,14.417245993608958,65.06375946764983,-50.64651347404087,22159.61494140625,22555.690527676554,21763.539355135945,0.0038524885010076115,0.007299190000864774
2024-03-26,22004.69921875,22004.69921875,22073.19921875,21947.55078125,21947.900390625,328400,22149.21494140625,22069.652097427628,48.695095502769924,8.241349605967116,53.69927749531329,-45.45792788934617,22149.21494140625,22550.0633144407,21748.366568371803,-0.00416580634029895,0.007351549307185883
2024-03-27,22123.650390625,22123.650390625,22193.599609375,22052.849609375,22053.94921875,409100,22149.294921875,22074.794792017856,52.29025659048707,12.797748202759976,45.51897163680263,-32.721223434042656,22149.294921875,22550.122220731744,21748.467623018256,0.005405716783151604,0.007410390825302433
2024-03-28,22326.900390625,22326.900390625,22516.0,22163.599609375,22163.599609375,410500,22155.7224609375,22098.80484902806,57.739548981826815,32.435408092522266,42.90225892794656,-10.466850835424296,22155.7224609375,22563.55176163576,21747.89316023924,0.009187001078543977,0.007656720633030545
2024-04-01,22462.0,22462.0,22529.94921875,22427.75,22455.0,0,22181.26494140625,22133.394863406338,60.93361901342306,58.2285815962714,45.967523461611535,12.261058134659862,22181.26494140625,22598.525417692344,21764.004465120157,0.006050979178091831,0.00725778885883226
2024-04-02,22453.30078125,22453.30078125,22497.599609375,22388.150390625,22458.80078125,289500,22204.78994140625,22163.862093677162,60.6159258340227,77.07938006392214,52.18989478207366,24.889485281848486,22204.78994140625,22627.655993045646,21781.92388976685,-0.0003872860275131451,0.007265782324507786
2024-04-03,22434.650390625,22434.650390625,22521.099609375,22346.5,22385.69921875,309600,22209.5849609375,22189.65145529124,59.89492903455382,89.48234622018572,59.648385069696076,29.833961150489642,22209.5849609375,22640.516318050435,21778.653603824565,-0.0008306302403686683,0.0063410854444706285
2024-04-04,22514.650390625,22514.650390625,22619.0,22303.80078125,22592.099609375,401000,22215.0375,22220.603734846838,61.9837563332662,104.56179439138577,68.63106693403402,35.93072745735175,22215.0375,22658.333731217852,21771.741268782145,0.003565912488363576,0.0063554962011425145
2024-04-05,22513.69921875,22513.69921875,22537.599609375,22427.599609375,22486.400390625,242200,22222.907421875,22248.517590456664,61.94244727428241,115.10871250254058,77.92659604773534,37.18211645480524,22222.907421875,22681.287730629767,21764.52711312023,-4.224679746289706e-05,0.006329758328811352
2024-04-08,22666.30078125,22666.30078125,22697.30078125,22550.349609375,22578.349609375,227600,22232.519921875,22288.306465770314,65.87216058795828,134.23353125056383,89.18798308830105,45.045548162262776,22232.519921875,22718.7789512668,21746.2608924832,0.006778164752814453,0.006399922716980397
2024-04-09,22642.75,22642.75,22768.400390625,22612.25,22765.099609375,232400,22239.9798828125,22322.06299283981,64.76077925521359,145.80894195057772,100.51217486075639,45.29676708982133,22239.9798828125,22746.196793915613,21733.762971709384,-0.0010390218270411866,0.006407499790355044
2024-04-10,22753.80078125,22753.80078125,22775.69921875,22673.69921875,22720.25,276800,22261.03740234375,22363.180877450304,67.54169605220517,162.07510733434174,112.82476135547346,49.25034597886828,22261.03740234375,22813.818283979614,21708.256520707888,0.0049044741142307835,0.00622912167060201
2024-04-12,22519.400390625,22519.400390625,22726.44921875,22503.75,22677.400390625,357200,22270.2224609375,22378.058926324084,57.268633834740704,154.27363757279818,121.11453659893841,33.159100973859765,22270.2224609375,22833.662476621113,21706.782445253888,-0.010301592814249916,0.006719138917831579
2024-04-15,22272.5,22272.5,22427.44921875,22259.55078125,22339.05078125,355500,22283.9625,22368.0056952456,48.84174512244169,126.70751315052985,122.23313190925671,4.474381241273136,22283.9625,22833.377416534084,21734.54758346592,-0.010963897188301042,0.006259870970763
2024-04-16,22147.900390625,22147.900390625,22213.75,22079.44921875,22125.30078125,317300,22284.025,22347.043285281732,45.225071761201704,93.72659197894609,116.5318239231946,-22.805231944248504,22284.025,22833.37770212357,21734.672297876434,-0.005594325260972033,0.006232990036549966
2024-04-18,21995.849609375,21995.849609375,22326.5,21961.69921875,22212.349609375,456900,22282.65,22313.59626852871,41.214344164270635,54.689322562706366,104.16332365109696,-49.474001088390594,22282.65,22834.736504206852,21730.56349579315,-0.0068652458503182245,0.006300622864246518
2024-04-19,22147.0,22147.0,22179.55078125,21777.650390625,21861.5,362500,22287.2150390625,22297.72995724026,46.31152746070829,35.53890819741355,90.43844056036028,-54.89953236294673,22287.2150390625,22833.195810590925,21741.234267534073,0.0068717686886063944,0.006482097132771174
2024-04-22,22336.400390625,22336.400390625,22375.650390625,22198.150390625,22336.900390625,279300,22313.16259765625,22301.412855657854,51.935458273773975,35.238883565663855,79.398529161421,-44.15964559575714,22313.16259765625,22814.90930094962,21811.41589436288,0.008551965982977361,0.006186928699273725
2024-04-23,22368.0,22368.0,22447.55078125,22349.44921875,22447.05078125,231500,22339.6076171875,22307.754488452345,52.82337315231891,37.12300537337069,70.94342440381094,-33.82041903044025,22339.6076171875,22791.942319373025,21887.272915001973,0.0014147135985376202,0.0061869240160218365
2024-04-24,22402.400390625,22402.400390625,22476.44921875,22384.0,22421.55078125,235900,22359.13017578125,22316.76838389736,53.82345220886676,40.9203056956685,64.93880066218246,-24.018494966513956,22359.13017578125,22786.21183412185,21932.048517440653,0.0015379287654238016,0.005984510161380918
2024-04-25,22570.349609375,22570.349609375,22625.94921875,22305.25,22316.900390625,475000,22382.81015625,22340.918976799992,58.45403444127809,56.82672874652053,63.31638627905008,-6.489657532529549,22382.81015625,22801.510329987595,21964.109982512407,0.0074969296067168845,0.006132897461103399
2024-04-26,22419.94921875,22419.94921875,22620.400390625,22385.55078125,22620.400390625,329900,22403.57265625,22348.445666509517,53.299462248591304,56.64367600150217,61.9818442235405,-5.338168222038327,22403.57265625,22784.71278224586,22022.432530254137,-0.006663626980883297,0.006269237317723726
2024-04-29,22643.400390625,22643.400390625,22655.80078125,22441.900390625,22475.55078125,292000,22429.56015625,22376.536592615754,59.07375025231201,73.6799113394336,64.32145764671913,9.358453692714477,22429.56015625,22801.579737046104,22057.5405754539,0.00996662256880243,0.006517724585753059
2024-04-30,22604.849609375,22604.849609375,22783.349609375,22568.400390625,22679.650390625,361900,22443.4576171875,22398.280689449966,57.74714322152284,83.11245606186276,68.07965732974786,15.032798732114898,22443.4576171875,22819.83971531839,22067.075519056612,-0.00170251731563964,0.006263695400329848
2024-05-02,22648.19921875,22648.19921875,22710.5,22567.849609375,22567.849609375,445900,22452.767578125,22422.08245414521,58.865776521302735,93.01356442915858,73.06643874963001,19.94712567952857,22452.767578125,22839.59033209997,22065.94482415003,0.0019177127972140884,0.006142699261448585
2024-05-03,22475.849609375,22475.849609375,22794.69921875,22348.05078125,22766.349609375,438100,22453.89501953125,22427.203135595664,52.87241330611881,85.9621726365367,75.64558552701135,10.316587109525358,22453.89501953125,22840.848838052912,22066.941201009588,-0.007609859296553445,0.006400233740872463
2024-05-06,22442.69921875,22442.69921875,22588.80078125,22409.44921875,22561.599609375,320300,22454.2974609375,22428.678953038936,51.7803797539602,76.81347642281253,75.87916370617158,0.934312716640946,22454.2974609375,22841.187119464106,22067.407802410897,-0.0014749338156797576,0.00640662214932997
2024-05-07,22302.5,22302.5,22499.05078125,22232.05078125,22489.75,297800,22443.68994140625,22416.66190989237,47.32823961520971,57.58634397419155,72.22059975977558,-14.634255785584031,22443.68994140625,22834.987179573665,22052.392703238835,-0.006246985595782073,0.006497289727683472
2024-05-08,22302.5,22302.5,22368.650390625,22185.19921875,22231.19921875,277400,22433.12998046875,22405.789347045476,47.328239615209704,41.866096682831994,66.14969914438687,-24.283602461554878,22433.12998046875,22827.68560091467,22038.574360022834,0.0,0.006497437230213162
2024-05-09,21957.5,21957.5,22307.75,21932.400390625,22224.80078125,331300,22397.68994140625,22363.095123517334,38.00292508925258,1.5511895835297764,53.22999723221545,-51.67880764868568,22397.68994140625,22827.830852442617,21967.549030369883,-0.01546911781190452,0.007073483632745458
2024-05-10,22055.19921875,22055.19921875,22131.30078125,21950.30078125,21990.94921875,265800,22368.31240234375,22333.771704015682,41.51714078284536,-22.258571344224038,38.13228351692756,-60.390854861151595,22368.31240234375,22807.65069648534,21928.974108202157,0.0044494691449390444,0.007200231146214783
2024-05-13,22104.05078125,22104.05078125,22131.650390625,21821.05078125,22027.94921875,278200,22335.82490234375,22311.89352089514,43.24934907432288,-36.76229276803133,23.15336825993578,-59.91566102796711,22335.82490234375,22751.809239664886,21919.840565022612,0.0022149680905385605,0.0071029278703852615
2024-05-14,22217.849609375,22217.849609375,22270.05078125,22081.25,22112.900390625,230200,22320.74736328125,22302.936957893224,47.17452343965899,-38.6286945713764,10.796955693673347,-49.42565026504975,22320.74736328125,22730.84159895209,21910.65312761041,0.005148324587705533,0.006924455085394575
2024-05-15,22200.55078125,22200.55078125,22297.55078125,22151.75,22255.599609375,231900,22317.14990234375,22293.185893451013,46.646358667273645,-41.03072564013564,0.4314194269115484,-41.46214506704719,22317.14990234375,22730.126169559368,21904.173635128132,-0.0007786004689536163,0.0064867760770375305
2024-05-16,22403.849609375,22403.849609375,22432.25,22054.55078125,22319.19921875,368900,22329.94736328125,22303.725294967582,53.268180282182456,-26.227501861925703,-4.900364830855903,-21.3271370310698,22329.94736328125,22736.971423570092,21922.92330299241,0.009157377676264788,0.0066702374801308065
2024-05-17,22466.099609375,22466.099609375,22502.150390625,22345.650390625,22415.25,242700,22353.45986328125,22319.189515387337,55.10554462333005,-9.364833638406708,-5.793258592366064,-3.5715750460406435,22353.45986328125,22734.038974661853,21972.880751900644,0.0027785403439750667,0.00644733910798152
2024-05-21,22529.05078125,22529.05078125,22591.099609375,22404.55078125,22404.55078125,347600,22372.56240234375,22339.17630261235,56.948928167090585,8.97512621493297,-2.8395816309062574,11.814707845839228,22372.56240234375,22748.091537152373,21997.033267535124,0.002802051667603722,0.006317778571818362
2024-05-22,22597.80078125,22597.80078125,22629.5,22483.150390625,22576.599609375,290300,22385.632421875,22363.807205339748,58.93218152873843,28.726090473643126,3.473552790003619,25.252537683639506,22385.632421875,22773.219517501366,21998.045326248637,0.0030516154749500313,0.006081275751879882
2024-05-23,22967.650390625,22967.650390625,22993.599609375,22577.44921875,22614.099609375,369800,22415.61494140625,22421.31608012882,67.58373898718483,73.37680235897278,17.454202703797453,55.92259965517533,22415.61494140625,22878.55635618317,21952.67352662933,0.01636661960848307,0.007031564087817194
2024-05-24,22957.099609375,22957.099609375,23026.400390625,22908.0,22930.75,261900,22443.34990234375,22472.343082914173,67.14915138848768,106.68169319666777,35.29970080237152,71.38199239429625,22443.34990234375,22962.81505569036,21923.88474899714,-0.0004593757337192361,0.007042885765701712
2024-05-27,22932.44921875,22932.44921875,23110.80078125,22871.19921875,23038.94921875,260000,22461.4548828125,22516.162714898535,66.08002467507272,129.59310992054088,54.15838262600539,75.43472729453549,22461.4548828125,23021.053602802935,21901.856162822067,-0.0010737589261899938,0.006901939065069295
2024-05-28,22888.150390625,22888.150390625,22998.55078125,22858.5,22977.150390625,217900,22484.86494140625,22551.59011258677,64.1047302202709,142.5329958803195,71.83330527686822,70.69969060345129,22484.86494140625,23073.95565707668,21895.77422573582,-0.0019317094176221072,0.006710393462928805
2024-05-29,22704.69921875,22704.69921875,22825.5,22685.44921875,22762.75,269900,22487.9298828125,22566.171932221365,56.56398017225062,136.4124940082911,84.7491430231528,51.66335098513831,22487.9298828125,23080.91303602434,21894.94672960066,-0.008015115627261094,0.006658009225336232
2024-05-30,22488.650390625,22488.650390625,22705.75,22417.0,22617.44921875,373400,22482.119921875,22558.788928259804,49.22072554075455,112.82800632070939,90.36491568266412,22.463090638045273,22482.119921875,23072.679027082166,21891.560816667836,-0.009515599658179275,0.006993567973327803
2024-05-31,22530.69921875,22530.69921875,22653.75,22465.099609375,22568.099609375,572100,22476.244921875,22556.1137178303,50.565849677089325,96.41866457749711,91.57566546163072,4.842999115866391,22476.244921875,23062.399779647214,21890.090064102787,0.0018697799732139142,0.006992799808738064
2024-06-03,23263.900390625,23263.900390625,23338.69921875,23062.30078125,23337.900390625,569400,22515.6474609375,22623.521972382176,66.98728347795905,140.9525368703944,101.45103974338346,39.501497127010936,22515.6474609375,23194.9467125105,21836.3482093645,0.03254231769535276,0.009916986133910713
2024-06-04,21884.5,21884.5,23179.5,21281.44921875,23179.5,1006100,22487.7375,22553.138927393396,40.03944533485665,64.19981264123271,94.00079432295331,-29.8009816817206,22487.7375,23220.497176695862,21754.977823304136,-0.05929359941641077,0.01688936302019154
2024-06-05,22620.349609375,22620.349609375,22670.400390625,21791.94921875,22128.349609375,638500,22503.62998046875,22559.539944724977,51.29545498857606,62.0345438347249,87.60754422530763,-25.573000390582735,22503.62998046875,23233.41150125354,21773.848459683963,0.033624236760035675,0.018526172847302014
2024-06-06,22821.400390625,22821.400390625,22910.150390625,22642.599609375,22798.599609375,480400,22529.575,22584.479034810694,53.84486799650946,75.66940075173989,85.2199155305941,-9.550514778854208,22529.575,23265.77704076772,21793.37295923228,0.008888049244237806,0.01861052907157329
2024-06-07,23290.150390625,23290.150390625,23320.19921875,22789.05078125,22821.849609375,473600,22596.20751953125,22651.68583060253,59.20633492859396,122.88281399724292,92.75249522392386,30.13031877331906,22596.20751953125,23354.14874286859,21838.26629619391,0.020539931466807104,0.018642819271188472
2024-06-10,23259.19921875,23259.19921875,23411.900390625,23227.150390625,23319.150390625,304400,22656.40751953125,22709.54424852134,58.72129248851891,156.00396662978892,105.40278950509688,50.60117712469204,22656.40751953125,23424.10038805216,21888.71465101034,-0.0013289382574128705,0.018665864761332782
2024-06-11,23264.849609375,23264.849609375,23389.44921875,23206.650390625,23283.75,305200,22714.4474609375,22762.430473364544,58.78767058347273,180.62650806834063,120.44753321774563,60.178974850595,22714.4474609375,23481.84472654238,21947.05019533262,0.0002429314342191624,0.018674487677904392
2024-06-12,23322.94921875,23322.94921875,23441.94921875,23295.94921875,23344.44921875,295600,22769.70244140625,22815.8132110203,59.508678556076994,202.4939779424967,136.85682216269586,65.63715577980085,22769.70244140625,23545.21459760261,21994.19028520989,0.002497312914139238,0.018665831102570727
2024-06-13,23398.900390625,23398.900390625,23481.05078125,23353.900390625,23480.94921875,268300,22829.619921875,22871.345323363606,60.48199457472679,223.3777702961197,154.16101178938064,69.21675850673907,22829.619921875,23605.151981788666,22054.087861961336,0.0032564994745150067,0.018649210809493777
2024-06-14,23465.599609375,23465.599609375,23490.400390625,23334.25,23464.94921875,223100,22882.707421875,22927.940969650404,61.36040095805478,242.51483565527087,171.8317765625587,70.68305909271217,22882.707421875,23679.46008494566,22085.95475880434,0.0028505279152657437,0.018589279835752436
2024-06-18,23557.900390625,23557.900390625,23579.05078125,23499.69921875,23570.80078125,272200,22937.2974609375,22987.93710498132,62.59933753483059,262.107586385031,189.8869385270532,72.22064785797784,22937.2974609375,23761.529959552725,22113.064962322278,0.003933450786960613,0.018592034530373704
2024-06-19,23516.0,23516.0,23664.0,23412.900390625,23629.849609375,328800,22986.644921875,23038.228809268814,61.63322277060501,271.1285697686326,206.13526477536908,64.99330499326351,22986.644921875,23825.25375775612,22148.036085993877,-0.0017786131162043084,0.018616864833787286
2024-06-20,23567.0,23567.0,23624.0,23442.599609375,23586.150390625,280300,23035.1048828125,23088.58797029083,62.39399211176328,279.1748835903272,220.74318853836073,58.4316950519665,23035.1048828125,23890.08661277113,22180.123152853866,0.0021687361796223215,0.018616068799470947
2024-06-21,23501.099609375,23501.099609375,23667.099609375,23398.19921875,23661.150390625,609900,23061.77734375,23127.874793060753,60.718579498101214,277.0404842430471,232.002647679298,45.037836563749096,23061.77734375,23939.654483905026,22183.900203594974,-0.00279629951309035,0.018343452723738593
2024-06-24,23537.849609375,23537.849609375,23558.099609375,23350.0,23382.30078125,239400,23090.81484375,23166.92001366211,61.34198777505204,275.1427014582223,240.63065843508286,34.51204302313943,23090.81484375,23991.055390707566,22190.57429679243,0.00156375661610908,0.01833875353993694
2024-06-25,23721.30078125,23721.30078125,23754.150390625,23562.05078125,23577.099609375,298100,23130.257421875,23219.718182003813,64.38088707652278,285.1545867597597,249.53544410001825,35.61914265974144,23130.257421875,24067.64567854915,22192.869165200853,0.007793879853915442,0.018382631867903013
2024-06-26,23868.80078125,23868.80078125,23889.900390625,23670.44921875,23723.099609375,287800,23179.28994140625,23281.53557240821,66.65084515052425,301.51541328649546,259.9314379373137,41.58397534918174,23179.28994140625,24162.369840337928,22196.21004247457,0.006218040121837909,0.018384588171463802
2024-06-27,24044.5,24044.5,24087.44921875,23805.400390625,23881.55078125,515200,23246.27998046875,23354.198851226476,69.17115793722182,324.9135436759716,272.9278590850453,51.98568459092627,23246.27998046875,24272.51866841675,22220.04129252075,0.007361040898544724,0.018253183770640783
2024-06-28,24010.599609375,24010.599609375,24174.0,23985.80078125,24085.900390625,354800,23322.37744140625,23416.713209145382,68.10174021803547,336.8383891030426,285.7099650886448,51.12842401439775,23322.37744140625,24338.270610170377,22306.484272642123,-0.0014099020825968367,0.018048765567566155
2024-07-01,24141.94921875,24141.94921875,24164.0,23992.69921875,23992.94921875,0,23402.93994140625,23485.783305298202,70.03481250892585,352.8206341131081,299.1320988935375,53.68853521957061,23402.93994140625,24410.44496011071,22395.43492270179,0.005470484349075377,0.01805026654984552
2024-07-02,24123.849609375,24123.849609375,24236.349609375,24056.400390625,24228.75,0,23445.93740234375,23546.551524734088,69.41060066114032,359.87774459406137,311.28122803364226,48.596516560419104,23445.93740234375,24498.433001699996,22393.4418029875,-0.0007497161563467802,0.01672914153492136
2024-07-03,24286.5,24286.5,24309.150390625,24207.099609375,24291.75,0,23566.03740234375,23617.022808092748,71.83960026721084,374.2806088145371,323.88110418982126,50.39950462471586,23566.03740234375,24404.93113249817,22727.14367218933,0.006742306607722792,0.008495286351810566
2024-07-04,24302.150390625,24302.150390625,24401.0,24281.0,24369.94921875,251200,23650.12744140625,23682.2730540482,72.0694220409929,382.54806227001245,335.6144958058595,46.93356646415293,23650.12744140625,24427.92274723133,22872.33213558117,0.0006444070008029268,0.005297705136810711
2024-07-05,24323.849609375,24323.849609375,24363.0,24168.849609375,24213.349609375,298400,23725.24990234375,23743.375583126945,72.4056823562378,386.3968815753542,345.77097295975847,40.62590861559573,23725.24990234375,24457.243487149994,22993.256317537503,0.0008928929498506211,0.005178411707890575
2024-07-08,24320.55078125,24320.55078125,24344.599609375,24240.55078125,24329.44921875,266300,23776.769921875,23798.344649614854,72.2632484294293,384.7458006499073,353.56593849778824,31.179862152119085,23776.769921875,24523.905564722554,23029.634279027443,-0.00013562113637344275,0.00323480499848174
2024-07-09,24433.19921875,24433.19921875,24443.599609375,24331.900390625,24351.0,250500,23835.469921875,23858.806989532488,74.13441829147226,388.05385134193784,360.46352106661817,27.590330275319673,23835.469921875,24595.096742508485,23075.843101241513,0.004631820986013446,0.0031692154521960982
2024-07-10,24324.44921875,24324.44921875,24461.05078125,24141.80078125,24459.849609375,292300,23888.44990234375,23903.153868505586,69.27564148170597,377.548149162285,363.88044668575156,13.667702476533407,23888.44990234375,24629.060485343223,23147.839319344275,-0.004450911197766749,0.0034994075120663715
2024-07-11,24315.94921875,24315.94921875,24402.650390625,24193.75,24396.55078125,306400,23938.09990234375,23942.467711386005,68.89556353943233,364.33658022765667,363.9716733941326,0.36490683352405995,23938.09990234375,24653.107926164037,23223.091878523464,-0.0003494426502141934,0.003545773658919888
2024-07-12,24502.150390625,24502.150390625,24592.19921875,24331.150390625,24387.94921875,325800,23993.26240234375,23995.77082369448,72.46009691439224,364.6873068218629,364.1148000796787,0.5725067421842027,23993.26240234375,24703.57799169887,23282.94681298863,0.007657573644356042,0.003752340698990772
2024-07-15,24586.69921875,24586.69921875,24635.05078125,24522.75,24587.599609375,305400,24049.3173828125,24052.049718461672,73.92150892767992,367.55074777234404,364.8019896182118,2.748758154132247,24049.3173828125,24761.165287589967,23337.469478035033,0.003450669707641296,0.003759259421742688
2024-07-16,24613.0,24613.0,24661.25,24587.650390625,24615.900390625,283200,24102.07236328125,24105.473554798657,74.37700629930043,367.70363992417697,365.3823196794049,2.321320244772096,24102.07236328125,24816.806281757767,23387.338444804736,0.0010697158254551198,0.0037500165083644075
2024-07-18,24800.849609375,24800.849609375,24837.75,24504.44921875,24543.80078125,350900,24166.31484375,24171.69984571069,77.41169033248136,378.6182263759074,368.0295010187054,10.588725357202009,24166.31484375,24889.70820421507,23442.92148328493,0.007632129743428306,0.003814413767612938
2024-07-19,24530.900390625,24530.900390625,24854.80078125,24508.150390625,24853.80078125,343800,24214.50986328125,24205.909421416814,65.42069519875943,361.32039231243834,366.687679277452,-5.367286965013648,24214.50986328125,24899.167282831128,23529.852443731375,-0.010884676251089243,0.004874266257599507
2024-07-22,24509.25,24509.25,24595.19921875,24362.30078125,24445.75,324200,24264.9173828125,24234.799000329498,64.5570002828212,341.9232502206869,361.734793466099,-19.81154324541211,24264.9173828125,24876.616346034123,23653.218419590874,-0.0008825762723847497,0.004792896102462291
2024-07-23,24479.05078125,24479.05078125,24582.55078125,24074.19921875,24568.900390625,436400,24311.97744140625,24258.06107470288,63.30162174490006,320.4204433799059,353.4719234488604,-33.051480068954504,24311.97744140625,24830.400182205718,23793.55470060678,-0.0012321559717249908,0.004850200178545663
2024-07-24,24413.5,24413.5,24504.25,24307.25,24444.94921875,366600,24346.58740234375,24272.864781874036,60.54925071421651,294.6928777681278,341.7161143127139,-47.0232365445861,24346.58740234375,24789.591153122085,23903.583651565415,-0.002677831825905974,0.004753057634079635
2024-07-25,24406.099609375,24406.099609375,24426.150390625,24210.80078125,24230.94921875,391800,24373.45234375,24285.553813064602,60.23085105299229,270.58728519886427,327.490348489944,-56.90306329107972,24373.45234375,24758.70259020617,23988.20209729383,-0.0003031269840456652,0.004630854217342007
2024-07-26,24834.849609375,24834.849609375,24861.150390625,24410.900390625,24423.349609375,383800,24412.96982421875,24337.867698427497,70.05546628315032,282.819800591049,318.556238910165,-35.73643831911602,24412.96982421875,24816.834635507967,24009.105012929536,0.01756732976027453,0.0057753030529243965
2024-07-29,24836.099609375,24836.099609375,24999.75,24774.599609375,24943.30078125,355000,24454.24482421875,24385.318356612974,70.07867443975388,289.2803776009823,312.7010666483285,-23.420689047346173,24454.24482421875,24853.89428106346,24054.595367374037,5.03324972633834e-05,0.005743939314950377
2024-07-30,24857.30078125,24857.30078125,24971.75,24798.650390625,24839.400390625,385000,24490.01240234375,24430.26906372126,70.49634460629471,292.7367023298393,308.7081937846307,-15.971491454791362,24490.01240234375,24899.386951671404,24080.637853016095,0.0008536433743000504,0.005677120491739806
2024-07-31,24951.150390625,24951.150390625,24984.599609375,24856.5,24886.69921875,333600,24531.37744140625,24479.876809140664,72.33714584882676,299.59519678458673,306.8855943846219,-7.290397600035192,24531.37744140625,24951.446324408713,24111.308558403787,0.00377553501085659,0.005673907674638224
2024-08-01,25010.900390625,25010.900390625,25078.30078125,24956.400390625,25030.94921875,431300,24567.5974609375,24530.450483567744,73.47196405084907,306.3208525906157,306.7726460258207,-0.4517934352049906,24567.5974609375,25020.593892171917,24114.601029703084,0.0023946791656728195,0.0055526503003874165
2024-08-02,24717.69921875,24717.69921875,24851.900390625,24686.849609375,24789.0,345000,24588.37490234375,24548.283696442246,60.381731938054735,284.71013784359457,302.3601443893755,-17.65000654578091,24588.37490234375,25028.707318295314,24148.042486392183,-0.011722935491954689,0.0062907928258636205
2024-08-05,24055.599609375,24055.599609375,24350.05078125,23893.69921875,24302.849609375,487000,24574.96240234375,24501.361402435843,42.128375810519046,211.71704334414972,284.2315241803303,-72.51448083618061,24574.96240234375,25060.707430468883,24089.217374218617,-0.02678645789462286,0.008820744011872913
2024-08-06,23992.55078125,23992.55078125,24382.599609375,23960.400390625,24189.849609375,312300,24558.56240234375,24452.90324803719,40.8616250712441,147.08645545747277,256.80251043575885,-109.71605497828608,24558.56240234375,25096.863430613048,24020.26137407445,-0.0026209626510589334,0.008832585492916878
2024-08-07,24297.5,24297.5,24337.69921875,24184.900390625,24289.400390625,317600,24551.77744140625,24438.102938700315,48.869729540209306,119.10018945842603,229.2620462402923,-110.16185678186628,24551.77744140625,25099.565159668935,24003.989723143568,0.012710162480444431,0.009260757214577258
2024-08-08,24117.0,24117.0,24340.5,24079.69921875,24248.55078125,311900,24541.40498046875,24407.52170644314,44.9866329163498,81.41750026306545,199.69313704484694,-118.27563678178149,24541.40498046875,25113.34177159499,23969.468189342508,-0.007428747813561065,0.009355518781857582
2024-08-09,24367.5,24367.5,24419.75,24311.19921875,24386.849609375,215100,24543.98251953125,24403.71011535332,50.82627917779867,70.94909704432939,173.94432904474343,-102.99523200041403,24543.98251953125,25112.28494479551,23975.680094266994,0.010386864037815746,0.009660790039230016
2024-08-12,24347.0,24347.0,24472.80078125,24212.099609375,24320.05078125,279900,24536.225,24398.309151986337,50.355200489218774,60.30349227700572,151.2161616911959,-90.91266941419019,24536.225,25110.800815121496,23961.6491848785,-0.0008412844977941925,0.009498757983449667
2024-08-13,24139.0,24139.0,24359.94921875,24116.5,24342.349609375,239700,24513.8400390625,24373.61304227335,45.72448479764928,34.683106863551075,127.90955072566695,-93.22644386211587,24513.8400390625,25113.15717730498,23914.52290082002,-0.008543146999630324,0.009628912274411257
2024-08-14,24143.75,24143.75,24196.5,24099.69921875,24184.400390625,303300,24490.3775390625,24351.721323961603,45.846958149258576,14.593823626644735,105.24640530586251,-90.65258167921777,24490.3775390625,25108.767274098736,23871.987804026267,0.00019677699987563635,0.009621612745803082
2024-08-16,24541.150390625,24541.150390625,24563.900390625,24204.5,24334.849609375,271600,24477.392578125,24369.762187453354,54.99656923850647,30.38950098517671,90.27502444172535,-59.88552345654864,24477.392578125,25079.861185405345,23874.923970844655,0.016459762490292462,0.010218444690956731
2024-08-19,24572.650390625,24572.650390625,24638.80078125,24522.94921875,24636.349609375,243600,24479.480078125,24389.084873469703,55.636412185354445,44.93153309245827,81.20632617187194,-36.27479307941367,24479.480078125,25082.96428264246,23875.995873607542,0.0012835584110202358,0.00992412945257276
2024-08-20,24698.849609375,24698.849609375,24734.30078125,24607.19921875,24648.900390625,238300,24488.96005859375,24418.586276889255,58.20048193335385,65.87999697317719,78.141060332133,-12.26106335895581,24488.96005859375,25099.927368342644,23877.99274884486,0.005135759339910173,0.00998281717740284
2024-08-21,24770.19921875,24770.19921875,24787.94921875,24654.5,24680.55078125,257100,24503.51748046875,24452.073223733136,59.6214158369128,87.23354865923102,79.95955799755261,7.273990661678411,24503.51748046875,25126.60080855641,23880.434152381087,0.0028887826964991703,0.00998916802924438
2024-08-22,24811.5,24811.5,24867.349609375,24784.44921875,24863.400390625,220300,24523.41748046875,24486.304345282362,60.45932706269164,106.26407399834352,85.22046119771079,21.04361280063273,24523.41748046875,25159.026488310974,23887.808472626526,0.001667357653657442,0.009960444825301906
2024-08-23,24823.150390625,24823.150390625,24858.400390625,24771.650390625,24845.400390625,206800,24544.27001953125,24518.38492102928,60.70702859760843,120.89241904040318,92.35485276624928,28.537566274153903,24544.27001953125,25190.39289036877,23898.14714869373,0.00046955607782672715,0.009957209429671411
2024-08-26,25010.599609375,25010.599609375,25043.80078125,24874.69921875,24906.099609375,210300,24553.05751953125,24565.26251039554,64.55448544764045,145.92889577944516,103.06966136888846,42.859234410556695,24553.05751953125,25219.219092470077,23886.89594659242,0.007551387144671073,0.009305052071267798
2024-08-27,25017.75,25017.75,25073.099609375,24973.650390625,25024.80078125,223300,24562.1400390625,24608.356557024537,64.69649173312494,164.45176318006997,115.34608173112477,49.105681448945205,24562.1400390625,25248.147712468857,23876.13236565614,0.0002858944102370753,0.00930474320829454
2024-08-28,25052.349609375,25052.349609375,25129.599609375,24964.650390625,25030.80078125,220400,24571.89248046875,24650.641609629343,65.41845774278644,179.84996986084298,128.24685935706842,51.60311050377456,24571.89248046875,25279.60937255084,23864.175588386657,0.0013830024432652799,0.009306836811869234
2024-08-29,25151.94921875,25151.94921875,25192.900390625,24998.5,25035.30078125,354000,24581.932421875,24698.385191450358,67.48012635178688,197.80978758240963,142.15944500213666,55.65034258027296,24581.932421875,25316.088978126085,23847.775865623917,0.00397565940632294,0.009310727258648361
2024-08-30,25235.900390625,25235.900390625,25268.349609375,25199.400390625,25249.69921875,638200,24593.182421875,24749.577115181277,69.14963479996008,216.323586829134,156.99227336753614,59.33131346159786,24593.182421875,25359.479829070115,23826.885014679887,0.003337760073577778,0.009323514882531764
2024-09-02,25278.69921875,25278.69921875,25333.650390625,25235.5,25333.599609375,222800,24621.232421875,24799.969696473538,69.99533863395828,231.77762566968158,171.94934382796524,59.82828184171635,24621.232421875,25442.78599620397,23799.67884754603,0.001695950113232314,0.008870236933394967
2024-09-03,25279.849609375,25279.849609375,25321.69921875,25235.80078125,25313.400390625,212100,24682.444921875,24845.672545321297,70.01912895900107,241.33591944738146,185.8266589518485,55.50926049553297,24682.444921875,25508.719464074176,23856.170379675827,4.550829989491412e-05,0.005978735744389413
2024-09-04,25198.69921875,25198.69921875,25216.0,25083.80078125,25089.94921875,253800,24742.75234375,24879.29413326689,66.04120394411297,239.60080883079354,196.5814889276375,43.01931990315603,24742.75234375,25534.140107939125,23951.36457956087,-0.0032100820170585243,0.006006689687032416
2024-09-05,25145.099609375,25145.099609375,25275.44921875,25127.75,25250.5,222200,24785.13232421875,24904.60894051528,63.476095180304995,231.23514581830023,203.51222030577006,27.722925512530168,24785.13232421875,25567.332475611183,24002.932172826317,-0.0021270784221717465,0.005576577024761801
2024-09-06,24852.150390625,24852.150390625,25168.75,24801.30078125,25093.69921875,311700,24821.88984375,24899.612888144777,51.66472396988103,198.67652463109698,202.54508117083546,-3.868556539738478,24821.88984375,25541.64726092732,24102.13242657268,-0.011650350298901935,0.006004961196763623
2024-09-09,24936.400390625,24936.400390625,24957.5,24753.150390625,24823.400390625,254400,24850.33486328125,24903.11645980956,54.29852281377261,177.62431116954394,197.56092717057717,-19.93661600103323,24850.33486328125,25540.36585540097,24160.303871161526,0.003390048695012693,0.005654778148864516
2024-09-10,25041.099609375,25041.099609375,25130.5,24896.80078125,24999.400390625,251300,24885.03984375,24916.257712149127,57.40478046240823,167.45827748975717,191.54039723441318,-24.082119744656012,24885.03984375,25539.206541282027,24230.873146217975,0.0041986500501236534,0.005672713176136214
2024-09-11,24918.44921875,24918.44921875,25113.69921875,24885.150390625,25034.0,279200,24924.0123046875,24916.466427063497,52.87124561853473,147.8010031039994,182.79251840833044,-34.991515304331045,24924.0123046875,25481.47692678377,24366.547682591234,-0.004897963449619458,0.005387066124902811
2024-09-12,25388.900390625,25388.900390625,25433.349609375,24941.44921875,25059.650390625,380100,24986.26982421875,24961.46013787888,64.46402227463878,168.2445311495867,179.8829209565817,-11.638389806995008,24986.26982421875,25451.80730241173,24520.732346025772,0.01887963282727112,0.006611011615566609
2024-09-13,25356.5,25356.5,25430.5,25292.44921875,25430.44921875,250800,25027.0373046875,24999.082981890413,63.30900789754007,179.7595771622291,179.85825219771118,-0.09867503548207424,25027.0373046875,25471.857502437604,24582.217106937394,-0.0012761636040355961,0.005782974991757403
2024-09-16,25383.75,25383.75,25445.69921875,25336.19921875,25406.650390625,168700,25067.59228515625,25035.717935996086,63.89492899661197,188.90658384265407,181.66791852669976,7.238665315954307,25067.59228515625,25486.449633699085,24648.734936613415,0.0010746751326089488,0.005783862733459338
2024-09-17,25418.55078125,25418.55078125,25441.650390625,25352.25,25416.900390625,216000,25103.57734375,25072.17820697265,64.67085442900222,196.6963911838102,184.67361305812187,12.022778125688319,25103.57734375,25513.09159462287,24694.063092877128,0.0013709866056039743,0.005725099056660612
2024-09-18,25377.55078125,25377.55078125,25482.19921875,25285.55078125,25402.400390625,215700,25133.944921875,25101.26130928478,62.95430326833908,197.28730700740562,187.19635184797863,10.090955159426983,25133.944921875,25529.92125514338,24737.96858860662,-0.0016129951842196455,0.0057540874455847425
2024-09-19,25415.80078125,25415.80078125,25611.94921875,25376.05078125,25487.05078125,314500,25164.1599609375,25131.217449471944,63.916554378624255,198.5532688976018,189.46773525790329,9.085533639698525,25164.1599609375,25549.17926140267,24779.14066047233,0.0015072376499098983,0.005753554707932844
2024-09-20,25790.94921875,25790.94921875,25849.25,25426.599609375,25525.94921875,533100,25212.54990234375,25194.049046546046,71.68485227383721,227.20877514892345,197.01594323610732,30.192831912816132,25212.54990234375,25653.2186729032,24771.881131784303,0.014760441377741573,0.006495122747223425
2024-09-23,25939.05078125,25939.05078125,25956.0,25847.349609375,25872.55078125,209200,25258.9724609375,25265.001592708326,74.0591904561488,258.88476622732196,209.38970783435028,49.495058392971686,25258.9724609375,25790.92421702549,24727.02070484951,0.005742385099666292,0.006424997657382286
2024-09-24,25940.400390625,25940.400390625,26011.55078125,25886.849609375,25921.44921875,384100,25305.10498046875,25329.325287748008,74.08052007806047,280.8595455553841,223.68367537855704,57.17587017682706,25305.10498046875,25901.50332294749,24708.70663799001,5.2030021699067674e-05,0.006428193954228283
2024-09-25,26004.150390625,26004.150390625,26032.80078125,25871.349609375,25899.44921875,278500,25352.69501953125,25393.594345164864,75.12112794501051,299.96104450978964,238.93914920480358,61.02189530498606,25352.69501953125,26009.64827297343,24695.741766089068,0.0024575565157058943,0.006428734560971742
2024-09-26,26216.05078125,26216.05078125,26250.900390625,25998.400390625,26005.400390625,370900,25405.90009765625,25471.923529553926,78.24728342892666,328.41198175173486,256.83371571418985,71.578266037545,25405.90009765625,26155.087200326507,24656.712994985992,0.008148714241454025,0.006566384397884231
2024-09-27,26178.94921875,26178.94921875,26277.349609375,26151.400390625,26248.25,490300,25453.0525390625,25539.259309477362,76.43625847605486,344.0003466079397,274.26704189293986,69.73330471499986,25453.0525390625,26269.21974774697,24636.88533037803,-0.0014152231703233875,0.006604911024339881
2024-09-30,25810.849609375,25810.849609375,26134.69921875,25794.099609375,26061.30078125,343100,25479.66005859375,25565.125052324755,61.28168539418512,322.9291497034501,283.9994634550419,38.92968624840819,25479.66005859375,26305.989898786767,24653.33021840073,-0.014060900852023384,0.007503691511254021
2024-10-01,25796.900390625,25796.900390625,25907.599609375,25739.19921875,25788.44921875,247400,25505.51259765625,25587.198894067635,60.78982214936107,301.6275147389242,287.5250737118184,14.10244102710584,25505.51259765625,26337.552880466865,24673.472314845632,-0.0005404401234794243,0.007509039344721972
2024-10-03,25250.099609375,25250.099609375,25639.44921875,25230.30078125,25452.849609375,423400,25508.0826171875,25555.094200287385,45.40529649321509,237.88141345914846,277.5963416612844,-39.71492820213592,25508.0826171875,26336.626449002924,24679.53878537208,-0.021196375260987388,0.008978130499866925
2024-10-04,25014.599609375,25014.599609375,25485.05078125,24966.80078125,25181.900390625,374900,25501.5576171875,25503.618524962396,40.63544629347809,166.44066273044882,255.36520587511728,-88.92454314466846,25501.5576171875,26343.382029845627,24659.733204529373,-0.009326695880144675,0.009215034010802007
2024-10-07,24795.75,24795.75,25143.0,24694.349609375,25084.099609375,374300,25498.73759765625,25436.202474965976,36.769744217927204,91.11371639479694,222.51490797905322,-131.40119158425628,25498.73759765625,26349.57451564949,24647.900679663013,-0.008748875168602677,0.00904691438233716
2024-10-08,25013.150390625,25013.150390625,25044.0,24756.80078125,24832.19921875,333200,25502.57509765625,25395.911800266837,42.610328716582735,48.401026450683275,187.69213167337924,-139.29110522269596,25502.57509765625,26343.871071520007,24661.27912379249,0.00876764730346924,0.009233300261906677
2024-10-09,24981.94921875,24981.94921875,25234.05078125,24947.69921875,25065.80078125,290600,25499.617578125,25356.48679250333,42.01055822574789,11.89610721155259,152.5329267810139,-140.63681956946132,25499.617578125,26347.769842669964,24651.465313580033,-0.0012473907279866303,0.009189188764786648
2024-10-10,24998.44921875,24998.44921875,25134.05078125,24979.400390625,25067.05078125,261400,25503.617578125,25322.387975955393,42.47171580701558,-15.523941847153765,118.92155305538039,-134.44549490253416,25503.617578125,26341.46056839988,24665.774587850115,0.0006604768849507447,0.009119533848418694
2024-10-11,24964.25,24964.25,25028.650390625,24920.05078125,24985.30078125,210500,25482.38505859375,25288.279597292974,41.73095889447003,-39.55811805443955,87.2256188334164,-126.78373688785595,25482.38505859375,26351.71184815857,24613.05826902893,-0.0013680536120755926,0.007990708716755987
2024-10-14,25127.94921875,25127.94921875,25159.75,25017.5,25023.44921875,206400,25470.95751953125,25273.010037431737,46.537577318166356,-44.87888118772753,60.80471882918762,-105.68360001691515,25470.95751953125,26352.525585976884,24589.389453085616,0.006557345754428789,0.008157041818542656
2024-10-15,25057.349609375,25057.349609375,25212.05078125,25008.150390625,25186.30078125,257200,25454.6375,25252.470949045382,44.82038958499786,-54.168007681757445,37.81017352699861,-91.97818120875606,25454.6375,26353.96511216528,24555.309887834723,-0.0028096049048969007,0.008165796091180873
2024-10-16,24971.30078125,24971.30078125,25093.400390625,24908.44921875,25008.55078125,226800,25432.275,25225.692837826773,42.74988451668984,-67.69280808811163,16.70957720397656,-84.4023852920882,25432.275,26355.99154465116,24508.558455348844,-0.0034340754096676696,0.008174968435952128
2024-10-17,24749.849609375,24749.849609375,25029.5,24728.900390625,25027.400390625,252800,25400.88994140625,25180.37443511708,37.89776019205523,-95.18335421886513,-5.669009080591778,-89.51434513827336,25400.88994140625,26371.38162193778,24430.39826087472,-0.008868227322834543,0.008369029608443098
2024-10-18,24854.05078125,24854.05078125,24886.19921875,24567.650390625,24664.94921875,290900,25372.80244140625,25149.295991891642,41.275275058454966,-107.32447660229082,-26.000102584931586,-81.32437401735923,25372.80244140625,26372.032454037486,24373.572428775013,0.004210173941240125,0.008436904776834573
2024-10-21,24781.099609375,24781.099609375,24978.30078125,24679.599609375,24956.150390625,242000,25322.3099609375,25114.2296697472,39.64945822556655,-121.43314771776932,-45.08671161149913,-76.34643610627018,25322.3099609375,26333.90066799922,24310.719253875777,-0.00293518237799828,0.007571437602264157
2024-10-22,24472.099609375,24472.099609375,24882.0,24445.80078125,24798.650390625,279500,25248.96240234375,25053.07442590223,33.6104354343133,-155.75266898809787,-67.21990308681889,-88.53276590127898,25248.96240234375,26283.512537281556,24214.412267405944,-0.012469180337869368,0.0076895623001087
2024-10-23,24435.5,24435.5,24604.25,24378.099609375,24378.150390625,284600,25173.7173828125,24994.25781391154,32.96989054462341,-183.785850571825,-90.53309258382012,-93.25275798800487,25173.7173828125,26215.050013397216,24132.384752227787,-0.001495564743491773,0.007666273800998374
2024-10-24,24399.400390625,24399.400390625,24480.650390625,24341.19921875,24412.69921875,216700,25093.4798828125,24937.604725979487,32.315706684603285,-206.53448474771722,-113.73337101659955,-92.80111373111767,25093.4798828125,26113.583302412997,24073.376463212,-0.0014773427748562273,0.007569924553931165
2024-10-25,24180.80078125,24180.80078125,24440.25,24073.900390625,24418.05078125,372600,24991.7173828125,24865.528159814774,28.6133172933186,-239.44196486703004,-138.87508978668566,-100.56687508034437,24991.7173828125,25947.621198652596,24035.813566972407,-0.008959220549493163,0.0071823613708429535
2024-10-28,24339.150390625,24339.150390625,24492.599609375,24134.900390625,24251.099609375,278600,24899.72744140625,24815.396943701464,34.47011395368281,-249.8636176044747,-161.0727953502435,-88.79082225423122,24899.72744140625,25726.267432733814,24073.187450078683,0.0065485676346082045,0.007545249087597173
2024-10-29,24466.849609375,24466.849609375,24484.5,24140.849609375,24328.849609375,332000,24832.52744140625,24782.201959479895,38.82870897917901,-244.99444924942873,-177.85712613008056,-67.13732311934817,24832.52744140625,25565.02516820393,24100.029714608572,0.0052466588480091225,0.007370821577222094
2024-10-30,24340.849609375,24340.849609375,24498.19921875,24307.30078125,24371.44921875,285200,24759.72490234375,24740.168402327046,36.26558958565254,-248.43889627325916,-191.97348015871628,-56.465416114542876,24759.72490234375,25374.2966736229,24145.153131064602,-0.005149825253829232,0.007373639421815848
2024-10-31,24205.349609375,24205.349609375,24372.44921875,24172.599609375,24349.849609375,287000,24707.48740234375,24689.233279188757,33.690034874467074,-259.1154414198718,-205.4018724109474,-53.713569008924395,24707.48740234375,25324.0556133795,24090.919191308003,-0.005566773640794054,0.0060366905567930855
2024-11-01,24304.349609375,24304.349609375,24368.25,24280.19921875,24302.75,38800,24671.97490234375,24652.577691587445,37.199337684605915,-256.6299375726885,-215.64748544329564,-40.98245212939287,24671.97490234375,25295.47489650353,24048.474908183973,0.004090004961616156,0.005935179353503983
2024-11-04,23995.349609375,23995.349609375,24316.75,23816.150390625,24315.75,285500,24631.9548828125,24589.984540900547,31.58135087012677,-276.40762045512383,-227.7995124456613,-48.60810800946254,24631.9548828125,25318.137174423966,23945.772591201036,-0.0127137736646451,0.006250610117557454
2024-11-05,24213.30078125,24213.30078125,24229.05078125,23842.75,23916.5,289500,24591.96240234375,24554.109897124305,38.62245015274729,-271.36659338489335,-236.51292863350773,-34.85366475138562,24591.96240234375,25277.849267402937,23906.075537284563,0.00908305881860727,0.006278535314040144
2024-11-06,24484.05078125,24484.05078125,24537.599609375,24204.05078125,24308.75,351100,24567.06748046875,24547.43760037437,46.05008699728606,-242.72628336251728,-237.75559957930966,-4.970683783207619,24567.06748046875,25230.296553504115,23903.838407433388,0.011181870759630508,0.0069001502109084095
2024-11-07,24199.349609375,24199.349609375,24503.349609375,24179.05078125,24489.599609375,322200,24527.1125,24514.286363136336,40.49997954974209,-240.23238713145474,-238.25095708973868,-1.9814300417160666,24527.1125,25177.737159217697,23876.4878407823,-0.011628025706147627,0.007282581694171558
2024-11-08,24148.19921875,24148.19921875,24276.150390625,24066.650390625,24207.69921875,298700,24486.3099609375,24479.420920813827,39.5770703770787,-239.6211618477828,-238.52499804134752,-1.0961638064352712,24486.3099609375,25124.393242779795,23848.2266790952,-0.002113709312467793,0.007283251942127903
2024-11-11,24141.30078125,24141.30078125,24336.80078125,24004.599609375,24087.25,273400,24436.9775390625,24447.21900276013,39.44651365227022,-236.96185885518935,-238.2123702041159,1.2505113489265511,24436.9775390625,25019.11292070058,23854.84215742442,-0.00028567088740283353,0.007034622277329371
2024-11-12,23883.44921875,23883.44921875,24242.0,23839.150390625,24225.80078125,255800,24378.28251953125,24393.526642378212,34.82249849811599,-252.74729472873878,-241.1193551090405,-11.627939619698282,24378.28251953125,24934.526710904644,23822.038328157858,-0.010680930776533315,0.007298864346514932
2024-11-13,23559.05078125,23559.05078125,23873.599609375,23509.599609375,23822.44921875,304600,24307.67001953125,24314.05275084219,30.04997184746506,-288.1124284504258,-250.51796977731757,-37.59445867310822,24307.67001953125,24902.108490919763,23713.23154814274,-0.013582562322921432,0.007717435078241673
2024-11-14,23532.69921875,23532.69921875,23675.900390625,23484.150390625,23542.150390625,257700,24246.8125,24239.638128738174,29.693956432992778,-314.63894072866606,-263.3421639675873,-51.296776761078775,24246.8125,24894.542332577246,23599.082667422754,-0.0011185324376894457,0.007594428969072308
2024-11-18,23453.80078125,23453.80078125,23606.80078125,23350.400390625,23605.30078125,263300,24176.8,24164.796476596443,28.601363990806945,-338.1300842147102,-278.2997480170119,-59.83033619769833,24176.8,24849.08921347692,23504.51078652308,-0.0033527151631265184,0.007429711646144545
2024-11-19,23518.5,23518.5,23780.650390625,23464.80078125,23529.55078125,297500,24113.67001953125,24103.244431206305,30.848388190509212,-347.5203007298187,-292.1438585595733,-55.37644217024541,24113.67001953125,24784.242449059424,23443.09759000308,0.002758581406631766,0.0075353740431651
2024-11-21,23349.900390625,23349.900390625,23507.30078125,23263.150390625,23488.44921875,420300,24057.56005859375,24031.497379722372,28.344955998670798,-364.3665041521417,-306.588387678087,-57.77811647405474,24057.56005859375,24784.229534635288,23330.890582552212,-0.007168807933116472,0.00725750808633941
2024-11-22,23907.25,23907.25,23956.099609375,23359.0,23411.80078125,367600,24031.14755859375,24019.66429593929,44.40638237375873,-328.95183424339484,-311.0610769911486,-17.89075725224626,24031.14755859375,24739.10868017201,23323.186437015494,0.023869464111237804,0.00932951562785738
2024-11-25,24221.900390625,24221.900390625,24351.55078125,24135.44921875,24253.55078125,687200,24022.27255859375,24038.924876385547,51.07388686618139,-272.3562430770726,-303.3201102083334,30.963867131260827,24022.27255859375,24715.849653149304,23328.6954640382,0.013161295867362366,0.009853799723965554
2024-11-26,24194.5,24194.5,24343.30078125,24125.400390625,24343.30078125,230700,24022.95751953125,24053.741554825017,50.50582839263795,-227.09697924360444,-288.07548401538764,60.97850477178321,24022.95751953125,24717.186248586117,23328.728790476383,-0.0011312238174179257,0.00964581515192816
2024-11-27,24274.900390625,24274.900390625,24354.55078125,24145.650390625,24204.80078125,295000,24019.74501953125,24074.80430109168,52.186305208321805,-182.63573591403838,-266.9875343951178,84.35179848107941,24019.74501953125,24708.665699532237,23330.82433953026,0.003323085437806128,0.009558404768297347
2024-11-28,23914.150390625,23914.150390625,24345.75,23873.349609375,24274.150390625,366700,23992.11005859375,24059.503928666283,44.831159200808955,-174.49788731208173,-248.48960497851058,73.99171766642885,23992.11005859375,24650.749930866798,23333.4701863207,-0.014861029054492936,0.010014278013219427
2024-11-29,24131.099609375,24131.099609375,24188.44921875,23927.150390625,23927.150390625,282100,23981.62255859375,24066.322564924256,49.44570772896233,-148.82700970585574,-228.55708592397963,79.73007621812388,23981.62255859375,24624.200409840047,23339.044707347453,0.009072001940535257,0.010214085271972536
2024-12-02,24276.05078125,24276.05078125,24301.69921875,24008.650390625,24140.849609375,220400,23985.1576171875,24086.296680764804,52.315565158801675,-115.4554080162925,-205.93675034244222,90.48134232614973,23985.1576171875,24633.372971344055,23336.942263030942,0.006006820004948565,0.010232788348723224
2024-12-03,24457.150390625,24457.150390625,24481.349609375,24280.0,24367.5,339500,23992.79765625,24121.616081703873,55.69927842085147,-73.5471426054828,-179.45882879505035,105.91168618956755,23992.79765625,24659.227243406007,23326.368069093995,0.007460011144599932,0.010327601151752764
2024-12-04,24467.44921875,24467.44921875,24573.19921875,24366.30078125,24488.75,348000,24016.40263671875,24154.55257094636,55.89096840304825,-39.053328514615714,-151.37772873896344,112.32440022434773,24016.40263671875,24714.225775407198,23318.579498030304,0.00042109681465385407,0.009859212790389179
2024-12-05,24708.400390625,24708.400390625,24857.75,24295.55078125,24539.150390625,361500,24041.1576171875,24207.299982344328,60.22709403050948,7.637967786089575,-119.57458943395284,127.21255722004241,24041.1576171875,24797.8109718191,23284.504262555896,0.009847825562885104,0.009893551133568088
2024-12-06,24677.80078125,24677.80078125,24751.05078125,24620.5,24729.44921875,226700,24050.8451171875,24252.109582240108,59.42811058882326,41.69143088879355,-87.32138536940357,129.01281625819712,24050.8451171875,24834.414476698894,23267.275757676103,-0.0012384293961259507,0.009610454202210728
2024-12-09,24619.0,24619.0,24705.0,24580.05078125,24633.900390625,248100,24071.82763671875,24287.05152678867,57.84019463156993,63.20571793918862,-57.21596470768514,120.42168264687376,24071.82763671875,24891.808827963006,23251.846445474494,-0.0023827399277279726,0.009213693887982767
2024-12-10,24610.05078125,24610.05078125,24677.80078125,24510.650390625,24652.650390625,261000,24094.92021484375,24317.81336054689,57.587989327079995,78.62744996796755,-30.0472817725546,108.67473174052215,24094.92021484375,24947.5669132423,23242.273516445202,-0.0003635086213900074,0.009191847433898354
2024-12-11,24641.80078125,24641.80078125,24691.75,24583.849609375,24620.5,187300,24119.94521484375,24348.66930537576,58.28298324482638,92.34672776866137,-5.568479864311408,97.91520763297278,24119.94521484375,25005.31905068061,23234.571379006888,0.0012901233029631864,0.009187110394886762
2024-12-12,24548.69921875,24548.69921875,24675.25,24527.94921875,24604.44921875,266100,24153.20771484375,24367.719773316163,55.41537172670088,94.6161600595915,14.468448120469171,80.14771193912232,24153.20771484375,25050.448586348684,23255.966843338814,-0.003778196379659149,0.008845884076526794
2024-12-13,24768.30078125,24768.30078125,24792.30078125,24180.80078125,24498.349609375,310100,24213.67021484375,24405.870345500338,60.36852653391502,112.83403182531038,34.141564861437416,78.69246696387296,24213.67021484375,25105.56803948211,23321.77239020539,0.008945547808588916,0.008250365390736597
2024-12-16,24668.25,24668.25,24781.25,24601.75,24753.400390625,187600,24270.44775390625,24430.858884024114,57.248007273484134,117.84017636454155,50.88128716205824,66.9588892024833,24270.44775390625,25125.533264564117,23415.362243248383,-0.004039468921733236,0.008343823820119875
2024-12-17,24336.0,24336.0,24624.099609375,24303.44921875,24584.80078125,264900,24314.55771484375,24421.824704593248,48.31621896637755,93.91518788257963,59.48806730616252,34.42712057641711,24314.55771484375,25083.235436470484,23545.87999321702,-0.013468730047733413,0.008991845930358344
2024-12-18,24198.849609375,24198.849609375,24394.44921875,24149.849609375,24297.94921875,235300,24348.5751953125,24400.58898123913,45.18246625478437,63.15950833394891,60.2223555117198,2.937152822229109,24348.5751953125,25028.40810116311,23668.74228946189,-0.005635699812006956,0.009143611705649096
2024-12-19,23951.69921875,23951.69921875,24004.900390625,23870.30078125,23877.150390625,271100,24378.66513671875,24357.837575287784,40.13117311099331,18.62771104987405,51.903426619350654,-33.2757155694766,24378.66513671875,24917.722644442114,23839.60762899539,-0.010213311567061067,0.009318608715326885
2024-12-20,23587.5,23587.5,24065.80078125,23537.349609375,23960.69921875,442700,24362.67763671875,24284.472091927044,34.08408056579313,-45.52708445531243,32.41732440441804,-77.94440885973047,24362.67763671875,24971.20257827353,23754.152695163968,-0.01520556915080562,0.008390836082838032
2024-12-23,23753.44921875,23753.44921875,23869.55078125,23647.19921875,23738.19921875,189800,24339.255078125,24233.8984849578,38.62240474205816,-82.03387163794832,9.527085195944768,-91.56095683389309,24339.255078125,25001.35502974751,23677.15512650249,0.0070354729729729115,0.007961365166385855
2024-12-24,23727.650390625,23727.650390625,23867.650390625,23685.150390625,23769.099609375,177700,24315.91259765625,24185.68438073563,38.182279273287016,-111.75922256721606,-14.730176356687396,-97.02904621052866,24315.91259765625,25027.824188084858,23604.001007227642,-0.0010861087115143775,0.007961316253771958
2024-12-26,23750.19921875,23750.19921875,23854.5,23653.599609375,23775.80078125,177700,24289.6775390625,24144.209603403666,38.83831174342229,-131.97593888567644,-38.17932886248521,-93.79661002319123,24289.6775390625,25043.159406514205,23536.195671610796,0.0009503186263191132,0.007911915326517492
2024-12-27,23813.400390625,23813.400390625,23938.849609375,23800.599609375,23801.400390625,176800,24284.6400390625,24112.70396409141,40.73669566867471,-141.26955831454688,-58.79737475289755,-82.47218356164933,24284.6400390625,25049.360429489967,23519.91964863503,0.002661079652128029,0.007245589745673809
2024-12-30,23644.900390625,23644.900390625,23915.349609375,23599.30078125,23796.900390625,364900,24260.330078125,24068.151242808897,37.40339094958178,-160.3825700230409,-79.11441380692622,-81.26815621611468,24260.330078125,25072.470342844874,23448.189813405126,-0.007075847935867907,0.007056882535110609
2024-12-31,23644.80078125,23644.80078125,23689.849609375,23460.44921875,23560.599609375,193600,24228.767578125,24027.832151231858,37.40144261936683,-173.53737629723764,-97.99900630498851,-75.53836999224913,24228.767578125,25083.935911796914,23373.599244453086,-4.212721278373799e-06,0.00686854089540921
2025-01-01,23742.900390625,23742.900390625,23822.80078125,23562.80078125,23637.650390625,154900,24193.055078125,24000.695793078823,40.678724635396556,-174.04060466679584,-113.20732597734998,-60.83327868944586,24193.055078125,25066.549778314387,23319.56037793561,0.004148887118253564,0.006683854244035543
2025-01-02,24188.650390625,24188.650390625,24226.69921875,23751.55078125,23783.0,283200,24179.11513671875,24018.596230940362,52.776741779587184,-136.893098635348,-117.9444805089496,-18.9486181263984,24179.11513671875,25043.499978537388,23314.73029490011,0.018774033191665485,0.00807147234739644
2025-01-03,24004.75,24004.75,24196.44921875,23976.0,24196.400390625,312300,24143.9326171875,24017.277542279375,48.391914383395154,-120.899008562159,-118.53538611959148,-2.363622442567518,24143.9326171875,24975.955441528055,23311.909792846945,-0.007602755327609123,0.007828782454655901
2025-01-06,23616.05078125,23616.05078125,24089.94921875,23551.900390625,24045.80078125,278100,24090.8451171875,23979.065469800385,40.6957448112294,-137.99760491721463,-122.42782987911612,-15.569775038098513,24090.8451171875,24915.295026412605,23266.395207962392,-0.016192595996625703,0.008496711275213892
2025-01-07,23707.900390625,23707.900390625,23795.19921875,23637.80078125,23679.900390625,262300,24045.29013671875,23953.240224164634,43.002522743978055,-142.49428444847217,-126.44112079298733,-16.053163655484838,24045.29013671875,24848.38194000896,23242.198333428543,0.0038892874268343647,0.008603219847679684
2025-01-08,23688.94921875,23688.94921875,23751.849609375,23496.150390625,23746.650390625,266400,23999.23505859375,23928.069652220383,42.634037723689744,-145.9052318724098,-130.33394300887184,-15.571288863537944,23999.23505859375,24772.58945113898,23225.880666048517,-0.0007993610384197103,0.008599811452335866
2025-01-09,23526.5,23526.5,23689.5,23503.05078125,23674.75,269200,23943.47001953125,23889.82492343749,39.50878049728283,-159.87380092965395,-136.24191459302827,-23.631886336625683,23943.47001953125,24683.57514968548,23203.364889377022,-0.006857594959147506,0.008635127313973458
2025-01-10,23431.5,23431.5,23596.599609375,23344.349609375,23551.900390625,261000,23887.61005859375,23846.174930729157,37.76531607919731,-176.57426043684245,-144.3083837617911,-32.265876675051345,23887.61005859375,24604.85230930073,23170.367807886767,-0.004037999702463213,0.008637698341563185
2025-01-13,23085.94921875,23085.94921875,23340.94921875,23047.25,23195.400390625,316500,23803.49248046875,23773.772481969238,32.19936124944937,-215.21172823664529,-158.48905265676194,-56.722675579883344,23803.49248046875,24481.38787729188,23125.59708364562,-0.014747275302477436,0.008640269366396279
2025-01-14,23176.05078125,23176.05078125,23264.94921875,23134.150390625,23165.900390625,311200,23728.88251953125,23716.846605710263,34.893834032486,-235.84310425373405,-173.95986297615636,-61.883241277577696,23728.88251953125,24334.23455563597,23123.53048342653,0.003902874499386977,0.008794128198215607
2025-01-15,23213.19921875,23213.19921875,23293.650390625,23146.44921875,23250.44921875,228000,23672.74248046875,23668.880187904524,36.02274203299743,-246.3562089195002,-188.43913216482514,-57.917076754675065,23672.74248046875,24250.074099207195,23095.410861730306,0.0016028803979861728,0.00849764835157285
2025-01-16,23311.80078125,23311.80078125,23391.650390625,23272.05078125,23377.25,299400,23628.3900390625,23634.872625366,39.04395367256444,-243.9198419605491,-199.53527412396994,-44.38456783657915,23628.3900390625,24172.578684285967,23084.20139383903,0.004247650725383689,0.00858192430339383
2025-01-17,23203.19921875,23203.19921875,23292.099609375,23100.349609375,23277.099609375,272900,23590.9650390625,23593.760872354953,36.972969322240026,-247.89466665697546,-209.20715263057104,-38.687514026404415,23590.9650390625,24143.94825823982,23037.98181988518,-0.004658651792672774,0.008383955079940391
2025-01-20,23344.75,23344.75,23391.099609375,23170.650390625,23290.400390625,301500,23578.8275390625,23570.04555117829,41.34037178592105,-236.89203489027932,-214.7441290825127,-22.14790580776662,23578.8275390625,24142.141956470467,23015.51312165453,0.006100485537167577,0.007897366442335945
2025-01-21,23024.650390625,23024.650390625,23426.30078125,22976.849609375,23421.650390625,312900,23542.38759765625,23518.103154935117,35.371321822943074,-251.10712659141063,-222.0167285842923,-29.090398007118324,23542.38759765625,24148.46974696243,22936.305448350067,-0.013711845677293555,0.008213488098421868
2025-01-22,23155.349609375,23155.349609375,23169.55078125,22981.30078125,23099.150390625,276000,23513.77255859375,23483.555198215105,39.229616083220684,-248.95653851860698,-227.40469057115527,-21.551847947451705,23513.77255859375,24135.990776141458,22891.554341046045,0.0056764909144164655,0.008370205178139026
2025-01-23,23205.349609375,23205.349609375,23270.80078125,23090.650390625,23128.30078125,275600,23486.530078125,23457.05942784938,40.68840145121706,-240.44588930466125,-230.01293031785647,-10.432958986804778,23486.530078125,24112.654929312295,22860.405226937706,0.0021593282262408753,0.008390791786397015
2025-01-24,23092.19921875,23092.19921875,23347.30078125,23050.0,23183.900390625,264300,23450.47001953125,23422.310836506582,38.439610262588396,-240.0641196364195,-232.0231681815691,-8.040951454850386,23450.47001953125,24080.201345624755,22820.738693437746,-0.004876047658393667,0.008380990218557587
2025-01-27,22829.150390625,22829.150390625,23007.44921875,22786.900390625,22940.150390625,257400,23409.68251953125,23365.81936547024,33.76722285951797,-258.0131910044729,-237.22117274614988,-20.792018258323026,23409.68251953125,24087.586675626037,22731.77836343646,-0.011391241935562957,0.008585077406364466
2025-01-28,22957.25,22957.25,23137.94921875,22857.650390625,22960.44921875,361900,23375.30498046875,23326.907997330218,37.736311781805085,-258.91676023437685,-241.5602902437953,-17.35646999058156,23375.30498046875,24071.515941047335,22679.094019890166,0.005611229817278129,0.008734629596835257
2025-01-29,23163.099609375,23163.099609375,23183.349609375,22976.5,23026.75,226300,23346.31494140625,23311.30719847734,43.58671962728209,-240.25301503434093,-241.29883520190444,1.0458201675635053,23346.31494140625,24026.997656745043,22665.632226067457,0.008966649288351114,0.008960337392298498
2025-01-30,23249.5,23249.5,23322.05078125,23139.19921875,23169.5,361900,23299.357421875,23305.420798622356,45.88508273026012,-216.0001576906143,-236.23909969964643,20.238942009032144,23299.357421875,23860.14057887302,22738.57426487698,0.003730087599762788,0.0077445280491293565
2025-01-31,23508.400390625,23508.400390625,23546.80078125,23277.400390625,23296.75,304900,23274.53994140625,23324.752188336894,52.173067704667254,-173.8840684091665,-223.76809344155046,49.88402503238396,23274.53994140625,23744.899563958388,22804.18031885411,0.011135740150325812,0.00814759003392061
2025-02-01,23482.150390625,23482.150390625,23632.44921875,23318.30078125,23528.599609375,281000,23267.844921875,23339.742493316713,51.5194155316323,-140.9995646312891,-207.2143876794982,66.2148230482091,23267.844921875,23722.106267754327,22813.58357599567,-0.0011166221250199504,0.0073251275718348744
2025-02-03,23361.05078125,23361.05078125,23381.599609375,23222.0,23319.349609375,329700,23250.50244140625,23341.771854072264,48.50054117517337,-123.288887323768,-190.42928760835218,67.14040028458419,23250.50244140625,23660.573200146584,22840.431682665916,-0.005157091976693451,0.0073348090005955924
2025-02-04,23739.25,23739.25,23762.75,23423.150390625,23509.900390625,376700,23253.01748046875,23379.62691558919,56.97900432335311,-77.83826073156524,-167.9110822329948,90.07282150142956,23253.01748046875,23674.27802381642,22831.756937121077,0.016189306820631133,0.008250586565334252
2025-02-05,23696.30078125,23696.30078125,23807.30078125,23680.44921875,23801.75,267000,23261.50751953125,23409.78633136641,55.85442173344421,-44.767898250702274,-143.2824454365363,98.51454718583403,23261.50751953125,23710.410183347045,22812.604855715454,-0.001809207062143936,0.008101156946032025
2025-02-06,23603.349609375,23603.349609375,23773.55078125,23556.25,23761.94921875,307000,23270.1,23428.22092927199,53.398092766518026,-25.762802915262,-119.77851693228145,94.01571401701945,23270.1,23737.871304050448,22802.32869594955,-0.003922602634608197,0.008097877026962028
2025-02-07,23559.94921875,23559.94921875,23694.5,23443.19921875,23649.5,368100,23293.8,23440.766480650847,52.24283431917496,-14.041317184757645,-98.63107698277669,84.58975979801905,23293.8,23769.80782007028,22817.79217992972,-0.0018387386257991967,0.007302720186324679
2025-02-10,23381.599609375,23381.599609375,23568.599609375,23316.30078125,23543.80078125,234200,23304.07744140625,23435.13154052934,47.67790767485876,-18.925121224277973,-82.68988583107695,63.76476460679898,23304.07744140625,23778.345003167182,22829.80987964532,-0.007570033692307909,0.007513730009324749
2025-02-11,23071.80078125,23071.80078125,23390.05078125,22986.650390625,23383.55078125,268000,23297.00751953125,23400.528611074165,40.97957366248543,-47.249089353827,-75.60172653562697,28.352637181799963,23297.00751953125,23780.607048126367,22813.40799093613,-0.013249684936046169,0.008106317098047214
2025-02-12,23045.25,23045.25,23144.69921875,22798.349609375,23050.80078125,279700,23283.67998046875,23366.692552876626,40.45500291853247,-71.01979235442559,-74.6853396993867,3.6655473449611122,23283.67998046875,23779.45272324231,22787.90723769519,-0.0011507892904301098,0.00803740874288429
2025-02-13,23031.400390625,23031.400390625,23235.5,22992.19921875,23055.75,265700,23275.0900390625,23334.75996599552,40.16617312560998,-89.93903229244825,-77.73607821799902,-12.202954074449224,23275.0900390625,23781.971713413375,22768.208364711623,-0.0006009745771905495,0.007979083876034186
2025-02-14,22929.25,22929.25,23133.69921875,22774.849609375,23096.44921875,254500,23254.3150390625,23296.139969234042,38.01060513231728,-111.88560149839395,-84.56598287407802,-27.319618624315936,23254.3150390625,23781.717346400015,22726.912731724988,-0.004435266153706374,0.00787856561527125
2025-02-17,22959.5,22959.5,22974.19921875,22725.44921875,22809.900390625,207400,23251.05751953125,23264.07901978318,39.05368780989356,-125.3920519987987,-92.73119669902216,-32.66085529977654,23251.05751953125,23784.859692020316,22717.25534704218,0.0013192755977626813,0.007283323322306671
2025-02-18,22945.30078125,22945.30078125,22992.5,22801.5,22963.650390625,210600,23240.555078125,23233.719187541927,38.724299139694466,-135.6777608438606,-101.32050952798986,-34.35725131587074,23240.555078125,23789.525924381578,22691.58423186842,-0.0006184463402948426,0.0071546854259720285
2025-02-19,22932.900390625,22932.900390625,23049.94921875,22814.849609375,22847.25,207000,23226.9326171875,23205.069778311743,38.41954165138871,-143.1793842812258,-109.69228447863705,-33.487099802588745,23226.9326171875,23792.007037608255,22661.858196766745,-0.0005404326900405598,0.007128657149129878
2025-02-20,22913.150390625,22913.150390625,22923.849609375,22812.75,22821.099609375,240800,23217.98017578125,23177.267931865386,37.90784063139239,-149.00054926171288,-117.55393743525222,-31.446611826460654,23217.98017578125,23796.81500126752,22639.145350294977,-0.0008612081186238907,0.007057075418788677
2025-02-21,22795.900390625,22795.900390625,22921.0,22720.30078125,22857.19921875,242800,23216.31767578125,23140.947213652016,34.933210082534615,-161.2165554514213,-126.28646103848604,-34.93009441293526,23216.31767578125,23799.7825403732,22632.852811189303,-0.005117148798882476,0.006669991543560401
2025-02-24,22553.349609375,22553.349609375,22668.05078125,22518.80078125,22609.349609375,214300,23196.12265625,23084.985537054206,29.73507526032391,-188.29905503935515,-138.68897983865986,-49.61007520069529,23196.12265625,23838.99279262731,22553.252519872694,-0.010640105330068539,0.006928674338328606
2025-02-25,22547.55078125,22547.55078125,22625.30078125,22513.900390625,22516.44921875,250300,23165.34521484375,23033.801274596663,29.621589949443177,-207.8342640251758,-152.51803667596306,-55.31622734921274,23165.34521484375,23867.772435081504,22462.917994605996,-0.00025711604818956513,0.006535691713086529
2025-02-27,22545.05078125,22545.05078125,22613.30078125,22508.400390625,22568.94921875,289200,23130.12275390625,22987.253608563646,29.569194380891545,-220.97057574882274,-166.208544490535,-54.76203125828775,23130.12275390625,23881.107536714466,22379.137971098033,-0.00011087678764998277,0.00643497165550749
2025-02-28,22124.69921875,22124.69921875,22450.349609375,22104.849609375,22433.400390625,551300,23060.9376953125,22905.105571438537,22.39598259118584,-262.27669304513984,-185.42217420145596,-76.85451884368388,23060.9376953125,23908.51563131599,22213.35975930901,-0.018644959666695105,0.0067887802357176055
2025-03-03,22119.30078125,22119.30078125,22261.55078125,22004.69921875,22194.55078125,282400,22992.79521484375,22830.26701999201,22.32109158151539,-292.08077206026064,-206.7538937732169,-85.32687828704374,22992.79521484375,23910.219192985125,22075.371236702376,-0.00024400049223838316,0.0068043528404773375
2025-03-04,22082.650390625,22082.650390625,22105.05078125,21964.599609375,21974.44921875,253300,22928.8751953125,22759.06543624277,21.788394870595127,-315.02666829506416,-228.40844867758636,-86.61821961747779,22928.8751953125,23910.646027968392,21947.104362656606,-0.0016569416451024388,0.006789947544430312
2025-03-05,22337.30078125,22337.30078125,22394.900390625,22067.80078125,22073.05078125,305900,22858.777734375,22718.897373862506,33.6387083441368,-309.1001835483148,-244.54679565173205,-64.55338789658276,22858.777734375,23798.38932668031,21919.166142069687,0.011531695069225467,0.006154994608080368
2025-03-06,22544.69921875,22544.69921875,22556.44921875,22245.849609375,22476.349609375,372100,22801.19765625,22702.3070733756,41.4231975011442,-284.38981235301617,-252.5153989919889,-31.87441336102728,22801.19765625,23666.673349030036,21935.72196346996,0.009284847776867,0.006741872511035109
2025-03-07,22552.5,22552.5,22633.80078125,22464.75,22508.650390625,289800,22748.65517578125,22688.039733054113,41.70021013694146,-261.1666408341589,-254.2456473604229,-6.92099347373599,22748.65517578125,23537.12577094777,21960.18458061473,0.00034601398645017767,0.006760879062844226
2025-03-10,22460.30078125,22460.30078125,22676.75,22429.05078125,22521.849609375,293900,22693.67275390625,22666.350309072768,39.33265035140243,-247.35051375147668,-252.86662063863366,5.51610688715698,22693.67275390625,23396.939175057625,21990.406332754872,-0.004088203913091726,0.006772330446531663
2025-03-11,22497.900390625,22497.900390625,22522.099609375,22314.69921875,22345.94921875,347900,22649.48779296875,22650.30745969679,40.808568687528336,-230.70770444878508,-248.43483740066395,17.727132951878872,22649.48779296875,23281.778159791458,22017.197426146042,0.0016740474556060647,0.006713606127342381
2025-03-12,22470.5,22470.5,22577.400390625,22329.55078125,22536.349609375,369700,22619.42275390625,22633.182939725666,40.044023570926754,-217.22510490880086,-242.19289090229134,24.96778599349048,22619.42275390625,23225.156322130457,22013.68918568204,-0.0012179087892316698,0.006159553458062469
2025-03-13,22397.19921875,22397.19921875,22558.05078125,22377.349609375,22541.5,287500,22587.02021484375,22610.708299632744,37.99335294462254,-210.03367066911233,-235.76104685565556,25.72737618654324,22587.02021484375,23166.954994569154,22007.085435118344,-0.003262089461738671,0.0061749089578136684
2025-03-17,22508.75,22508.75,22577.0,22353.150390625,22353.150390625,251100,22560.8876953125,22600.997985382008,42.79449669625266,-193.1071721688495,-227.23027191829436,34.12309974944486,22560.8876953125,23104.32417882075,22017.45121180425,0.004980568336268254,0.006337250238334546
2025-03-18,22834.30078125,22834.30078125,22857.80078125,22599.19921875,22662.25,272600,22556.140234375,22623.217299274198,53.99095131343237,-151.67515606843153,-212.1192487483218,60.444092679890275,22556.140234375,23088.16076374942,22024.119705000583,0.01446329899483545,0.0071721081900244085
2025-03-19,22907.599609375,22907.599609375,22940.69921875,22807.94921875,22874.94921875,324000,22553.54521484375,22650.301328807607,56.07550215188363,-111.63848302173938,-192.02309560300534,80.38461258126597,22553.54521484375,23078.124880405077,22028.965549282424,0.0032100316461272094,0.0072053364993456
2025-03-20,23190.650390625,23190.650390625,23216.69921875,22973.94921875,23036.599609375,313700,22565.8126953125,22701.76314421879,63.039506166927985,-56.41893631254425,-164.90226374491314,108.4833274323689,22565.8126953125,23135.960024913915,21995.665365711084,0.012356195589090069,0.007720757270574608
2025-03-21,23350.400390625,23350.400390625,23402.69921875,23132.80078125,23168.25,541000,22586.6876953125,22763.538120066998,66.28810828496117,0.23078189337684307,-131.87565461725515,132.106436510632,22586.6876953125,23234.36802546682,21939.007365158177,0.0068885519512889015,0.007842756131551751
2025-03-24,23658.349609375,23658.349609375,23708.75,23433.5,23515.400390625,311900,22623.94765625,22848.758261905856,71.49017819078648,69.17758389922892,-91.66500691395834,160.84259081318726,22623.94765625,23412.815747021094,21835.079565478904,0.013188177230298859,0.008290146758619514
2025-03-25,23668.650390625,23668.650390625,23869.599609375,23601.400390625,23751.5,338200,22667.58515625,22926.843226545774,71.64777807768958,123.22909982804413,-48.68618556555785,171.91528539360198,22667.58515625,23577.015280603788,21758.15503189621,0.00043539728764163677,0.008143835151219376
2025-03-26,23486.849609375,23486.849609375,23736.5,23451.69921875,23700.94921875,278600,22714.26015625,22980.177167767604,64.83561129118522,149.67020696796317,-9.014907058853645,158.68511402681682,22714.26015625,23688.92821532397,21739.592097176028,-0.007681079328545448,0.007927812463540145
2025-03-27,23591.94921875,23591.94921875,23646.44921875,23412.19921875,23433.94921875,510300,22766.480078125,23038.441172623072,66.80078267379497,177.0645451392047,28.20098338075803,148.86356175844668,22766.480078125,23809.350808062485,21723.609348187518,0.004474827877002596,0.007925637479563326
2025-03-28,23519.349609375,23519.349609375,23649.19921875,23450.19921875,23600.400390625,295400,22815.19501953125,23084.241976123256,64.13449559532967,190.7180942959967,60.704405563805764,130.01368873219093,22815.19501953125,23902.229102165962,21728.160936896536,-0.0030773044101545244,0.008000462065294218
2025-04-01,23165.69921875,23165.69921875,23565.150390625,23136.400390625,23341.099609375,314300,22867.24501953125,23091.999808754375,53.03057738437465,171.0304666704542,82.76961778513545,88.26084888531874,22867.24501953125,23916.06341914301,21818.426619919486,-0.015036571865236992,0.007533962984257306
2025-04-02,23332.349609375,23332.349609375,23350.0,23158.44921875,23192.599609375,341000,22927.8974609375,23114.89026595634,56.82410136218972,166.95067029949496,99.60582828800736,67.3448420114876,22927.8974609375,23936.205697516547,21919.589224358453,0.0071938424586863725,0.007583706294406236
2025-04-03,23250.099609375,23250.099609375,23306.5,23145.80078125,23150.30078125,283200,22986.269921875,23127.767346281926,54.48515606278793,155.29042333877806,110.7427472981615,44.54767604061655,22986.269921875,23924.848872249833,22047.690971500164,-0.0035251486188494496,0.00765140451080545
2025-04-04,22904.44921875,22904.44921875,23214.69921875,22857.44921875,23190.400390625,466800,23014.62734375,23106.498953183647,45.92930540883512,116.81196024746168,111.95658988802154,4.855370359440144,23014.62734375,23906.15446559229,22123.100221907705,-0.014866619775066536,0.008281772449566741
2025-04-07,22161.599609375,22161.599609375,22254.0,21743.650390625,21758.400390625,647100,22995.47236328125,23016.508539487586,33.68632486681099,26.075167502156546,94.78030541084854,-68.705137908692,22995.47236328125,23941.367563851985,22049.577162710513,-0.03243254628305536,0.010976520815919731
2025-04-08,22535.849609375,22535.849609375,22697.19921875,22270.849609375,22446.75,468300,22994.63984375,22970.73149852448,42.06514384497032,-15.457364335357852,72.73277146160727,-88.19013579696512,22994.63984375,23942.121068030014,22047.158619469985,0.016887318902814252,0.011668681653596849
2025-04-09,22399.150390625,22399.150390625,22468.69921875,22353.25,22460.30078125,383800,22991.58232421875,22916.295202534053,40.07343790123172,-58.7257259392718,46.44107198143146,-105.16679792070326,22991.58232421875,23946.30802706453,22036.856621372972,-0.006065856008070525,0.01171369382275585
2025-04-11,22828.55078125,22828.55078125,22923.900390625,22695.400390625,22695.400390625,402200,23008.11484375,22907.93859098319,48.34678565823745,-57.70203818947266,25.612449947250642,-83.3144881367233,23008.11484375,23939.23210669562,22076.997580804382,0.019170387409190415,0.012479180681693207
2025-04-15,23328.55078125,23328.55078125,23368.349609375,23207.0,23368.349609375,388300,23051.0173828125,22947.996894818127,55.969472182238704,-16.35639065684518,17.218681826431478,-33.57507248327666,23051.0173828125,23957.850741201757,22144.184024423244,0.02190239778210845,0.013324271233649336
2025-04-16,23437.19921875,23437.19921875,23452.19921875,23273.05078125,23344.099609375,348400,23103.0173828125,22994.587592335447,57.43927111816953,24.890432374781085,18.7530319361014,6.137400438679684,23103.0173828125,23972.420847055393,22233.61391856961,0.004657316201027051,0.013278503260571693
2025-04-17,23851.650390625,23851.650390625,23872.349609375,23298.55078125,23401.849609375,505300,23170.16240234375,23076.212620743976,62.57186388467556,89.98429965881951,32.99928548064503,56.98501417817448,23170.16240234375,24052.93536334134,22287.38944134616,0.017683476937954135,0.013707518639145846
2025-04-21,24125.55078125,24125.55078125,24189.55078125,23903.650390625,23949.150390625,406100,23234.72490234375,23176.149588411216,65.53034405201471,161.80791003481863,58.76101039147975,103.04689964333889,23234.72490234375,24195.249561188353,22274.20024349915,0.011483498464016417,0.013591971350893226
2025-04-22,24167.25,24167.25,24242.599609375,24072.0,24185.400390625,440900,23297.707421875,23270.540103800624,65.97134066227866,219.5624380640511,90.92129592599403,128.64114213805706,23297.707421875,24326.910438424362,22268.504405325635,0.0017284255654137493,0.013593899162196867
2025-04-23,24328.94921875,24328.94921875,24359.30078125,24119.94921875,24357.599609375,415000,23354.62236328125,23371.34097189104,67.69719155420327,275.20865909192435,127.77876855918011,147.42989053274425,23354.62236328125,24475.649255995955,22233.595470566546,0.006690840652122221,0.013441766843385569
2025-04-24,24246.69921875,24246.69921875,24347.849609375,24216.150390625,24277.900390625,358800,23399.4373046875,23454.708423972847,65.8672360069573,309.1085911326554,164.0447330738752,145.06385805878023,23399.4373046875,24585.95508226127,22212.919527113732,-0.0033807460922566923,0.013460826046709513
2025-04-25,24039.349609375,24039.349609375,24365.44921875,23847.849609375,24289.0,387700,23418.4873046875,23510.38853686829,61.36389528963377,315.6050523411177,194.3567969273237,121.248255413794,23418.4873046875,24632.92678927822,22204.04782009678,-0.00855166336268387,0.013384938667871953
2025-04-28,24328.5,24328.5,24355.099609375,24054.05078125,24070.25,320500,23451.47978515625,23588.303914309407,64.96152009314287,340.16436163018443,223.51830986789585,116.64605176228858,23451.47978515625,24725.692308197787,22177.267262114714,0.012028211882747275,0.013613530051535096
2025-04-29,24335.94921875,24335.94921875,24457.650390625,24290.75,24370.69921875,357600,23493.934765625,23659.508229018036,65.05180577924877,356.1237084477689,250.03938958387047,106.0843188638984,23493.934765625,24825.330605827585,22162.538925422414,0.0003061930965739812,0.013447268595273464
2025-04-30,24334.19921875,24334.19921875,24396.150390625,24198.75,24342.05078125,424500,23531.047265625,23723.764513754413,65.0094256790006,364.4294792199762,272.91740751109165,91.51207170888455,23531.047265625,24911.769191400268,22150.32533984973,-7.191007773188485e-05,0.013439229469728482
2025-05-02,24346.69921875,24346.69921875,24589.150390625,24238.5,24311.900390625,421100,23572.41474609375,23783.091628515896,65.18390314793311,367.7809579820205,291.89011760527745,75.89084037674303,23572.41474609375,24998.099920755467,22146.72957143203,0.0005136803511647248,0.013396863769237117
2025-05-05,24461.150390625,24461.150390625,24526.400390625,24400.650390625,24419.5,291500,23637.1873046875,23847.668653478668,66.81552010810762,375.34553245533607,308.5812005752892,66.76433188004688,23637.1873046875,25100.294609364322,22174.08000001068,0.004700890697612925,0.01280396538846152
2025-05-06,24379.599609375,24379.599609375,24509.650390625,24331.80078125,24500.75,302400,23689.5498046875,23898.328744516413,64.49617871491148,370.48927597482543,320.96281565519644,49.526460319628995,23689.5498046875,25179.97446273207,22199.12514664293,-0.0033338898599493128,0.012830311341869547
2025-05-07,24414.400390625,24414.400390625,24449.599609375,24220.0,24233.30078125,330100,23747.76484375,23947.478425098183,65.05366541032495,365.2385473108952,329.81796198633623,35.420585324559,23747.76484375,25255.832507275027,22239.69718022497,0.0014274549954715887,0.012760050886517332
2025-05-08,24273.80078125,24273.80078125,24447.25,24150.19921875,24431.5,411400,23816.232421875,23978.55674473169,60.893504030722596,345.7465426546987,333.0036781200088,12.742864534689943,23816.232421875,25288.857069769736,22343.607773980264,-0.005758880297096702,0.012259447133412291
2025-05-09,24008.0,24008.0,24164.25,23935.75,23935.75,335600,23908.55244140625,23981.360864281054,53.87874581502481,305.33141636959044,327.4692257699251,-22.137809400334675,23908.55244140625,25171.21804303075,22645.88683978175,-0.0109501096942064,0.009658769358711098
2025-05-12,24924.69921875,24924.69921875,24944.80078125,24378.849609375,24420.099609375,368700,24027.994921875,24071.202612325716,67.69893245502726,343.3145865437109,330.63829792468226,12.67628861902864,24027.994921875,25197.14274767444,22858.847096075562,0.038183073090219954,0.012030654679017198
2025-05-13,24578.349609375,24578.349609375,24973.80078125,24547.5,24864.05078125,423000,24136.9548828125,24119.50232633041,60.34187534711953,341.5320349460162,332.81704532894906,8.714989617067147,24136.9548828125,25058.56689512332,23215.34287050168,-0.01389583907654357,0.012530763373035022
2025-05-14,24666.900390625,24666.900390625,24767.55078125,24535.55078125,24613.80078125,345500,24228.87236328125,24171.635475310846,61.49403508815213,343.3072259598339,334.915081455126,8.392144504707858,24228.87236328125,24956.44201494749,23501.30271161501,0.0036027960647213586,0.012061038377125596
2025-05-15,25062.099609375,25062.099609375,25116.25,24494.44921875,24694.44921875,500800,24315.5498046875,24256.441583316955,66.21196820845032,372.31157567482296,342.39438029906546,29.9171953757575,24315.5498046875,25005.50880429773,23625.59080507727,0.01602143814146184,0.011665481199638911
2025-05-16,25019.80078125,25019.80078125,25070.0,24953.05078125,25064.650390625,432700,24394.6798828125,24329.142459310577,65.28989232498522,387.418648841267,351.39923400750575,36.01941483376123,24394.6798828125,25023.878644191907,23765.48112143309,-0.0016877607536591732,0.011722903912665658
2025-05-19,24945.44921875,24945.44921875,25062.94921875,24916.650390625,25005.349609375,255300,24449.36982421875,24387.83834116195,63.612934865248775,388.90846871422036,358.9010809488487,30.007387765371675,24449.36982421875,25070.353148440936,23828.386499996563,-0.0029717088137536374,0.011294497789405543
2025-05-20,24683.900390625,24683.900390625,25010.349609375,24669.69921875,24996.19921875,414800,24477.2873046875,24416.0347268251,57.972110625960745,364.7794071834687,360.0767461957727,4.702660987695992,24477.2873046875,25087.641225701427,23866.93338367357,-0.010484831354666824,0.01142231735610695
2025-05-21,24813.44921875,24813.44921875,24946.19921875,24685.349609375,24744.25,332700,24509.597265625,24453.883726056043,59.870253692862256,352.05222096640136,358.47184114989847,-6.419620183497102,24509.597265625,25119.295974027442,23899.89855722256,0.00524831270888626,0.011457855845606399
2025-05-22,24609.69921875,24609.69921875,24737.5,24462.400390625,24733.94921875,403300,24523.634765625,24468.7232967888,55.61584948411546,321.81522639785544,351.14051819948986,-29.32529180163442,24523.634765625,25128.96248367411,23918.30704757589,-0.008211272774042211,0.011578345412197984
2025-05-23,24853.150390625,24853.150390625,24909.05078125,24614.05078125,24639.5,270500,24553.95732421875,24505.33540096368,59.33424377417408,313.8784697042902,343.68810850044997,-29.80963879615979,24553.95732421875,25161.510832972588,23946.403815464913,0.009892488718005854,0.011715543264284072
2025-05-26,25001.150390625,25001.150390625,25079.19921875,24900.5,24919.349609375,302800,24602.04736328125,24552.555876169517,61.44871101091153,315.88951822409945,338.1283904451799,-22.23887222108044,24602.04736328125,25191.03188452438,24013.06284203812,0.005954979456279652,0.011520934886976145
2025-05-27,24826.19921875,24826.19921875,25062.900390625,24704.099609375,24956.650390625,525700,24626.93232421875,24578.61714689147,57.63376066380722,299.90902665016984,330.4845176861779,-30.57549103600809,24626.93232421875,25209.606246761152,24044.258401676347,-0.0069977248703164685,0.011436732628886654
2025-05-28,24752.44921875,24752.44921875,24864.25,24737.05078125,24832.5,684400,24647.75732421875,24595.172582306568,56.0539247194338,278.0877409252935,320.00516233400106,-41.91742140870758,24647.75732421875,25216.959258632065,24078.555389805435,-0.0029706520659956714,0.011471735120172327
2025-05-29,24833.599609375,24833.599609375,24892.599609375,24677.30078125,24825.099609375,345400,24672.72734375,24617.879918217848,57.436490288916865,264.29573636534406,308.8632771402697,-44.56754077492565,24672.72734375,25228.371626117496,24117.083061382506,0.003278479228775888,0.011481092438887373
2025-05-30,24750.69921875,24750.69921875,24863.94921875,24717.400390625,24812.599609375,853900,24692.92734375,24630.529375411388,55.51504944363494,243.86498098942684,295.86361791010114,-51.9986369206743,24692.92734375,25228.712247911822,24157.14243958818,-0.00333823496911434,0.011523288447280676
2025-06-02,24716.599609375,24716.599609375,24754.400390625,24526.150390625,24669.69921875,311100,24705.6998046875,24638.72654055078,54.70438932267897,222.35869405257472,281.1626331385959,-58.80393908602116,24705.6998046875,25230.8482451556,24180.551364219402,-0.0013777230725331435,0.011497492286597393
2025-06-03,24542.5,24542.5,24845.099609375,24502.150390625,24786.30078125,349300,24713.84482421875,24629.56210811737,50.6386175612061,189.08674890629482,262.74745629213567,-73.66070738584085,24713.84482421875,25223.328962271014,24204.36068616649,-0.007043833380258491,0.011593513709590404
2025-06-04,24620.19921875,24620.19921875,24644.25,24530.44921875,24560.44921875,280900,24724.134765625,24628.6704043681,52.341046002107596,167.06237914603116,243.61044086291477,-76.54806171688361,24724.134765625,25217.055714127848,24231.213817122152,0.003165904807986175,0.011608161663587788
2025-06-05,24750.900390625,24750.900390625,24899.849609375,24613.099609375,24691.19921875,388400,24747.98974609375,24640.311355440183,55.14359691077222,158.32927832507266,226.55420835534636,-68.2249300302737,24747.98974609375,25195.51400391673,24300.46548827077,0.005308696762106768,0.01155864192458058
2025-06-06,25003.05078125,25003.05078125,25029.5,24671.44921875,24748.69921875,335600,24797.74228515625,24674.85796742207,60.02718057973716,169.7973441325812,215.20283551079334,-45.40549137821213,24797.74228515625,25104.125969828874,24491.35860048363,0.01018752395450262,0.011369793206619362
2025-06-09,25103.19921875,25103.19921875,25160.099609375,25077.150390625,25160.099609375,279200,24806.66728515625,24715.652372310444,61.80579135541008,184.83633265262324,209.12953493915933,-24.293202286536086,24806.66728515625,25136.802885769346,24476.531684543155,0.004005448710087123,0.007605207325541509
2025-06-10,25104.25,25104.25,25199.30078125,25055.44921875,25196.05078125,307300,24832.9623046875,24752.66167018564,61.82498459031922,194.59644201843912,206.22291635501531,-11.626474336576194,24832.9623046875,25169.873427691033,24496.051181683964,4.18584595869298e-05,0.006826518088361206
2025-06-11,25141.400390625,25141.400390625,25222.400390625,25081.30078125,25134.150390625,301200,24856.6873046875,24789.684405465578,62.54168014306887,202.98919200426462,205.5761714848652,-2.5869794806005757,24856.6873046875,25209.914003868696,24503.460605506305,0.0014798446727146697,0.006801705664565452
2025-06-12,24888.19921875,24888.19921875,25196.19921875,24825.900390625,25164.44921875,328300,24847.99228515625,24799.066768635523,54.96730297548737,187.05305714838323,201.8715486175688,-14.818491469185574,24847.99228515625,25188.91228268942,24507.072287623083,-0.010071084662786611,0.006243243573333342
2025-06-13,24718.599609375,24718.599609375,24754.349609375,24473.0,24473.0,318700,24832.9322265625,24791.403229658332,50.551073937068594,158.90650906729934,193.27854070751494,-34.372031640215596,24832.9322265625,25168.73586606302,24497.128587061983,-0.006814458847919758,0.006405091405595737
2025-06-16,24946.5,24946.5,24967.099609375,24703.599609375,24732.349609375,305800,24832.984765625,24806.174350643254,55.70147800480522,153.223558010126,185.26754416803715,-32.04398615791115,24832.984765625,25168.85912663951,24497.11040461049,0.00921979376770854,0.006737587483012369
2025-06-17,24853.400390625,24853.400390625,24982.05078125,24813.69921875,24977.849609375,242400,24841.459765625,24810.672068736752,53.26096599092382,139.59821659912268,176.13367865425425,-36.535462055131575,24841.459765625,25170.340311206382,24512.57922004362,-0.0037319707924959866,0.00634077332018001
2025-06-18,24812.05078125,24812.05078125,24947.55078125,24750.44921875,24788.349609375,237600,24841.38984375,24810.803374690397,52.167704147410134,124.03368435717857,165.71367979483912,-41.67999543766055,24841.38984375,25170.29477413381,24512.48491336619,-0.0016637405234334324,0.006248082027113867
2025-06-19,24793.25,24793.25,24863.099609375,24733.400390625,24803.25,274600,24850.5673828125,24809.13162471988,51.64859008825798,108.92598356241069,154.35614054835344,-45.430156985942745,24850.5673828125,25162.927630133574,24538.207135491426,-0.0007577278241026608,0.0059465565173023385
2025-06-20,25112.400390625,25112.400390625,25136.19921875,24783.650390625,24787.650390625,574700,24863.5298828125,24838.014364329894,59.09057245226435,121.30743451594026,147.7463993418708,-26.438964825930555,24863.5298828125,25196.105872462445,24530.953893162558,0.01287247095983779,0.0062279062292005605
2025-06-23,24971.900390625,24971.900390625,25057.0,24824.849609375,24939.75,248500,24862.0673828125,24850.76541445324,55.07196406298831,118.4176033881813,141.88064015113292,-23.463036762951617,24862.0673828125,25192.45985522256,24531.67491040244,-0.0055948454872697395,0.006234596493177152
2025-06-24,25044.349609375,25044.349609375,25317.69921875,24999.69921875,25179.900390625,450200,24872.97490234375,24869.202004445786,56.70696348228241,120.58342718109634,137.6211975571256,-17.037770376029272,24872.97490234375,25212.1965804267,24533.753224260803,0.0029012296868362597,0.006043165178291463
2025-06-25,25244.75,25244.75,25266.80078125,25125.05078125,25150.349609375,260600,24897.58994140625,24904.968480212854,60.9411427613387,136.892483511092,137.4754547479189,-0.5829712368268929,24897.58994140625,25268.245850377814,24526.93403243469,0.008001820520425307,0.006211534375192693
2025-06-26,25549.0,25549.0,25565.30078125,25259.900390625,25268.94921875,428900,24933.3599609375,24966.304815430678,66.32587616044498,172.38086116551858,144.45653603143884,27.924325134079737,24933.3599609375,25398.457677589824,24468.26224428518,0.012052010814129765,0.006673300395881246
2025-06-27,25637.80078125,25637.80078125,25654.19921875,25523.55078125,25576.650390625,564000,24977.7150390625,25030.256812175376,67.72446175241916,205.30451440000616,156.62613170515232,48.67838269485384,24977.7150390625,25526.36864447353,24429.06143365147,0.003475704773181043,0.006589815157245371
2025-06-30,25517.05078125,25517.05078125,25669.349609375,25473.30078125,25661.650390625,271000,25017.73759765625,25076.618142563435,63.84160323498924,219.12726819454838,169.12635900303155,50.000909191516826,25017.73759765625,25600.106821586378,24435.368373726124,-0.004709842354665206,0.006714862806485891
2025-07-01,25541.80078125,25541.80078125,25593.400390625,25501.80078125,25551.349609375,260700,25067.70263671875,25120.921251009775,64.29348643788433,229.43424318235702,181.18793583889666,48.24630734346036,25067.70263671875,25649.87630642684,24485.52896701066,0.0009699396772837598,0.006402746407823128
2025-07-02,25453.400390625,25453.400390625,25608.099609375,25378.75,25588.30078125,309800,25109.3626953125,25152.58593097313,61.34460656020464,227.84299022343112,190.51894671580357,37.32404350762755,25109.3626953125,25676.535181799783,24542.190208825214,-0.0034610085397696055,0.006510719594039829
2025-07-03,25405.30078125,25405.30078125,25587.5,25384.349609375,25505.099609375,293400,25142.08271484375,25176.65401195188,59.73906851786324,220.16277487557454,196.44771234775777,23.71506252781677,25142.08271484375,25698.157400547898,24586.0080291396,-0.00188971251922454,0.0064988454667032885
2025-07-04,25461.0,25461.0,25470.25,25331.650390625,25428.849609375,193500,25164.98017578125,25203.734582242178,61.011609449470505,216.07977716855748,200.37412531191774,15.705651856639747,25164.98017578125,25733.83653063189,24596.12382093061,0.0021924250859925998,0.006162225622379275
2025-07-07,25461.30078125,25461.30078125,25489.80078125,25407.25,25450.44921875,196100,25182.88525390625,25228.264696433398,61.018774673404415,210.44239368393391,202.387778986321,8.05461469761292,25182.88525390625,25765.219340215852,24600.551167596648,1.1813410706551508e-05,0.006121755887695588
2025-07-08,25522.5,25522.5,25548.05078125,25424.150390625,25427.849609375,210400,25203.79775390625,25256.287106296884,62.527756325859166,208.50942528505038,203.6121082460669,4.897317038983488,25203.79775390625,25803.126204736447,24604.46930307605,0.0024036171315751087,0.006130632296030442
2025-07-09,25476.099609375,25476.099609375,25548.69921875,25424.349609375,25514.599609375,239100,25220.53271484375,25277.221630399563,60.61196895138958,200.91735990518646,203.0731585778908,-2.15579867270435,25220.53271484375,25830.553476960635,24610.511952726865,-0.00181801902732881,0.006156933263232354
2025-07-10,25355.25,25355.25,25524.05078125,25340.44921875,25511.650390625,219600,25243.88525390625,25284.65290369484,55.81533787047572,183.03907933087248,199.06634272848714,-16.02726339761466,25243.88525390625,25836.746624506322,24651.023883306178,-0.004743646446198069,0.005770459838030364
2025-07-11,25149.849609375,25149.849609375,25322.44921875,25129.0,25255.5,250000,25265.44775390625,25271.814494711998,48.75340513349062,150.56074767058817,189.36522371690737,-38.804476046319195,25265.44775390625,25809.698043702367,24721.197464110133,-0.008100901810276007,0.005867862332614539
2025-07-14,25082.30078125,25082.30078125,25151.099609375,25001.94921875,25149.5,259500,25272.23779296875,25253.76556962038,46.662477282616905,118.01045882511607,175.0942707385491,-57.08381191343304,25272.23779296875,25803.638760408157,24740.836825529343,-0.002685854157148504,0.0055739776357912624
2025-07-15,25195.80078125,25195.80078125,25245.19921875,25088.44921875,25089.5,241300,25289.3578125,25248.245113585104,50.50370054123229,100.21737829005724,160.11889224885076,-59.901513958793515,25289.3578125,25786.648650292354,24792.066974707643,0.004525103218794291,0.005566484024295573
2025-07-16,25212.05078125,25212.05078125,25255.30078125,25121.05078125,25196.599609375,228800,25309.3578125,25244.798034315096,51.047270947553486,86.43114848862751,145.38134349680612,-58.95019500817861,25309.3578125,25758.05487327957,24860.66075172043,0.0006449487413033861,0.005538776355320881
2025-07-17,25111.44921875,25111.44921875,25238.349609375,25101.0,25230.75,243400,25325.2677734375,25232.09814711842,47.564670806663734,66.61980507168482,129.62903581178188,-63.00923074009705,25325.2677734375,25718.811484345715,24931.724062529283,-0.003990217351728331,0.005633422968860456
2025-07-18,24968.400390625,24968.400390625,25144.599609375,24918.650390625,25108.55078125,317000,25318.0677734375,25206.98407507143,43.06557167403083,38.92759468010263,111.48874758544603,-72.5611529053434,25318.0677734375,25731.683118468856,24904.45242840614,-0.0056965580472427835,0.005009092281805918
2025-07-21,25090.69921875,25090.69921875,25111.400390625,24882.30078125,24999.0,305200,25324.00771484375,25195.90932685034,47.62671342785275,26.543831008006237,94.49976426995808,-67.95593326195184,25324.00771484375,25720.63025905582,24927.38517063168,0.004898144302865282,0.004972012260252318
2025-07-22,25060.900390625,25060.900390625,25182.0,25035.55078125,25166.650390625,483700,25324.83525390625,25183.051332924115,46.64614935509851,14.16184376766978,78.43218016950043,-64.27033640183065,25324.83525390625,25719.182898649175,24930.487609163327,-0.0011876443882732346,0.004941187265904119
2025-07-23,25219.900390625,25219.900390625,25233.5,25085.5,25139.349609375,271500,25323.5927734375,25186.560766990864,52.29048681645861,16.983228764354863,66.14238988847131,-49.15916112411645,25323.5927734375,25719.096787843366,24928.088759031634,0.006344544590244583,0.0048129536613632
2025-07-24,25062.099609375,25062.099609375,25246.25,25018.69921875,25243.30078125,338700,25299.24775390625,25174.707323408402,46.97865309389379,6.412078006607771,54.196327512098605,-47.784249505490834,25299.24775390625,25696.194547469582,24902.300960342916,-0.006256994627491075,0.004077299481793242
2025-07-25,24837.0,24837.0,25010.349609375,24806.349609375,25010.349609375,278100,25259.20771484375,25142.54472117903,40.63711089796766,-19.89989872532169,39.37708226461455,-59.27698098993624,25259.20771484375,25672.686740601108,24845.72868908639,-0.008981674037030651,0.004309916833530272
2025-07-28,24680.900390625,24680.900390625,24889.19921875,24646.599609375,24782.44921875,262100,25217.4001953125,25098.5785944596,36.915625531516795,-52.740306328963925,20.953604545898855,-73.69391087486278,25217.4001953125,25683.83850083005,24750.96188979495,-0.006284962329387578,0.004383940609331665
2025-07-29,24821.099609375,24821.099609375,24847.150390625,24598.599609375,24609.650390625,284700,25181.36513671875,25072.15202445154,42.04878219312465,-66.68495801183235,3.4258920343526142,-70.11085004618496,25181.36513671875,25653.31245784074,24709.417815596757,0.005680474234370125,0.004650819526312896
2025-07-30,24855.05078125,24855.05078125,24902.30078125,24771.94921875,24890.400390625,243900,25151.44765625,25051.475715575205,43.252984900841085,-74.1419567817502,-12.087677728867948,-62.05427905288225,25151.44765625,25626.47357891871,24676.421733581286,0.001367835124523431,0.0046645971957485185
2025-07-31,24768.349609375,24768.349609375,24956.5,24635.0,24642.25,346300,25119.60009765625,25024.51132450852,40.91483312731572,-86.05574495012843,-26.881291173120047,-59.17445377700838,25119.60009765625,25607.51105279373,24631.68914251877,-0.0034882717656889994,0.004691048366364038
2025-08-01,24565.349609375,24565.349609375,24784.150390625,24535.05078125,24734.900390625,263400,25074.817578125,24980.781637352946,36.00690532484157,-110.60294941309985,-43.62562282111601,-66.97732659198384,25074.817578125,25592.662290378426,24556.972865871572,-0.008195943742782208,0.004860909681004229
2025-08-04,24722.75,24722.75,24736.25,24554.0,24596.05078125,259300,25037.8900390625,24956.207195700285,41.83313364666909,-116.01850067283158,-58.10419839145913,-57.91430228137245,25037.8900390625,25545.457804092737,24530.32227403226,0.006407415043054421,0.005184435775997497
2025-08-05,24649.55078125,24649.55078125,24733.099609375,24590.30078125,24720.25,251800,24994.242578125,24927.001822895494,40.00883628523377,-124.77855970056407,-71.43907065328013,-53.33948904728395,24994.242578125,25477.14706733206,24511.33808891794,-0.0029608040671041946,0.00511240669763842
2025-08-06,24574.19921875,24574.19921875,24671.400390625,24539.19921875,24641.349609375,225100,24949.14755859375,24893.40157488164,38.163830670985334,-136.23082677698767,-84.39742187802165,-51.83340489896602,24949.14755859375,25411.654366747134,24486.64075044037,-0.003056914228121266,0.00512107662281191
2025-08-07,24596.150390625,24596.150390625,24634.19921875,24344.150390625,24464.19921875,616700,24911.192578125,24865.09193828577,39.0456840146073,-141.89982200891973,-95.89790190420126,-46.001920104718465,24911.192578125,25358.504311655724,24463.880844594274,0.0008932609229541644,0.005104944718572925
2025-08-08,24363.30078125,24363.30078125,24585.5,24337.5,24544.25,312600,24871.86513671875,24817.302304282362,33.57575097294783,-163.29914811503477,-109.37815114636797,-53.9209969686668,24871.86513671875,25364.355588268405,24379.374685169092,-0.009466912735407229,0.005205958976556757
2025-08-11,24585.05078125,24585.05078125,24600.849609375,24347.44921875,24371.5,241100,24847.00263671875,24795.183111612612,41.92035488205786,-160.51458425953751,-119.60543776900188,-40.90914649053563,24847.00263671875,25344.66731503671,24349.33795840079,0.009101804471857822,0.005715815092906035
2025-08-12,24487.400390625,24487.400390625,24702.599609375,24465.650390625,24563.349609375,237000,24811.5826171875,24765.870471518552,39.56331573504213,-164.29349463047765,-128.54304914129705,-35.750445489180606,24811.5826171875,25305.730921711947,24317.434312663056,-0.003971941790719136,0.0055992858367894605
2025-08-13,24619.349609375,24619.349609375,24664.55078125,24535.25,24586.19921875,236000,24781.94755859375,24751.916103695356,44.1342502385448,-154.85602525294598,-133.80564436362684,-21.050380889319143,24781.94755859375,25246.689805270307,24317.205311917194,0.005388453516712133,0.005788188267823653
2025-08-14,24631.30078125,24631.30078125,24673.650390625,24596.900390625,24607.25,270200,24757.94013671875,24740.428930129132,44.5433660148787,-144.74388567365168,-135.99329262563182,-8.750593048019851,24757.94013671875,25201.228476427,24314.651797010498,0.00048543816407109475,0.005759980307034037
2025-08-18,24876.94921875,24876.94921875,25022.0,24852.849609375,24938.19921875,363100,24753.367578125,24753.430862378736,52.27903702577672,-115.5758794713729,-131.90980999478003,16.333930523407133,24753.367578125,25189.710158650043,24317.024997599954,0.009973019276634965,0.006133799652983247
2025-08-19,24980.650390625,24980.650390625,25012.650390625,24873.94921875,24891.349609375,252300,24747.86513671875,24775.07081744981,55.124840049693425,-83.13389076478416,-122.15462614878086,39.02073538399671,24747.86513671875,25169.583891757895,24326.146381679602,0.004168564680625764,0.006104197658592291
2025-08-20,25050.55078125,25050.55078125,25088.69921875,24929.69921875,24965.80078125,287100,24747.34765625,24801.3070044784,56.98683155132612,-51.19288394178875,-107.96227770738244,56.76939376559369,24747.34765625,25167.551348583915,24327.143963916085,0.0027981813736617234,0.006135312392039659
2025-08-21,25083.75,25083.75,25153.650390625,25054.900390625,25142.0,226500,24740.54013671875,24828.206337385218,57.88072452069734,-22.936113180847315,-90.95704480207542,68.0209316212281,24740.54013671875,25133.424170226634,24347.65610321087,0.0013252889742787488,0.005962226635370118
2025-08-22,24870.099609375,24870.099609375,25084.849609375,24859.150390625,25064.150390625,210200,24730.94013671875,24832.196172812815,50.59383482021025,-17.57957336750769,-76.28155051516187,58.701977147654176,24730.94013671875,25100.62413188952,24361.25614154798,-0.008517482060098724,0.0061018102811936795
2025-08-25,24967.75,24967.75,25021.55078125,24894.349609375,24949.150390625,213000,24737.47763671875,24845.106061116356,53.476758720416846,-5.392742371386703,-62.10378888640684,56.711046515020136,24737.47763671875,25118.871585294277,24356.083688143226,0.003926417350905487,0.005818723565558466
2025-08-26,24712.05078125,24712.05078125,24919.650390625,24689.599609375,24899.5,750500,24739.03515625,24832.434129700512,45.92062070464328,-16.180858130876004,-52.91920273530067,36.73834460442467,24739.03515625,25119.746002670698,24358.324309829302,-0.010241179872034878,0.00611338709672356
2025-08-28,24500.900390625,24500.900390625,24702.650390625,24481.599609375,24695.80078125,326600,24723.0251953125,24800.859487883798,40.79455491107538,-41.29259413895488,-50.59388101603152,9.301286877076635,24723.0251953125,25115.339089550263,24330.711301074738,-0.008544430103923584,0.006253497470108762
2025-08-29,24426.849609375,24426.849609375,24572.44921875,24404.69921875,24466.69921875,325500,24701.61513671875,24765.23949945439,39.14424033865327,-66.40364513800523,-53.75583384042626,-12.647811297578968,24701.61513671875,25109.211105355218,24294.01916808228,-0.0030223697933294824,0.00625671502019523
2025-09-01,24625.05078125,24625.05078125,24635.599609375,24432.69921875,24432.69921875,229300,24694.4501953125,24751.888192958733,45.49940798875656,-69.5098891029229,-56.90664489292559,-12.603244209997307,24694.4501953125,25102.139844733243,24286.760545891757,0.008114070174605414,0.006531078271288299
2025-09-02,24579.599609375,24579.599609375,24756.099609375,24522.349609375,24653.0,271600,24695.1626953125,24735.47975642695,44.35548649233296,-74.7771550471989,-60.48074692378026,-14.296408123418644,24695.1626953125,25101.996271581676,24288.329119043327,-0.0018457290617897026,0.006274796124611819
2025-09-03,24715.05078125,24715.05078125,24737.05078125,24533.19921875,24616.5,340300,24694.777734375,24733.53413974343,48.51013770913216,-67.24654736055163,-61.833907011134535,-5.412640349417096,24694.777734375,25101.52072609918,24288.034742650816,0.0055107151470170646,0.00623000646577205
2025-09-04,24734.30078125,24734.30078125,24980.75,24708.19921875,24980.75,314100,24699.015234375,24733.607153220248,49.09188171325081,-59.0445436475311,-61.27603433841385,2.231490690882751,24699.015234375,25105.551031668183,24292.47943708182,0.0007788776228048189,0.006192381460010473
2025-09-05,24741.0,24741.0,24832.349609375,24621.599609375,24818.849609375,210100,24707.3552734375,24734.311233865938,49.30653634290071,-51.41118945758717,-59.30306536224852,7.891875904661347,24707.3552734375,25110.13296153872,24304.577585336283,0.00027084730671167456,0.006145077249361253
2025-09-08,24773.150390625,24773.150390625,24885.5,24751.55078125,24802.599609375,213200,24716.2052734375,24738.010201176323,50.3876949225524,-42.28005527649293,-55.898463345097404,13.618408068604474,24716.2052734375,25116.59142495755,24315.819121917448,0.0012994782193525012,0.00614761642321681
2025-09-09,24868.599609375,24868.599609375,24891.80078125,24814.0,24864.099609375,226900,24741.47021484375,24750.447287671435,53.554708558654085,-27.030026085871214,-50.12477589325217,23.094749807380957,24741.47021484375,25112.269745420497,24370.670684267003,0.003852930178235292,0.005732598235873268
2025-09-10,24973.099609375,24973.099609375,25035.69921875,24915.05078125,24991.0,244100,24760.87265625,24771.65227069082,56.80569817314366,-6.437780696232949,-41.38737685384833,34.94959615761538,24760.87265625,25137.467266390493,24384.27804610951,0.0042020862308871365,0.005468674765407198
2025-09-11,25005.5,25005.5,25037.30078125,24940.150390625,24945.5,224600,24786.77763671875,24793.923483005983,57.79217192425278,12.353756461707235,-30.63915019073722,42.992906652444454,24786.77763671875,25155.76316459667,24417.792108840833,0.0012974116602184615,0.005352495981673516
2025-09-12,25114.0,25114.0,25139.44921875,25038.05078125,25074.44921875,225700,24811.51015625,24824.406960814937,61.00393865631343,35.59095786508624,-17.39312857957253,52.98408644465877,24811.51015625,25198.17796695076,24424.842345549238,0.004339045410009845,0.005312838363978505
2025-09-15,25069.19921875,25069.19921875,25138.44921875,25048.75,25118.900390625,185400,24833.405078125,24847.720509189705,59.007309823263896,49.817295983233635,-3.9510436670112967,53.76833965024493,24833.405078125,25226.317399432588,24440.492756817413,-0.0017838966811339896,0.005348710802087805
2025-09-16,25239.099609375,25239.099609375,25261.400390625,25070.44921875,25073.599609375,240100,24851.51259765625,24884.994709207353,63.84071075378266,73.94887642783942,11.628940351958848,62.31993607588058,24851.51259765625,25282.33385442255,24420.691340889945,0.006777256391098607,0.005105445435663764
2025-09-17,25330.25,25330.25,25346.5,25275.349609375,25276.599609375,268900,24868.992578125,24927.39997499713,66.14689374967335,99.28391931688748,29.159936144944577,70.1239831719429,24868.992578125,25345.319506378008,24392.66564987199,0.003611475529465391,0.005087215427754558
2025-09-18,25423.599609375,25423.599609375,25448.94921875,25329.75,25441.05078125,272200,24887.64501953125,24974.65708303312,68.37168175556903,125.44856370355774,48.417661656667214,77.03090204689053,24887.64501953125,25417.19275476886,24358.09728429364,0.0036853015416349333,0.005110219631233404
2025-09-19,25327.05078125,25327.05078125,25428.75,25286.30078125,25410.19921875,380400,24899.81005859375,25008.218387625202,63.708256549619215,136.81641488309833,66.09741230195344,70.71900258114489,24899.81005859375,25457.262211883262,24342.357905304238,-0.0037976065391384095,0.005207426956950812
2025-09-22,25202.349609375,25202.349609375,25331.69921875,25151.05078125,25238.099609375,254500,24916.42255859375,25026.707075410897,58.18787074992008,134.21601773877046,79.72113338931685,54.49488434945361,24916.42255859375,25488.941987417733,24343.903129769766,-0.004923635718664832,0.004934917787077407
2025-09-23,25169.5,25169.5,25261.900390625,25084.650390625,25209.0,299200,24926.51005859375,25040.30640156224,56.79181169085924,128.02866062154862,89.3826388357632,38.64602178578542,24926.51005859375,25509.3086539742,24343.7114632133,-0.0013034343973540308,0.004891956195929868
2025-09-24,25056.900390625,25056.900390625,25149.849609375,25027.44921875,25108.75,244400,24943.7525390625,25041.88678147298,52.17125828213856,112.73969505966306,94.05405008054318,18.685644979119886,24943.7525390625,25520.525251364536,24366.979826760467,-0.00447365300760838,0.004373293085454686
2025-09-25,24890.849609375,24890.849609375,25092.69921875,24878.30078125,25034.5,342500,24963.25,25027.502288892218,46.20154475689295,86.2301617697558,92.48927241838571,-6.259110648629914,24963.25,25504.066324312582,24422.433675687418,-0.006626948212322681,0.004176503336644348
2025-09-26,24654.69921875,24654.69921875,24868.599609375,24629.44921875,24818.55078125,291500,24974.64248046875,24991.99723459296,39.31214549350087,45.639696700513014,83.11935727481118,-37.479660574298165,24974.64248046875,25478.089382641672,24471.195578295825,-0.009487437927231501,0.004704572308632964
2025-09-29,24634.900390625,24634.900390625,24791.30078125,24606.19921875,24728.55078125,394400,24975.1349609375,24957.988011357917,38.789894877388086,11.73854607845351,68.84319503553965,-57.10464895708614,24975.1349609375,25477.23044931517,24473.039472559827,-0.0008030448049409777,0.004351809859546236
2025-09-30,24611.099609375,24611.099609375,24731.80078125,24587.69921875,24691.94921875,303000,24976.7099609375,24924.951020692875,38.13404936736562,-16.854594891290617,51.7036370501736,-68.55823194146421,24976.7099609375,25474.00731817915,24479.41260369585,-0.0009661407544825362,0.004336283522031227
2025-10-01,24836.30078125,24836.30078125,24867.94921875,24605.94921875,24620.55078125,308900,24982.7724609375,24916.508140745937,47.22617871882473,-21.0997874115601,37.14295215782686,-58.24273956938696,24982.7724609375,25470.017253808273,24495.527668066727,0.009150390492475902,0.004642094507281933
2025-10-03,24894.25,24894.25,24904.80078125,24747.55078125,24759.55078125,365900,24990.769921875,24914.388317817753,49.29135689589164,-19.56260982873573,25.801839760514344,-45.36444958925007,24990.769921875,25466.55481103252,24514.985032717475,0.0023332467769816567,0.004664286226300188
2025-10-06,25077.650390625,25077.650390625,25095.94921875,24881.650390625,24916.55078125,268800,25007.60244140625,24929.937086656537,55.258747634616405,-3.5051021019789914,19.940451388015678,-23.44555348999467,25007.60244140625,25470.496129298954,24544.708753513543,0.007367178791287232,0.004922120622761974
2025-10-07,25108.30078125,25108.30078125,25220.900390625,25076.30078125,25085.30078125,288000,25024.3599609375,24946.924105189246,56.1867067151653,11.56055593439305,18.264472297291153,-6.703916362898102,25024.3599609375,25476.224749069857,24572.495172805146,0.0012222193924698033,0.004921645350368746
2025-10-08,25046.150390625,25046.150390625,25192.5,25008.5,25079.75,227400,25033.2375,24956.374227611697,53.752208103653125,18.274524022042897,18.266482642241503,0.0080413798013943,25033.2375,25479.454096616588,24587.02090338341,-0.0024752925801897474,0.004910575942071985
2025-10-09,25181.80078125,25181.80078125,25199.25,25024.30078125,25074.30078125,286300,25043.67255859375,24977.843423196296,58.026936191246286,34.14761252778408,21.442708619350018,12.704903908434058,25043.67255859375,25493.522073247328,24593.82304394017,0.005416017571936882,0.004967641753664217
2025-10-10,25285.349609375,25285.349609375,25330.75,25156.849609375,25167.650390625,232900,25057.6650390625,25007.129726641888,60.99102273468493,54.454951776977396,28.045157250875494,26.4097945261019,25057.6650390625,25519.15345530318,24596.17662282182,0.0041120501676790155,0.005033009470181996
2025-10-13,25227.349609375,25227.349609375,25267.30078125,25152.30078125,25177.30078125,234300,25063.33251953125,25028.103048806945,58.49908729206813,65.11791042775076,35.45970788625055,29.65820254150021,25063.33251953125,25530.20179684615,24596.46324221635,-0.0022938183927065925,0.004989835259933613
2025-10-14,25145.5,25145.5,25310.349609375,25060.55078125,25277.55078125,292100,25067.14755859375,25039.28371082533,55.07905169510298,66.20068229313983,41.60790276762841,24.592779525511425,25067.14755859375,25535.39121241697,24598.903904770534,-0.003244479132464395,0.005031483532674707
2025-10-15,25323.55078125,25323.55078125,25365.150390625,25159.349609375,25181.94921875,289900,25071.3701171875,25066.35676515149,60.490297384253395,80.49806522421932,49.385935258946596,31.11212996527272,25071.3701171875,25547.201831457925,24595.538402917075,0.007080820872521931,0.005052895773927024
2025-10-16,25585.30078125,25585.30078125,25625.400390625,25376.849609375,25394.900390625,372800,25084.12265625,25115.78000477992,66.81839556675561,111.66270352949141,61.841288913055564,49.821414616435845,25084.12265625,25599.085274352627,24569.160038147376,0.010336228211479837,0.00549749934379717
2025-10-17,25709.849609375,25709.849609375,25781.5,25508.599609375,25546.849609375,422100,25098.43515625,25172.358062360407,69.33518796509603,144.74245255322967,78.4215216410904,66.32093091213927,25098.43515625,25663.78905519377,24533.081257306232,0.004867983737610659,0.005539590801290064
2025-10-20,25843.150390625,25843.150390625,25926.19921875,25788.5,25824.599609375,301100,25124.24013671875,25236.243046004653,71.80048567853983,179.6438287535566,98.66598306358364,80.97784568997295,25124.24013671875,25770.327265708456,24478.15300772904,0.005184813729964155,0.0055305808351768515
2025-10-21,25868.599609375,25868.599609375,25934.349609375,25825.80078125,25901.19921875,42500,25157.55263671875,25296.46748061135,72.25902567129566,206.971125805052,120.32701161187732,86.64411419317467,25157.55263671875,25880.452128061806,24434.65314537569,0.0009847568259027106,0.005351069617397746
2025-10-23,25891.400390625,25891.400390625,26104.19921875,25862.44921875,26057.19921875,448400,25193.64765625,25353.12775775551,72.68753127418799,227.84162170517084,141.82993363053603,86.0116880746348,25193.64765625,25984.248838976775,24403.046473523224,0.0008814076368377499,0.005316906029065273
2025-10-24,25795.150390625,25795.150390625,25944.150390625,25718.19921875,25935.099609375,284900,25230.56015625,25395.225151362127,67.91820855540551,233.91860143654412,160.24766719173766,73.67093424480646,25230.56015625,26060.151166606858,24400.969145893145,-0.0037174505259611745,0.005275251997661059
2025-10-27,25966.05078125,25966.05078125,26005.94921875,25827.0,25843.19921875,266300,25284.32021484375,25449.589497065735,71.494643054077,249.64710843905414,178.12755544120097,71.51955299785317,25284.32021484375,26157.114182298756,24411.52624738874,0.006625291500029773,0.0050318745002329674
2025-10-28,25936.19921875,25936.19921875,26041.69921875,25810.05078125,25939.94921875,395200,25348.39521484375,25495.933280083285,70.02618737966469,256.7437102679287,193.85078640654652,62.89292386138217,25348.39521484375,26215.02755587897,24481.76287380853,-0.001149638146805021,0.004312843339894534
2025-10-29,26053.900390625,26053.900390625,26097.849609375,25960.30078125,25982.0,321900,25419.34521484375,25549.07300489678,72.43062066172783,268.76713896983347,208.83405691920393,59.93308205062954,25419.34521484375,26272.954342197492,24565.736087490008,0.0045381040946781415,0.004259612680815112
2025-10-30,25877.849609375,25877.849609375,26032.05078125,25845.25,25984.400390625,257400,25482.68271484375,25580.385062466135,64.14245920648966,261.08039384773656,219.28332430491048,41.79706954282608,25482.68271484375,26272.616288560934,24692.74914112657,-0.0067571756478100875,0.0047036805435772735
2025-10-31,25722.099609375,25722.099609375,25953.75,25711.19921875,25863.80078125,334400,25526.97265625,25593.881685981265,57.83700241291372,239.65823862275647,223.35830716847968,16.299931454276788,25526.97265625,26264.570666217922,24789.374646282078,-0.006018660837397216,0.004800790996376098
2025-11-03,25763.349609375,25763.349609375,25803.099609375,25645.5,25696.849609375,23300,25570.42763671875,25610.02148820924,58.98693853744321,223.43394904623347,223.37343554403046,0.06051350220300833,25570.42763671875,26254.24391602614,24886.61135741136,0.0016036793506921665,0.004799014863379071
2025-11-04,25597.650390625,25597.650390625,25787.400390625,25578.400390625,25744.75,305100,25596.42763671875,25608.84328843931,52.76187678005769,194.9581839330458,217.69038522183354,-22.732201288787735,25596.42763671875,26241.782606218712,24951.072667218785,-0.006431586779760301,0.004935607049363474
2025-11-06,25509.69921875,25509.69921875,25679.150390625,25491.55078125,25593.349609375,371900,25616.49755859375,25599.40099608795,49.76012274075013,163.41031796621246,206.83437177070934,-43.42405380449688,25616.49755859375,26223.722910413595,25009.272206773905,-0.0034359080045569534,0.00503536747102445
2025-11-07,25492.30078125,25492.30078125,25551.25,25318.44921875,25433.80078125,305600,25638.805078125,25589.20097562719,49.16424448426641,135.443193570929,192.5561361307533,-57.11294255982429,25638.805078125,26190.85391263215,25086.75624361785,-0.0006820322478444663,0.004989633786359141
2025-11-10,25574.349609375,25574.349609375,25653.44921875,25503.5,25503.5,243600,25658.43251953125,25587.78655979365,52.07866251233541,118.53332235871494,177.75157337634562,-59.21825101763068,25658.43251953125,26170.562664976715,25146.302374085783,0.0032185728871263475,0.004908373633580295
2025-11-11,25694.94921875,25694.94921875,25715.80078125,25449.25,25617.0,297700,25678.9125,25597.9925273133,56.06565081661416,113.55452232939206,164.9121631669549,-51.357640837562855,25678.9125,26161.642331032042,25196.182668967955,0.0047156471705849246,0.004931706398833246
2025-11-12,25875.80078125,25875.80078125,25934.55078125,25781.150390625,25834.30078125,312600,25711.33505859375,25624.450456259652,61.26955789268291,122.78658971576806,156.48704847671755,-33.70045876094949,25711.33505859375,26153.821658126388,25268.848459061115,0.0070384090258497345,0.005061819197970619
2025-11-13,25879.150390625,25879.150390625,26010.69921875,25808.400390625,25906.099609375,385200,25748.017578125,25648.707592865874,61.36084501925217,128.88761887500004,150.96716255637406,-22.07954368137402,25748.017578125,26111.35006529826,25384.68509095174,0.00012944949620363744,0.004958187583962803
2025-11-14,25910.05078125,25910.05078125,25940.19921875,25740.80078125,25767.900390625,518900,25777.342578125,25673.59742033103,62.24491575674317,134.6638111279608,147.70649227069143,-13.042681142730629,25777.342578125,26090.052049021917,25464.633107228085,0.001194026471448284,0.004777816078222218
2025-11-17,26013.44921875,26013.44921875,26024.19921875,25906.349609375,25948.19921875,281800,25798.75,25705.964258275693,65.12073392769265,145.90299595716715,147.34579300798657,-1.4427970508194221,25798.75,26114.546391909946,25482.953608090054,0.0039906690408659795,0.004325397522559754
2025-11-18,25910.05078125,25910.05078125,26029.849609375,25876.5,26021.80078125,280000,25808.76005859375,25725.401069987533,60.183874026005356,144.79760448765956,146.83615530392117,-2.038550816261619,25808.76005859375,26125.340969170895,25492.179148016607,-0.003974806902018679,0.004343796591340607
2025-11-19,26052.650390625,26052.650390625,26074.650390625,25856.19921875,25918.099609375,250100,25819.23505859375,25756.567671953006,64.21329191694599,153.6569093037142,148.2003061038798,5.4566031998344044,25819.23505859375,26153.06814602828,25485.40197115922,0.005503640675154298,0.004362836000557639
2025-11-20,26192.150390625,26192.150390625,26246.650390625,26063.19921875,26132.099609375,240400,25835.41259765625,25798.051740397957,67.66114321397333,169.97508932422716,152.55526274794929,17.41982657627787,25835.41259765625,26206.52373516579,25464.30146014671,0.005354541588221684,0.00450024077201036
2025-11-21,26068.150390625,26068.150390625,26179.19921875,26052.19921875,26109.55078125,235600,25844.25009765625,25823.77542137196,61.9478661171322,170.93121225398136,156.2304526491557,14.700759604825663,25844.25009765625,26228.460352883143,25460.03984242936,-0.0047342428227803435,0.004656297340608774
2025-11-24,25959.5,25959.5,26142.80078125,25912.150390625,26122.80078125,464700,25852.467578125,25836.701571717487,57.376224144052735,161.0651097444861,157.1973840682218,3.867725676264314,25852.467578125,26239.148019875593,25465.78713637441,-0.004167936312968079,0.004678050177312383
2025-11-25,25884.80078125,25884.80078125,26032.599609375,25857.5,25998.5,260500,25848.405078125,25841.282448815822,54.40358085858388,145.54084548781975,154.8660763521414,-9.32523086432164,25848.405078125,26231.921188354896,25464.888967895105,-0.002877529180069005,0.004483321807971847
2025-11-26,26205.30078125,26205.30078125,26215.150390625,25842.94921875,25842.94921875,275300,25861.86015625,25875.950861428602,63.21062053612769,157.28632681963063,155.35012644563923,1.9362003739913973,25861.86015625,26274.526845786084,25449.193466713918,0.012381783530362567,0.005275151466498514
2025-11-27,26215.55078125,26215.55078125,26310.44921875,26141.900390625,26261.25,240300,25869.94267578125,25908.293710935402,63.45374163541803,165.5138540531625,157.3828719671439,8.130982086018605,25869.94267578125,26303.158568245497,25436.726783317004,0.0003911422381892571,0.005190107220599566
2025-11-28,26202.94921875,26202.94921875,26280.75,26172.400390625,26237.44921875,202500,25886.19765625,25936.35614025108,62.90336588751481,169.06847178253156,159.71999193022143,9.348479852310135,25886.19765625,26343.127934887412,25429.267377612585,-0.0004806903583736144,0.004922375660270046
2025-12-01,26175.75,26175.75,26325.80078125,26124.19921875,26325.80078125,213800,25908.88017578125,25959.155555465262,61.66021511635801,167.7569842140001,161.32739038697716,6.429593827022956,25908.88017578125,26375.90241392747,25441.85793763503,-0.0010380212747401751,0.004688419501164873
2025-12-02,26032.19921875,26032.19921875,26154.599609375,25997.849609375,26087.94921875,254800,25922.32265625,25966.112094825712,55.43353819450387,153.36636058664953,159.73518442691164,-6.36882384026211,25922.32265625,26387.287878517785,25457.35743398221,-0.005484113396941881,0.004894576434322677
2025-12-03,25986.0,25986.0,26066.44921875,25891.0,26004.900390625,265700,25941.74013671875,25968.006181032786,53.55898658277614,136.65848290895883,155.1198441233211,-18.461361214362256,25941.74013671875,26382.663087511413,25500.817185926084,-0.0017746951904364927,0.0046506318695117375
2025-12-04,26033.75,26033.75,26098.25,25938.94921875,25981.849609375,248100,25967.94267578125,25974.267497124903,55.24361167031109,125.82002053573888,149.25987940580464,-23.439858870065763,25967.94267578125,26362.946534434268,25572.938817128233,0.0018375278996383138,0.004548384993809518
2025-12-05,26186.44921875,26186.44921875,26202.599609375,25985.349609375,25999.80078125,249300,26002.65009765625,25994.475280136816,60.213894760788,128.07563560759445,145.02303064616262,-16.947395038568175,26002.65009765625,26342.52008355572,25662.78011175678,0.005865433091659877,0.0046533158213721195
2025-12-08,25960.55078125,25960.55078125,26178.69921875,25892.25,26159.80078125,320700,26021.96015625,25991.24437548093,51.16208492476366,110.36291581366095,138.09100767966228,-27.728091866001336,26021.96015625,26300.682783066895,25743.237529433103,-0.00862653945989178,0.005132677811727091
2025-12-09,25839.650390625,25839.650390625,25923.650390625,25728.0,25867.099609375,276000,26029.19521484375,25976.806853113696,47.08266078945258,85.58325614389832,127.5894573725095,-42.006201228611175,26029.19521484375,26279.668881898415,25778.721547789082,-0.004657081109092687,0.005180375035907884
2025-12-10,25758.0,25758.0,25947.650390625,25734.55078125,25864.05078125,207900,26023.30517578125,25955.968105198106,44.50191867731429,58.68026363318859,113.80761862464533,-55.12735499145674,26023.30517578125,26292.75217633331,25753.85817522919,-0.0031598875909956137,0.004979548892903172
2025-12-11,25898.55078125,25898.55078125,25922.80078125,25693.25,25771.400390625,206100,26024.2751953125,25950.49978863162,49.62100861097864,48.1457276788351,100.67524043548329,-52.52951275664819,26024.2751953125,26291.771987310498,25756.778403314504,0.0054565875164998,0.005138943853833866
2025-12-12,26046.94921875,26046.94921875,26057.599609375,25938.44921875,25971.19921875,216300,26031.1201171875,25959.685448642893,54.40322939801253,51.18155660144839,90.77650366867631,-39.59494706722792,26031.1201171875,26293.532961426314,25768.707272948686,0.005729990019651465,0.005289965492870261
2025-12-15,26027.30078125,26027.30078125,26047.150390625,25904.75,25930.05078125,181600,26031.8126953125,25966.125004129284,53.676706362736425,51.409392719149764,82.90308147877101,-31.49368875962125,26031.8126953125,26294.10842058981,25769.516970035187,-0.0007543469807149705,0.005220584446031823
2025-12-16,25860.099609375,25860.099609375,25980.75,25834.349609375,25951.5,264400,26029.31513671875,25956.02734748602,47.82388171816534,37.66404955388134,73.85527509379308,-36.19122553991174,26029.31513671875,26297.094860253295,25761.535413184203,-0.006424068837574293,0.00534690683025561
2025-12-17,25818.55078125,25818.55078125,25929.150390625,25770.349609375,25902.400390625,206500,26017.61015625,25942.934341177828,46.46795154093237,23.15124967877273,63.714470010789015,-40.563220332016286,26017.61015625,26300.335057801673,25734.88525469833,-0.001606677033445636,0.005189985850622972
2025-12-18,25815.55078125,25815.55078125,25902.349609375,25726.30078125,25764.69921875,197600,25998.78017578125,25930.802573565656,46.36573132921675,11.277674281704094,53.22711086497203,-41.94943658326794,25998.78017578125,26282.66014482016,25714.900206742335,-0.00011619552256891819,0.0050096320597783
2025-12-19,25966.400390625,25966.400390625,25993.349609375,25880.44921875,25911.5,382900,25993.69267578125,25934.19284185702,52.07467706330196,13.88008206284212,45.357705104546056,-31.477623041703936,25993.69267578125,26276.060434125568,25711.324917436934,0.005843362036054733,0.005119783287911548
2025-12-22,26172.400390625,26172.400390625,26180.69921875,26047.80078125,26055.849609375,253000,26004.3376953125,25956.879275073017,58.56141280256768,32.19387639777415,42.72493936319168,-10.531062965417533,26004.3376953125,26296.62479191895,25712.05059870605,0.00793332910611566,0.005334627959193512
2025-12-23,26177.150390625,26177.150390625,26233.55078125,26119.05078125,26205.19921875,216600,26018.95517578125,25977.85747655416,58.70022254291743,46.55432635935722,43.49081676242479,3.063509596932427,26018.95517578125,26315.083686176866,25722.826665385637,0.00018148889399149937,0.005278606964483941
2025-12-24,26142.099609375,26142.099609375,26236.400390625,26123.0,26170.650390625,188800,26015.7951171875,25993.49958444186,57.17815503262558,54.47878379240137,45.68841016842011,8.79037362398126,26015.7951171875,26305.173976396985,25726.416257978013,-0.0013389838361685946,0.0044971222814283
2025-12-26,26042.30078125,26042.30078125,26144.19921875,26008.599609375,26121.25,142200,26007.1326171875,25998.147317471205,52.96690356380303,52.10540336908889,46.971808808553874,5.133594560535016,26007.1326171875,26282.087183457737,25732.178050917264,-0.0038175521330050532,0.004570257202870359
2025-12-29,25942.099609375,25942.099609375,26106.80078125,25920.30078125,26063.349609375,234300,25994.09013671875,25992.80944050966,49.05993390282126,41.65886763578965,45.90922057400103,-4.250352938211385,25994.09013671875,26255.043424602383,25733.136848835118,-0.003847631310177624,0.004637937558418894
2025-12-30,25938.849609375,25938.849609375,25976.75,25878.0,25940.900390625,396900,25982.2451171875,25987.670408973026,48.93385566382874,32.740255677956156,43.27542759479206,-10.535171916835907,25982.2451171875,26230.32905962084,25734.16117475416,-0.00012527898855285713,0.004636750760029103
2025-12-31,26129.599609375,26129.599609375,26187.94921875,25969.0,25971.05078125,246300,25987.11513671875,26001.187475677976,56.06966955158195,40.596155076487776,42.739573091131206,-2.14341801464343,25987.11513671875,26242.642749616673,25731.587523820825,0.0073538342244390265,0.004788469546939325
2026-01-01,26146.55078125,26146.55078125,26197.55078125,26113.400390625,26173.30078125,425600,25995.14267578125,26015.03160001817,56.64939909390269,47.64065800181197,43.71979007326736,3.9208679285446095,25995.14267578125,26259.945039182996,25730.340312379507,0.0006487344669803274,0.004766545399530103
2026-01-02,26328.55078125,26328.55078125,26340.0,26118.400390625,26155.099609375,357500,26009.88271484375,26044.890569659296,62.3884323472671,67.1354604874432,48.40292415610253,18.73253633134067,26009.88271484375,26311.85176047372,25707.913669213776,0.006960765170238581,0.0049851142201905955
2026-01-05,26250.30078125,26250.30078125,26373.19921875,26210.05078125,26333.69921875,338800,26013.07529296875,26064.45344695365,58.78506715071019,75.4019244236224,53.80272420960651,21.599200214015895,26013.07529296875,26323.670781617424,25702.47980432008,-0.0029720587604740167,0.004882100268722578
2026-01-06,26178.69921875,26178.69921875,26273.94921875,26124.75,26189.69921875,383000,26023.98271484375,26075.33399664854,55.61948211706084,75.3074119870289,58.10366176509099,17.20375022193791,26023.98271484375,26341.674644632734,25706.290785054767,-0.0027276473171363724,0.004487268697546458
2026-01-07,26140.75,26140.75,26187.150390625,26067.900390625,26143.099609375,338200,26039.0376953125,26081.564092205823,53.960921509067596,71.34787155110098,60.75250372229299,10.595367828807987,26039.0376953125,26348.800170657018,25729.275219967985,-0.001449622016468255,0.004351217815142985
2026-01-08,25876.849609375,25876.849609375,26133.19921875,25858.44921875,26106.5,328500,26044.98017578125,26062.067474793363,44.11025065354499,46.38070333575888,57.878143644986174,-11.497440309227294,26044.98017578125,26337.000888474333,25752.959463088166,-0.010095364158449915,0.004906585509364627
2026-01-09,25683.30078125,25683.30078125,25940.599609375,25623.0,25840.400390625,348800,26034.21767578125,26025.994456360662,38.55165958463047,10.851184076323989,48.47275173125374,-37.62156765492975,26034.21767578125,26360.847212697186,25707.58813886531,-0.007479613285493514,0.005033946242933219
2026-01-12,25790.25,25790.25,25813.150390625,25473.400390625,25669.05078125,275800,26021.38271484375,26003.54260337393,42.8381625999692,-8.577432469686755,37.06271489106564,-45.640147360752394,26021.38271484375,26364.747734064986,25678.01769562251,0.004164153963733375,0.0049448942318138485
2026-01-13,25732.30078125,25732.30078125,25899.80078125,25603.30078125,25897.349609375,339500,26006.63271484375,25977.71004888594,41.16263792958843,-28.32426422260687,23.985319068331137,-52.30958329093801,26006.63271484375,26372.331982807013,25640.933446880485,-0.002246942885392733,0.004960436497116037
2026-01-14,25665.599609375,25665.599609375,25791.75,25603.94921875,25648.55078125,393100,25996.90771484375,25947.985245122993,39.25922808909005,-48.79353626723241,9.429548001218429,-58.22308426845084,25996.90771484375,26387.194760099337,25606.620669588163,-0.00259211846006413,0.004793120678461156
2026-01-16,25694.349609375,25694.349609375,25873.5,25662.400390625,25696.05078125,434000,25990.69765625,25923.82947028985,40.535594195614486,-61.98121623077168,-4.852604845179593,-57.12861138559209,25990.69765625,26395.809690961585,25585.585621538412,0.0011201764399650926,0.004794769612287713
2026-01-19,25585.5,25585.5,25653.30078125,25494.349609375,25653.099609375,443100,25979.1951171875,25891.60761597653,37.336667977891594,-80.29026519815307,-19.94013691577429,-60.350128282378776,25979.1951171875,26415.41555413455,25542.97468024045,-0.004236324757381116,0.004877413608493543
2026-01-20,25232.5,25232.5,25585.0,25171.349609375,25580.30078125,409800,25942.50009765625,25828.835462074003,29.26958158683007,-121.87951706492458,-40.32801294560435,-81.55150411932024,25942.50009765625,26486.908171051065,25398.092024261437,-0.013796877137441155,0.005485787083080591
2026-01-21,25157.5,25157.5,25300.94921875,24919.80078125,25141.0,395600,25891.755078125,25764.898751400287,27.890745884031674,-159.05765437290756,-64.07394123106499,-94.98371314184257,25891.755078125,26523.224890603153,25260.285265646846,-0.0029723570791637677,0.005030441312006234
2026-01-22,25289.900390625,25289.900390625,25435.75,25168.5,25344.150390625,486400,25847.392578125,25719.66081227883,33.8179377808828,-175.81134726380333,-86.42142243761266,-89.38992482619066,25847.392578125,26516.00136847998,25178.78378777002,0.00526285960946038,0.005267224069846392
2026-01-23,25048.650390625,25048.650390625,25347.94921875,25025.30078125,25344.599609375,393900,25792.7201171875,25655.75505783561,29.12088637282301,-206.1789260556543,-110.372923161221,-95.8060028944333,25792.7201171875,26531.17036748533,25054.269866889666,-0.009539381186706164,0.005548534820787809
2026-01-27,25175.400390625,25175.400390625,25246.650390625,24932.55078125,25063.349609375,618700,25749.37509765625,25610.006994291743,34.28513499287635,-217.51046013980522,-131.80043055693784,-85.71002958286738,25749.37509765625,26524.97308416611,24973.77711114639,0.005060152863462841,0.005756736689269345
2026-01-28,25342.75,25342.75,25372.099609375,25187.650390625,25258.849609375,574900,25719.4076171875,25584.55394721634,40.4539692253019,-210.5598646129729,-147.55231736814486,-63.00754724482803,25719.4076171875,26509.09127768765,24929.723956687347,0.006647346488174222,0.006020601856315098
2026-01-29,25418.900390625,25418.900390625,25458.150390625,25159.80078125,25345.0,582400,25693.41015625,25568.777418017165,43.07270766765674,-196.6400236846821,-157.3698586314523,-39.27016505322979,25693.41015625,26486.711342947932,24900.108969552068,0.0030048195489833507,0.006088957889125478
2026-01-30,25320.650390625,25320.650390625,25370.69921875,25213.650390625,25247.55078125,508400,25652.9626953125,25545.146272551247,40.59227304793376,-191.33086029431433,-164.1620589640247,-27.168801330289625,25652.9626953125,26435.599587620458,24870.325803004544,-0.003865234077404689,0.005788786342873666
2026-02-02,25088.400390625,25088.400390625,25108.099609375,24679.400390625,24796.5,449200,25600.05517578125,25501.646664748747,35.40230173932686,-203.51791621018856,-172.03323041325748,-31.484685796931075,25600.05517578125,26385.13094420656,24814.97940735594,-0.00917235522852089,0.006004522035421203
2026-02-03,25727.55078125,25727.55078125,26341.19921875,25641.30078125,26308.05078125,637300,25570.00517578125,25523.16134251077,53.15359129471928,-159.7605309524224,-169.5786905210905,9.81815956866808,25570.00517578125,26284.037253921942,24855.97309764056,0.025475932330218942,0.008411258720286039
2026-02-04,25776.0,25776.0,25818.55078125,25563.94921875,25675.05078125,429800,25546.29013671875,25547.241214652604,54.181424978303774,-119.79215148035655,-159.62138271294373,39.829231232587176,25546.29013671875,26197.073163279787,24895.507110157716,0.0018831648283172964,0.008425061254342002
2026-02-05,25642.80078125,25642.80078125,25757.650390625,25579.5,25755.900390625,343800,25519.49521484375,25556.342125757117,50.87648751711744,-97.7383200395052,-147.24477017825603,49.506450138750836,25519.49521484375,26104.748397493146,24934.242032194357,-0.00516756745616076,0.008470798702072097
2026-02-06,25693.69921875,25693.69921875,25703.94921875,25491.900390625,25605.80078125,375500,25497.14267578125,25569.4237536612,52.07936891291439,-75.2855759472186,-132.85293133204854,57.56735538482994,25497.14267578125,26016.18087203522,24978.104479527283,0.0019849016468285186,0.00849597489043226
2026-02-09,25867.30078125,25867.30078125,25922.25,25780.900390625,25888.69921875,359400,25496.665234375,25597.792994383944,56.03381819170808,-42.98788170457556,-114.87992140655395,71.89203970197839,25496.665234375,26014.321173097233,24979.009295652766,0.006756581098813275,0.008363119805620708
2026-02-10,25935.150390625,25935.150390625,25989.44921875,25870.44921875,25922.650390625,460900,25509.25771484375,25629.922270216426,57.50963465675699,-11.781025561998831,-94.26014223764292,82.4791166756441,25509.25771484375,26055.902635807826,24962.61279387967,0.0026229876069705504,0.008189954374337767
2026-02-11,25953.849609375,25953.849609375,26009.400390625,25899.80078125,25997.44921875,331400,25517.4376953125,25660.772492993434,57.92877508279918,14.294722775484843,-72.54916923501737,86.84389201050222,25517.4376953125,26085.147197581973,24949.728193043025,0.0007209990483325601,0.008145380941838169
2026-02-12,25807.19921875,25807.19921875,25906.69921875,25752.400390625,25906.69921875,419400,25521.1826171875,25674.71789544644,53.47371194981853,22.862930650717317,-53.46674925787044,76.32967990858776,25521.1826171875,26095.462253045243,24946.902981329757,-0.00565042923620962,0.008237470479473288
2026-02-13,25471.099609375,25471.099609375,25630.349609375,25444.30078125,25571.150390625,453500,25511.4576171875,25655.325677725352,44.94290481672744,2.504002960078651,-42.27259881428063,44.77660177435928,25511.4576171875,26082.202048319963,24940.71318605504,-0.01302348257655217,0.008737138289281516
2026-02-16,25682.75,25682.75,25697.0,25372.69921875,25423.599609375,275800,25510.87763671875,25657.937517941984,50.31798271587606,3.4085323353901913,-33.13637258434647,36.54490491973666,25510.87763671875,26080.900601238594,24940.854672198904,0.008309432803093486,0.008945951389267726
2026-02-17,25725.400390625,25725.400390625,25764.400390625,25570.30078125,25637.94921875,344100,25517.87265625,25664.362553435603,51.34873481814145,7.480675886301469,-25.012962890216883,32.49363877651835,25517.87265625,26094.778854739314,24940.96645776069,0.00166066292063749,0.008895485406600477
2026-02-18,25819.349609375,25819.349609375,25828.05078125,25645.150390625,25752.650390625,310200,25547.21513671875,25679.12322542983,53.630857139884036,18.080376450274343,-16.394295022118637,34.474671472392984,25547.21513671875,26122.773124484727,24971.657148952774,0.003652002197183979,0.008272979527462644
2026-02-19,25454.349609375,25454.349609375,25885.30078125,25388.75,25873.349609375,298200,25562.0576171875,25657.71621437699,44.83215238681436,-2.9378681386369863,-13.703009645422307,10.765141506785321,25562.0576171875,26111.361744289763,25012.753490085237,-0.014136684522350174,0.00891947968297368
2026-02-20,25571.25,25571.25,25663.55078125,25379.75,25406.55078125,296600,25576.12509765625,25649.481336817276,47.786712475199764,-10.046286520111607,-12.971665020360168,2.925378500248561,25576.12509765625,26111.051669076045,25041.198526236458,0.004592550680687868,0.008902375787280259
2026-02-23,25713.0,25713.0,25771.44921875,25609.349609375,25678.400390625,313700,25609.342578125,25655.53073331087,51.199599861472265,-4.193380277443794,-11.216008071776894,7.022627794333101,25609.342578125,26088.75249379524,25129.93266245476,0.00554333479982394,0.008633855056264433
2026-02-24,25424.650390625,25424.650390625,25641.80078125,25327.599609375,25641.80078125,439100,25621.805078125,25633.542129245547,44.786486766747366,-22.562230205239757,-13.485252498469467,-9.07697770677029,25621.805078125,26067.1966901073,25176.413466142698,-0.011214156627970318,0.009023395228143653
2026-02-25,25482.5,25482.5,25652.599609375,25428.19921875,25512.599609375,414200,25628.792578125,25619.157164555494,46.24133129105031,-32.0818762075869,-17.204577240292956,-14.877298967293946,25628.792578125,26060.63192444722,25196.95323180278,0.002275335490801167,0.008919791585549735
2026-02-26,25496.55078125,25496.55078125,25572.94921875,25400.94921875,25556.30078125,405200,25632.67509765625,25607.480366145446,46.609308964076156,-38.053822848083655,-21.374426361851096,-16.67939648623256,25632.67509765625,26058.247133501885,25207.103061810616,0.0005513894339252978,0.008897661313383298
2026-02-27,25178.650390625,25178.650390625,25476.400390625,25141.30078125,25459.849609375,438900,25625.57509765625,25566.63941609588,39.94689959877203,-67.65861194279933,-30.631263478040744,-37.02734846475858,25625.57509765625,26075.75919450239,25175.39100081011,-0.012468368500212268,0.009302764975263141
2026-03-02,24865.69921875,24865.69921875,24989.349609375,24603.5,24659.25,519200,25614.4400390625,25499.883206824845,34.689963512452465,-115.0469748082578,-47.51440574408416,-67.53256906417364,25614.4400390625,26124.283838698742,25104.59623942626,-0.012429227421638323,0.00949389275797291
2026-03-04,24480.5,24480.5,24602.44921875,24305.400390625,24388.80078125,599000,25552.0875,25402.799091889145,29.537480529719986,-181.5916757021805,-74.32985973570344,-107.26181596647707,25552.0875,26258.48295437067,24845.692045629334,-0.015491187895474101,0.007902572515451397
2026-03-05,24765.900390625,24765.900390625,24854.19921875,24529.400390625,24615.94921875,504300,25501.58251953125,25342.14207272113,37.003405863648155,-208.89143383756527,-101.24217455607581,-107.64925928148946,25501.58251953125,26277.715367956822,24725.449671105678,0.011658274570576665,0.008466898355954176
2026-03-06,24450.44921875,24450.44921875,24700.900390625,24415.75,24656.400390625,433400,25441.96494140625,25257.2189437715,32.85917115026558,-253.06380011785222,-131.6064996684311,-121.45730044942113,25441.96494140625,26339.268067241064,24544.66181557144,-0.012737318930444053,0.008781068718362518
2026-03-09,24028.05078125,24028.05078125,24078.150390625,23697.80078125,23868.05078125,526900,25358.68251953125,25140.15530924564,28.290244488826048,-318.4834632990678,-168.98189239455846,-149.50157090450935,25358.68251953125,26437.832960220403,24279.532078842094,-0.017275692308183932,0.009321211365499609
2026-03-10,24261.599609375,24261.599609375,24303.80078125,24079.94921875,24280.80078125,444300,25278.3974609375,25056.48333782939,33.77339476958866,-347.47806823963765,-204.6811275635743,-142.79694067606334,25278.3974609375,26430.68327019952,24126.11165167548,0.009719840791548862,0.009511161379086707
2026-03-11,23866.849609375,23866.849609375,24299.0,23834.30078125,24231.849609375,407400,25174.982421875,24943.184887500403,29.64707493129376,-397.724803526522,-243.28986275616387,-154.43494077035814,25174.982421875,26438.7911456655,23911.1736980845,-0.01627056774308744,0.00983957901341671
2026-03-12,23639.150390625,23639.150390625,23833.150390625,23556.30078125,23674.849609375,501000,25059.2474609375,24818.991125893222,27.555736672060263,-450.7234676712178,-284.77658373917467,-165.94688393204314,25059.2474609375,26435.49720283976,23682.997719035237,-0.009540396930332928,0.009842460170977504
2026-03-13,23151.099609375,23151.099609375,23492.400390625,23112.0,23462.5,519800,24926.44248046875,24660.14431479625,23.69716188564169,-526.0430136658215,-333.02986972450407,-193.01314394131742,24926.44248046875,26488.43927272487,23364.445688212632,-0.02064586811222946,0.010476333821502645
2026-03-16,23408.80078125,23408.80078125,23502.0,22955.25,23116.099609375,540300,24823.3275390625,24540.968740172797,29.32470211606497,-558.5019033562821,-378.12427645085967,-180.37762690542246,24823.3275390625,26496.235247898047,23150.41983022695,0.011131271353117311,0.010929312800161012
2026-03-17,23581.150390625,23581.150390625,23656.80078125,23346.599609375,23493.19921875,458800,24718.24755859375,24449.557468787294,32.88959409971412,-563.8192765441818,-415.2632764695241,-148.55600007465767,24718.24755859375,26425.68201222512,23010.81310496238,0.007362598835607637,0.01087438904476381
2026-03-18,23777.80078125,23777.80078125,23862.25,23618.44921875,23632.900390625,382900,24620.867578125,24385.58064140279,36.80630630846443,-545.8728081196678,-441.38518279955287,-104.48762532011489,24620.867578125,26309.48169445017,22932.253461799828,0.008339304375208911,0.011162655133688472
2026-03-19,23002.150390625,23002.150390625,23378.69921875,22930.349609375,23197.75,550100,24480.0076171875,24253.825379423954,29.494445472233693,-587.466656804223,-470.60147760048693,-116.86517920373609,24480.0076171875,26214.60519306704,22745.41004130796,-0.03262077926216955,0.012715082609238128
2026-03-20,23114.5,23114.5,23345.150390625,23067.599609375,23110.150390625,663300,24363.01513671875,24145.318200431197,31.613614347003022,-604.3972912729914,-497.36064033498786,-107.03665093800356,24363.01513671875,26134.210646896467,22591.819626541033,0.004884308965338757,0.0127607530917925
2026-03-23,22512.650390625,22512.650390625,22851.69921875,22471.25,22824.349609375,550300,24210.08515625,23989.826028068703,26.941943329429208,-658.7851100089392,-529.6455342697782,-129.13957573916105,24210.08515625,26063.83456253897,22356.33574996103,-0.026037751600726855,0.013404615926126774
2026-03-24,22912.400390625,22912.400390625,23057.30078125,22624.19921875,22878.44921875,538100,24070.05517578125,23887.214062597875,33.92608897979228,-662.0002373945536,-556.1164748947333,-105.88376249982025,24070.05517578125,25870.888267511476,22269.222084051024,0.017756683156527453,0.0142239514215094
2026-03-25,23306.44921875,23306.44921875,23465.349609375,23063.19921875,23064.400390625,505400,23964.1451171875,23831.903125088553,40.01365677958581,-625.5409550411787,-570.0013709240224,-55.53958411715632,23964.1451171875,25681.050832284447,22247.239402090556,0.01719805962740728,0.015034968003677802
2026-03-27,22819.599609375,22819.599609375,23186.099609375,22804.55078125,23173.55078125,612600,23831.00009765625,23735.493266449168,35.64415796676654,-628.6843242581526,-581.7379615908484,-46.94636266730424,23831.00009765625,25467.389850584113,22194.61034472839,-0.02088905112938999,0.015395209914586032
2026-03-30,22331.400390625,22331.400390625,22714.099609375,22283.849609375,22549.650390625,698600,23672.742578125,23601.770135418294,31.884177886604505,-662.9272512172283,-597.9758195161244,-64.95143170110396,23672.742578125,25245.173083386304,22100.312072863693,-0.02139385559374285,0.015727901867284753
2026-04-01,22679.400390625,22679.400390625,22941.30078125,22618.599609375,22899.0,518000,23547.780078125,23513.925397818934,36.98682347464176,-654.4403449747115,-609.2687246078418,-45.17162036686966,23547.780078125,25015.386721812298,22080.173434437704,0.015583438293735208,0.016402792776963188
2026-04-02,22713.099609375,22713.099609375,22782.30078125,22182.55078125,22383.400390625,495100,23440.15009765625,23437.65627510999,37.47527834171478,-637.6447930613467,-614.9439382985428,-22.700854762803942,23440.15009765625,24818.369432359435,22061.930762953063,0.0014858954897207788,0.016369958311125966
2026-04-06,22968.25,22968.25,22998.349609375,22542.94921875,22780.30078125,426400,23364.53759765625,23392.950915575704,41.192245735722665,-596.8654002239673,-611.3282306836277,14.462830459660381,23364.53759765625,24670.17609681939,22058.89909849311,0.01123362266767347,0.01650620237820984
2026-04-07,23123.650390625,23123.650390625,23153.849609375,22719.30078125,22838.69921875,477000,23282.42509765625,23367.30324653278,43.3992331254767,-545.7172362106467,-598.2060317890315,52.48879557838484,23282.42509765625,24421.092667085893,22143.757528226608,0.0067658785769486585,0.0163118178158749
2026-04-08,23997.349609375,23997.349609375,24025.150390625,23828.5,23855.150390625,639300,23259.7701171875,23427.307662041563,53.87913517623211,-429.72808471917597,-564.5104423750604,134.78235765588443,23259.7701171875,24319.901327515046,22199.638906859956,0.03778379295615997,0.018533579536198466
2026-04-09,23775.099609375,23775.099609375,23990.75,23682.80078125,23909.05078125,466600,23247.12255859375,23460.430704644747,51.278184853340086,-351.685551958406,-521.9454642917295,170.25991233332354,23247.12255859375,24275.859746366314,22218.385370821186,-0.009261439434677166,0.0182423113530043
2026-04-10,24050.599609375,24050.599609375,24074.05078125,23856.349609375,23880.55078125,481300,23236.57255859375,23516.63726700001,54.22787905826038,-264.55609692408325,-470.4675908182003,205.91149389411703,23236.57255859375,24227.09632328608,22246.04879390142,0.011587753764504383,0.018301377405838187
2026-04-13,23842.650390625,23842.650390625,23907.400390625,23555.599609375,23589.599609375,488800,23235.36259765625,23547.686135916676,51.684370855360235,-209.86593624849047,-418.34725990425835,208.48132365576788,23235.36259765625,24222.858272556157,22247.866922756344,-0.008646321593950623,0.01802807485553022
2026-04-15,24231.30078125,24231.30078125,24280.900390625,24145.80078125,24163.80078125,460300,23264.9701171875,23612.792292615086,55.85216651842642,-133.62243519925323,-361.40229496325736,227.77985976400413,23264.9701171875,24331.464816589578,22198.47541778542,0.016300637062472756,0.018225422187271745
2026-04-16,24196.75,24196.75,24400.94921875,24102.80078125,24385.19921875,508000,23317.25263671875,23668.40731236603,55.394688375326396,-75.12092336353453,-304.1460206433128,229.02509727977827,23317.25263671875,24456.34286490592,22178.162408531578,-0.0014258739785333319,0.017494068738393882
2026-04-17,24353.55078125,24353.55078125,24371.900390625,24096.05078125,24165.900390625,498600,23364.49013671875,23733.65907130736,57.11158959511016,-15.92200221460007,-246.50121695757025,230.57921474297018,23364.49013671875,24589.93192588903,22139.04834754847,0.006480241406387144,0.017401961788117752
2026-04-20,24364.849609375,24364.849609375,24480.650390625,24241.25,24391.5,415900,23403.67509765625,23793.77245588523,57.23931381553203,31.54169725069005,-190.8926341159182,222.43433136660826,23403.67509765625,24702.259409810154,22105.090785502347,0.00046394992773279853,0.017360989869137606
2026-04-21,24576.599609375,24576.599609375,24601.69921875,24354.900390625,24374.55078125,425800,23443.6150390625,23868.327422884257,59.663711945685435,85.2606447263388,-135.66197834746683,220.92262307380562,23443.6150390625,24831.814159040365,22055.415919084637,0.008690798564113589,0.017368156441616957
2026-04-22,24378.099609375,24378.099609375,24515.94921875,24352.900390625,24470.849609375,440500,23512.4125,23916.877154930993,56.43359133451672,110.5417500736221,-86.42123266324904,196.96298273687114,23512.4125,24942.041301279525,22082.783698720472,-0.00807678861823835,0.015583716423365757
2026-04-23,24173.05078125,24173.05078125,24310.19921875,24134.80078125,24202.349609375,467500,23565.3400390625,23941.27464315185,53.22784734791537,112.73197737478768,-46.590590655641705,159.32256803042938,23565.3400390625,25010.419596762495,22120.260481362504,-0.008411190019346093,0.01578250485424323
2026-04-24,23897.94921875,23897.94921875,24206.0,23813.650390625,24100.55078125,438400,23634.60498046875,23937.148412256436,49.19052819401211,91.21784873752767,-19.02890277700783,110.2467515145355,23634.60498046875,25001.92318547713,22267.28677546037,-0.011380506539678703,0.014697486534499794
2026-04-27,24092.69921875,24092.69921875,24130.69921875,23936.19921875,23945.44921875,430300,23693.619921875,23951.962774779633,51.96802589741647,88.85814283953005,2.548506346299746,86.3096364932303,23693.619921875,25032.754789176135,22354.485054573866,0.008149234824183171,0.01434576617697281
2026-04-28,23995.69921875,23995.69921875,24181.80078125,23957.05078125,24049.900390625,554100,23728.082421875,23956.12815039586,50.48764625612828,78.25885026600736,17.69057513024127,60.568275135766086,23728.082421875,25061.049670851902,22395.115172898095,-0.004026115924964935,0.013990605202210727
2026-04-29,24177.650390625,24177.650390625,24334.69921875,24059.94921875,24096.900390625,531100,23795.9849609375,23977.22550660816,53.18178256352875,83.5773458606418,30.86792927632138,52.70941658432042,23795.9849609375,25074.15268670127,22517.817235173734,0.007582657634449097,0.01300063466062798
2026-04-30,23997.55078125,23997.55078125,24087.44921875,23796.849609375,23996.94921875,505500,23879.29248046875,23979.16124705024,50.26620444223322,72.42488957169917,39.17932133539694,33.245568236302226,23879.29248046875,24967.904591005128,22790.680369932372,-0.007449012061355398,0.011957004751525037
2026-05-04,24119.30078125,24119.30078125,24290.19921875,24004.75,24063.55078125,419100,23951.2875,23992.50786935498,52.1749925530127,72.57410598837669,45.858278265992894,26.715827722383793,23951.2875,24893.58033521212,23008.99466478788,0.005073434414612388,0.01163248200275615
2026-05-05,24032.80078125,24032.80078125,24081.69921875,23882.05078125,24052.599609375,363300,24017.27255859375,23996.345289535457,50.68655468890956,64.96367319815909,49.679357252426136,15.28431594573295,24017.27255859375,24769.074865033115,23265.470252154388,-0.0035863394542201554,0.01172550192342349
2026-05-06,24330.94921875,24330.94921875,24356.5,23997.900390625,24171.0,429200,24085.40751953125,24028.212330413033,55.40850546771898,82.04467758533065,56.15242131900704,25.892256266323606,24085.40751953125,24673.81737677138,23496.99766229112,0.01240589643353629,0.011772229522606155
2026-05-07,24326.650390625,24326.650390625,24482.099609375,24284.0,24398.5,440600,24145.55751953125,24056.63500281417,55.3262453105052,94.14932233926447,63.75180152305853,30.39752081620594,24145.55751953125,24543.55040849743,23747.564630565066,-0.00017668148029703623,0.011756167438972433
2026-05-08,24176.150390625,24176.150390625,24253.80078125,24126.650390625,24233.650390625,335900,24154.49755859375,24068.01742070092,52.39358145109469,90.55439361554454,69.11231994155574,21.4420736739888,24154.49755859375,24546.76368037801,23762.23143680949,-0.006186630612244115,0.008488137850197414
2026-05-11,23815.849609375,23815.849609375,23997.44921875,23799.099609375,23970.099609375,390100,24156.53505859375,24044.00143866988,46.09429122724844,57.96395245176973,66.88264644359855,-8.918693991828818,24156.53505859375,24541.247978317533,23771.822138869964,-0.014903149402549887,0.008909585281518397
2026-05-12,23379.55078125,23379.55078125,23757.55078125,23348.400390625,23722.599609375,447500,24122.9826171875,23980.72042367751,39.846739655566196,-3.034891757190053,52.89913880344083,-55.93403056063088,24122.9826171875,24634.83944763208,23611.12578674292,-0.018319683541890175,0.009381450545660168
2026-05-13,23412.599609375,23412.599609375,23582.94921875,23262.55078125,23362.44921875,415400,24101.480078125,23926.613679458223,40.504553692430555,-48.15504960030739,32.688301122691186,-80.84335072299858,24101.480078125,24689.15307413221,23513.807082117793,0.0014135784059419176,0.009239519630594934
2026-05-14,23689.599609375,23689.599609375,23777.19921875,23426.55078125,23530.25,428700,24074.39501953125,23904.04091087887,45.849628564510446,-60.85995902611103,13.978649092930745,-74.83860811904177,24074.39501953125,24685.118827611102,23463.671211451398,0.011831236369372666,0.008848151270839034
2026-05-15,23643.5,23643.5,23839.30078125,23610.30078125,23731.400390625,408900,24046.73251953125,23879.22749079517,45.12306960614978,-73.79784882238164,-3.576650490131732,-70.22119833224991,24046.73251953125,24682.391759574868,23411.073279487635,-0.0019459851637491088,0.008849946658102218
2026-05-18,23649.94921875,23649.94921875,23695.650390625,23317.099609375,23482.19921875,392000,24011.55244140625,23857.391464886106,45.25377207386001,-82.57890344826592,-19.37710108175857,-63.20180236650735,24011.55244140625,24653.24709330563,23369.85778950687,0.0002727692071817778,0.008676577756952663
2026-05-19,23618.0,23618.0,23782.30078125,23587.19921875,23675.30078125,442000,23974.2099609375,23834.592277754095,44.68596224074382,-91.06623260303604,-33.71492738601407,-57.351305217021974,23974.2099609375,24616.243534774923,23332.176387100077,-0.0013509212410769411,0.00866522221963032
2026-05-20,23659.0,23659.0,23690.900390625,23397.30078125,23457.25,344100,23928.32998046875,23817.869203682276,45.628775187545116,-93.4074023669964,-45.653422382210536,-47.75397998478586,23928.32998046875,24520.853419405237,23335.80654153226,0.0017359640951817301,0.00836836916257603
2026-05-21,23654.69921875,23654.69921875,23859.900390625,23596.599609375,23830.05078125,348200,23892.1599609375,23802.329205117298,45.54108686801519,-94.52026262517393,-55.426790430803216,-39.09347219437071,23892.1599609375,24458.169818954157,23326.150102920845,-0.00018178203854768427,0.008245352357649399
2026-05-22,23719.30078125,23719.30078125,23835.650390625,23671.0,23671.19921875,336100,23869.4724609375,23794.421736177555,47.18302508543115,-89.16160670066893,-62.17375368477636,-26.98785301589257,23869.4724609375,24424.904182538205,23314.040739336797,0.002731024474358801,0.00812744285786589
2026-05-25,24031.69921875,24031.69921875,24054.44921875,23922.849609375,23940.25,351200,23876.1599609375,23817.019591660646,54.35061695858817,-59.0264697888706,-61.54429690559521,2.517827116724611,23876.1599609375,24436.005319744992,23316.31460213001,0.01317064277657587,0.008315549208552542
2026-05-26,23913.69921875,23913.69921875,24089.80078125,23885.44921875,24004.099609375,387900,23867.2099609375,23826.227175192966,51.50729322391168,-44.1567588774742,-58.06678929997101,13.91003042249681,23867.2099609375,24418.58134659232,23315.83857528268,-0.004910181295375682,0.008179372335742884
2026-05-27,23907.150390625,23907.150390625,23983.19921875,23858.25,23880.349609375,531600,23862.78251953125,23833.934148091255,51.34674665362151,-32.52590318333023,-52.95861207664286,20.43270889331263,23862.78251953125,24411.3708402959,23314.194198766603,-0.00027385257567613674,0.008133299611862795
2026-05-29,23547.75,23547.75,24002.80078125,23484.75,23902.150390625,1198000,23831.2875,23806.678514939707,43.35920321299189,-51.712860473580804,-52.70946175603045,0.996601282449646,23831.2875,24376.266529946388,23286.30847005361,-0.015033175629577955,0.00856200374923207
2026-06-01,23382.599609375,23382.599609375,23733.69921875,23357.94921875,23654.5,421700,23800.53994140625,23766.29004774307,40.259935314702204,-79.33044665712441,-58.033658736249244,-21.29678792087517,23800.53994140625,24373.214336279732,23227.865546532765,-0.007013425513053284,0.008546035818822392
2026-06-02,23483.55078125,23483.55078125,23556.94921875,23229.150390625,23229.150390625,511900,23768.75244140625,23739.362498553255,42.94460574083933,-92.01102101993456,-64.82913119298631,-27.18188982694825,23768.75244140625,24337.68909240217,23199.81579041033,0.00431736306319519,0.008518160994537192
2026-06-03,23405.599609375,23405.599609375,23459.650390625,23151.5,23415.94921875,450100,23737.3923828125,23707.575556726755,41.39758456191831,-107.11571241079582,-73.28644743654822,-33.82926497424761,23737.3923828125,24313.748861455766,23161.035904169235,-0.0033193946094914883,0.0085145986101137
2026-06-04,23416.55078125,23416.55078125,23465.30078125,23247.30078125,23282.44921875,412500,23691.6724609375,23679.858911443254,41.71524653790929,-116.85558269667672,-82.00027448857392,-34.8553082081028,23691.6724609375,24215.076194789355,23168.268727085648,0.00046788683297016576,0.007900473414890516
2026-06-05,23366.69921875,23366.69921875,23516.349609375,23282.650390625,23478.94921875,366200,23643.67490234375,23650.034178805803,40.635411920576125,-127.13161046827372,-91.02654168451389,-36.10506878375983,23643.67490234375,24096.68542482172,23190.664379865782,-0.0021289028843615165,0.00789032618744414
2026-06-08,23123.0,23123.0,23267.30078125,23070.150390625,23080.69921875,375700,23591.0173828125,23599.840447490966,35.76188984333896,-153.17422961447664,-103.45607927050645,-49.718150343970194,23591.0173828125,24028.786406025774,23153.248359599227,-0.010429338627102713,0.008064450773608785
2026-06-09,23242.099609375,23242.099609375,23279.400390625,23104.44921875,23259.05078125,402600,23562.3298828125,23565.769891479922,39.57596195504855,-162.33159224765768,-115.2311818659367,-47.10041038172098,23562.3298828125,24012.428364885054,23112.231400739947,0.005150698844224255,0.007636356383652059
2026-06-10,23214.94921875,23214.94921875,23425.349609375,23184.599609375,23233.94921875,380000,23554.0998046875,23532.358398838976,39.00737963688033,-169.82207456285323,-126.14936040532001,-43.67271415753322,23554.0998046875,24022.89691643153,23085.302692943467,-0.0011681556778996294,0.006488277121116419
2026-06-11,23161.599609375,23161.599609375,23327.44921875,23072.05078125,23104.400390625,363000,23541.5498046875,23497.048037937646,37.85646844866648,-178.0112010612247,-136.52172853650094,-41.489472524723766,23541.5498046875,24037.480789390942,23045.618819984058,-0.0022980713363744965,0.006488766590703308
2026-06-12,23622.900390625,23622.900390625,23645.349609375,23313.900390625,23412.55078125,351900,23538.21484375,23509.03397628882,51.250294658605334,-145.59964296381077,-138.3373114219629,-7.262331541847857,23538.21484375,24031.005761243396,23045.423926256604,0.019916620139797336,0.007475545216058404
2026-06-15,23853.900390625,23853.900390625,24011.400390625,23817.80078125,23984.849609375,398900,23548.73486328125,23541.87839670179,56.32650019377324,-100.1193664719467,-130.69372243195969,30.57435596001298,23548.73486328125,24058.74926032908,23038.72046623342,0.009778646829145199,0.00777796709466993
2026-06-16,23989.150390625,23989.150390625,24002.599609375,23888.19921875,23923.900390625,327300,23565.694921875,23584.475729456382,59.017278835625675,-52.55653598433855,-115.06628514243546,62.50974915809691,23565.694921875,24109.485698774122,23021.90414497588,0.005669932287180934,0.00786385476482322
2026-06-17,24085.69921875,24085.69921875,24108.19921875,23969.69921875,24044.5,352700,23589.0798828125,23632.2112998653,60.870628096507204,-6.99137440163031,-93.45130299427444,86.45992859264413,23589.0798828125,24178.19338033442,22999.96638529058,0.004024687267071059,0.007880420136063031
2026-06-18,24168.0,24168.0,24189.25,24036.94921875,24073.80078125,340000,23614.5298828125,23683.238795116224,62.43030893336255,35.3528045381172,-67.69048148779612,103.04328602591332,23614.5298828125,24255.244982386313,22973.81478323869,0.0034169978003351087,0.007897513005144546
2026-06-19,24013.099609375,24013.099609375,24047.19921875,23901.900390625,23991.19921875,447900,23632.44990234375,23714.654110759915,57.763504200771955,55.768836027513316,-42.99861798473424,98.76745401224755,23632.44990234375,24296.28736791673,22968.612436770767,-0.006409317718677587,0.008071332270257029
2026-06-22,24102.900390625,24102.900390625,24168.05078125,24073.150390625,24106.599609375,252800,23651.6298828125,23751.62994693754,59.64678290220107,78.29235508869169,-18.740423370049054,97.03277845874075,23651.6298828125,24345.866738249235,22957.393027375765,0.0037396580495980825,0.008087279742613364
2026-06-23,23824.099609375,23824.099609375,24135.5,23784.94921875,24071.30078125,340100,23641.24990234375,23758.531819550633,51.90820309820255,72.80624809857545,-0.4310890763241525,73.23733717489961,23641.24990234375,24318.44445102284,22964.05535366466,-0.011567105067506356,0.007992260064200422
2026-06-24,24021.650390625,24021.650390625,24090.05078125,23789.25,23795.80078125,395600,23646.6474609375,23783.590731081524,56.24048028897934,83.43735197414208,16.342599133769095,67.09475284037298,23646.6474609375,24334.08553269412,22959.20938918088,0.008292056551520766,0.008144205877056833
2026-06-25,24056.0,24056.0,24261.599609375,24039.0,24125.849609375,448800,23654.08994140625,23809.53447097852,56.966386942058975,93.55585117751252,31.785249542517782,61.77060163499474,23654.08994140625,24355.724522517085,22952.45536029542,0.0014299437722400388,0.00814727464768762
2026-06-29,23946.25,23946.25,24120.0,23924.55078125,24061.75,588500,23674.01494140625,23822.554997551993,53.89038285093028,91.66230096730942,43.76065982747611,47.90164113983331,23674.01494140625,24385.009263641256,22963.020619171246,-0.004562271366810755,0.007410376679626233
2026-06-30,23865.75,23865.75,24035.55078125,23829.19921875,24032.05078125,449000,23698.1724609375,23826.668807308946,51.68585313482208,82.71251318475697,51.551030498932285,31.161482685824687,23698.1724609375,24400.701087145007,22995.643834729995,-0.0033616954637991636,0.007249266643062601
2026-07-01,24005.849609375,24005.849609375,24049.900390625,23895.099609375,23897.650390625,352100,23724.28740234375,23843.73364560095,55.12635474983766,85.93401566213288,58.427627531572405,27.506388130560474,23724.28740234375,24431.775255552653,23016.79954913485,0.0058703208311072785,0.007294305250936913
2026-07-02,24175.69921875,24175.69921875,24194.55078125,24058.80078125,24062.19921875,372900,23762.7923828125,23875.34941447229,58.94352412461664,101.02793640609525,66.94768930647697,34.080247099618276,23762.7923828125,24480.462691572247,23045.12207405275,0.007075342557701703,0.007331146892709567
2026-07-03,24270.849609375,24270.849609375,24378.150390625,24252.349609375,24375.650390625,326600,23805.50732421875,23913.01609970112,60.94766301340289,119.29268682337351,77.41668880985628,41.87599801351723,23805.50732421875,24537.21777717122,23073.79687126628,0.003935786500487426,0.00734283259614399
2026-07-06,24430.349609375,24430.349609375,24458.650390625,24287.099609375,24306.849609375,329400,23858.68984375,23962.285957765296,64.11030953293991,144.96686237168615,90.92672352222226,54.04013884946389,23858.68984375,24609.4639316113,23107.9157558887,0.006571669412775316,0.0073543656096612744
2026-07-07,24398.69921875,24398.69921875,24530.900390625,24348.94921875,24464.44921875,412600,23922.4748046875,24003.849125478126,63.01966608531292,160.905095673108,104.92239795239941,55.9826977207086,23922.4748046875,24627.784496819226,23217.165112555773,-0.0012955357222089736,0.006787028135374027
2026-07-08,23882.05078125,23882.05078125,24300.0,23805.19921875,24259.55078125,420500,23954.47236328125,23992.249283170684,48.51181282998679,130.3445188218211,110.00682212628375,20.33769669553736,23954.47236328125,24587.805708247368,23321.13901831513,-0.02117524515827318,0.008599673497938174
2026-07-09,23962.80078125,23962.80078125,24134.69921875,23925.69921875,23928.94921875,384800,23991.86494140625,23989.444663940143,50.43249800068907,111.357234749481,110.27690465092321,1.0803300985577806,23991.86494140625,24526.79791150654,23456.93197130596,0.0033812004144717633,0.008588489398489024
2026-07-10,24206.900390625,24206.900390625,24228.44921875,24120.349609375,24124.69921875,313100,24044.12998046875,24010.154733148225,55.80008677149363,114.68446267999025,111.15841625673663,3.526046423253618,24044.12998046875,24427.02251086995,23661.237450067554,0.01018660596494203,0.008740953142649966
2026-07-13,24211.0,24211.0,24259.80078125,24000.19921875,24039.400390625,322700,24073.5349609375,24029.282853800774,55.88648680794781,116.31135411209834,112.18900382780897,4.122350284289368,24073.5349609375,24410.032101405646,23737.037820469355,0.0001693570555851842,0.007692243268749407
2026-07-14,24052.05078125,24052.05078125,24157.099609375,24023.69921875,24068.0,355800,24083.44248046875,24031.451227843558,51.66927440479508,103.58078887671581,110.46736083759035,-6.886571960874534,24083.44248046875,24404.817860468967,23762.067100468536,-0.006565165369047166,0.007607143605355545
2026-07-15,24078.5,24078.5,24220.349609375,24010.55078125,24085.849609375,306900,24087.9099609375,24035.93206328703,52.314108080658805,94.53620064242568,107.28112879855742,-12.744928156131735,24087.9099609375,24406.389139730312,23769.43078214469,0.0010996658451518648,0.00750983595308133
2026-07-16,24072.75,24072.75,24186.5,24050.0,24142.099609375,264300,24087.2625,24039.438533450168,52.15120532733244,85.91395971080419,103.00769498100678,-17.093735270202586,24087.2625,24405.809667478858,23768.715332521144,-0.00023880225097083763,0.007456258711101838
2026-07-17,24334.30078125,24334.30078125,24367.30078125,24099.05078125,24127.599609375,387800,24095.5775390625,24067.520652288247,58.484032335075014,99.04401606397005,102.21495919759944,-3.170943133629393,24095.5775390625,24430.387353897277,23760.76772422772,0.010865014643113069,0.007813362282224122
2026-07-20,24238.5,24238.5,24266.099609375,24135.849609375,24190.05078125,353100,24106.84755859375,24083.804399689365,55.58227777717964,100.56016295246809,101.88399994857318,-1.3238369961050864,24106.84755859375,24444.951688914178,23768.74342827332,-0.003936861885253551,0.007719414945721266
2026-07-21,24187.69921875,24187.69921875,24262.19921875,24135.650390625,24216.05078125,315600,24111.0875,24093.699144361806,54.05079719633853,96.5495585864519,100.81711167614893,-4.2675530896970315,24111.0875,24451.009221415727,23771.165778584276,-0.002095871495760848,0.007700609163544377
2026-07-22,23996.25,23996.25,24166.30078125,23961.400390625,24150.44921875,304700,24119.69501953125,24084.418273470204,48.61443608592338,77.03476496821895,96.06064233456294,-19.02587736634399,24119.69501953125,24438.153085104215,23801.236953958283,-0.0079151479856997,0.0074458877348013005
2026-07-23,23869.599609375,23869.599609375,23990.75,23807.19921875,23904.80078125,344000,24112.09248046875,24063.959353080183,45.363905555961416,50.76434262523617,87.0013823926976,-36.237039767461425,24112.09248046875,24446.41468749733,23777.77027344017,-0.0052779242850445884,0.0073045220166363225
2026-07-24,23767.44921875,23767.44921875,23823.599609375,23606.30078125,23666.349609375,333900,24097.66494140625,24035.720292667786,42.8739007965717,21.45484276107163,73.8920744663724,-52.437231705300775,24097.66494140625,24463.814152624116,23731.51573018838,-0.004279518395644999,0.00734513921268643
2026-07-27,23995.94921875,23995.94921875,24011.599609375,23891.55078125,23928.400390625,319400,24100.14990234375,24031.93257134228,49.545371842013935,16.474979987026018,62.408655570503136,-45.93367558347712,24100.14990234375,24462.812921554294,23737.486883133206,0.009613989195766948,0.007619257984167075
2026-07-28,23985.349609375,23985.349609375,24041.150390625,23954.599609375,23971.25,437800,24106.1298828125,24027.49609877397,49.25799477786303,11.540076154233248,52.23493968724916,-40.69486353301591,24106.1298828125,24456.884189196142,23755.375576428858,-0.0004417249460887396,0.007576658878285097
2026-07-29,24250.19921875,24250.19921875,24283.55078125,24136.75,24176.650390625,424200,24118.34736328125,24048.705919724067,56.1085135419815,28.669791834759963,47.52191011675132,-18.85211828199136,24118.34736328125,24471.29422074566,23765.400505816837,0.011042140877174367,0.007860532220687137
2026-07-30,24317.150390625,24317.150390625,24342.94921875,24187.099609375,24249.55078125,400600,24125.419921875,24074.27205980987,57.66449393391866,47.1046221974575,47.43845253289256,-0.33383033543506,24125.419921875,24488.211985631664,23762.627858118336,0.0027608503860552247,0.0077297346002922
2026-07-31,24383.599609375,24383.599609375,24429.400390625,24299.69921875,24361.44921875,411700,24131.057421875,24103.731826435123,59.21007955410133,66.31185292666123,51.2131326116463,15.09872031501493,24131.057421875,24506.01388242218,23756.100961327822,0.0027326071386892803,0.007704756088728834
2026-08-03,24774.30078125,24774.30078125,24774.30078125,24515.150390625,24572.69921875,342300,24148.25498046875,24167.59553641749,66.86892575744429,111.77160748884125,63.324827587085295,48.44677990175596,24148.25498046875,24600.191441042603,23696.3185198949,0.01602311299947612,0.008373117701357773
2026-08-04,24614.900390625,24614.900390625,24703.900390625,24427.94921875,24703.900390625,296500,24159.0650390625,24210.195998722967,61.77283260893277,133.3987731217312,77.33961669401448,56.05915642771673,24159.0650390625,24643.612518052065,23674.517560072938,-0.006434102501316152,0.008516242473393668
2026-08-05,24624.650390625,24624.650390625,24677.599609375,24497.94921875,24669.19921875,355500,24196.19501953125,24249.66784557078,61.96377849102756,149.60069749938702,91.791832855089,57.808864644298026,24196.19501953125,24703.421085214315,23688.968953848183,0.00039610154196334513,0.006828645941042369
2026-08-06,24636.0,24636.0,24677.05078125,24604.150390625,24641.0,344000,24229.85498046875,24286.46138408785,62.20047156103643,161.49504358587728,105.73247500124667,55.762568584630614,24229.85498046875,24759.51281332266,23700.19714761484,0.0004609043862535689,0.006818740069713451
2026-08-07,24570.650390625,24570.650390625,24630.400390625,24522.75,24538.900390625,254800,24248.04248046875,24313.527003758052,59.88954597859449,163.76050209568348,117.33808042013403,46.422421675549444,24248.04248046875,24797.894459601524,23698.190501335976,-0.0026526063230638552,0.006547792537347622
2026-08-10,24583.80078125,24583.80078125,24620.94921875,24511.099609375,24581.25,269500,24266.68251953125,24339.26736351919,60.20991278729754,164.7182514384549,126.8141146237982,37.904136814656695,24266.68251953125,24835.206655314476,23698.15838374802,0.0005352072662276885,0.006546548006002519
2026-08-11,24471.69921875,24471.69921875,24576.849609375,24429.25,24575.099609375,271800,24287.66494140625,24351.87992116022,56.09666673795038,154.64891899831127,132.38107549870082,22.26784349961045,24287.66494140625,24853.926062827522,23721.403819984975,-0.00455997685213505,0.006442592495104607
2026-08-12,24283.0,24283.0,24473.30078125,24265.94921875,24472.44921875,0,24297.88994140625,24345.31992866877,49.915186200915706,129.94453090134994,131.89376657923066,-1.949235677880722,24297.88994140625,24856.00087386166,23739.77900895084,-0.0077109160693434875,0.006722283229074603
